donor_id,name,age,gender,blood_group,city,latitude,longitude,last_donation_date,total_donations,previous_requests_received,previous_requests_responded,average_response_time_minutes,availability_preference,current_availability,donor_status
D00001,Roja Chandran,34,M,B+,Coimbatore Central,10.977251,76.984337,2025-01-09,4,5,2,27.2,weekends,1,active
D00002,Karthik Rajan,43,F,A-,RS Puram,10.987678,76.950003,2024-11-30,1,5,0,33.4,anytime,0,active
D00003,Nithya Rajan,21,M,B+,Gandhipuram,11.010749,76.9547,2024-10-06,3,7,5,33.8,anytime,1,active
D00004,Geetha Gowda,28,F,A+,Singanallur,11.004152,77.017237,2024-05-02,1,2,2,40.9,weekends,1,active
D00005,Senthil Reddy,29,F,O+,RS Puram,10.981403,76.965342,2026-08-29,3,5,4,9.7,anytime,0,inactive
D00006,Vijay Gowda,28,F,A-,Ukkadam,11.001713,76.956962,2025-01-03,3,4,2,28.0,weekdays,1,active
D00007,Roja Chandran,22,M,O+,Peelamedu,11.019392,77.005271,2025-07-08,2,3,2,29.3,weekends,1,active
D00008,Naveen Balan,35,F,A+,Gandhipuram,11.003519,76.957294,2025-11-01,2,6,4,36.1,weekends,0,active
D00009,Muthu Pillai,21,M,A+,Singanallur,11.020387,77.047495,2025-10-25,4,9,3,40.4,weekdays,1,active
D00010,Meena Moorthy,41,M,A-,Ukkadam,10.974448,76.986209,2024-11-27,3,4,1,36.4,weekdays,1,active
D00011,Divya Sharma,32,F,O+,Saibaba Colony,11.030556,76.951167,2025-06-27,4,6,4,66.6,anytime,0,active
D00012,Muthu Balan,33,M,O+,Singanallur,10.995747,77.056974,2025-02-08,5,5,4,23.1,anytime,1,active
D00013,Arun Krishnan,18,M,O+,Kalapatti,11.086994,77.019317,2024-11-27,2,3,0,50.7,anytime,1,active
D00014,Senthil Raj,27,F,A+,Peelamedu,11.023218,77.015679,2025-07-09,3,4,4,18.0,weekends,1,inactive
D00015,Kavya Nair,40,F,AB+,RS Puram,11.022769,76.960549,2024-10-09,5,9,6,75.6,anytime,1,active
D00016,Muthu Menon,22,M,AB+,RS Puram,11.030981,76.950855,2026-04-15,7,11,2,86.8,anytime,0,active
D00017,Ganesh Subramani,27,F,A-,Kalapatti,11.094762,77.028203,2024-10-15,3,3,1,75.1,weekdays,0,active
D00018,Karthik Pillai,45,F,O-,Peelamedu,11.046059,77.036874,2025-12-15,5,5,3,21.4,emergency_only,0,active
D00019,Deepa Kumar,43,F,AB+,Gandhipuram,11.038532,76.975624,2026-06-06,3,3,2,53.8,weekends,1,suspended
D00020,Geetha Rajan,27,F,O+,Podanur,10.982946,76.976941,2026-02-13,3,4,2,44.0,anytime,1,active
D00021,Divya Reddy,18,F,O+,Ukkadam,11.014368,76.976327,2024-10-10,3,3,1,15.6,anytime,1,active
D00022,Ganesh Chandran,19,M,A+,Kalapatti,11.040541,77.066049,2024-11-06,2,3,1,59.8,emergency_only,1,active
D00023,Ramesh Balan,29,F,O+,Gandhipuram,11.011742,76.96585,2025-06-26,1,6,4,24.2,anytime,1,active
D00024,Swathi Rajan,29,M,O+,Coimbatore Central,11.005947,76.959746,2025-06-07,6,9,4,39.2,weekdays,0,active
D00025,Arun Nair,37,F,O+,Coimbatore Central,10.991648,76.93618,2026-01-13,2,4,0,5.0,emergency_only,0,active
D00026,Sandhya Subramani,36,F,O-,RS Puram,11.014453,76.922644,2024-12-28,2,2,0,31.3,weekdays,1,active
D00027,Vijay Balan,34,M,O+,RS Puram,11.030426,76.924679,2026-04-11,4,4,1,52.0,anytime,1,active
D00028,Karthik Sharma,35,M,A-,RS Puram,11.027121,76.952287,2026-08-30,6,8,7,34.8,emergency_only,1,active
D00029,Bhavani Kumar,31,M,A+,Singanallur,11.029508,77.036221,2025-03-07,7,10,6,57.4,weekends,0,active
D00030,Arjun Rajan,20,F,A+,Peelamedu,11.058732,77.024498,2025-05-28,4,8,7,23.1,weekends,0,active
D00031,Nithya Rajan,20,F,O+,Kalapatti,11.075314,77.064488,,0,1,1,72.6,anytime,0,active
D00032,Geetha Moorthy,28,F,O-,Peelamedu,11.052793,77.007856,2026-01-18,3,6,0,17.0,weekdays,1,inactive
D00033,Sandhya Moorthy,30,M,O+,Gandhipuram,10.999619,76.93846,2024-05-04,6,7,6,5.0,weekdays,1,active
D00034,Ganesh Kumar,39,M,B+,Coimbatore Central,11.005289,76.973318,2026-01-11,8,9,8,55.0,emergency_only,1,active
D00035,Ramesh Reddy,23,M,A+,Saibaba Colony,11.007654,76.919358,2024-07-16,2,6,0,62.4,emergency_only,1,active
D00036,Lakshmi Balan,18,M,A-,Gandhipuram,11.003121,76.956749,2024-09-04,3,7,7,45.8,anytime,0,active
D00037,Vijay Pillai,39,M,A+,Peelamedu,11.014098,77.030753,2026-01-13,2,7,6,29.5,weekdays,1,suspended
D00038,Sathish Subramani,23,M,B+,Peelamedu,11.012581,77.021442,2025-04-05,2,6,4,63.2,emergency_only,1,active
D00039,Geetha Raj,22,M,A+,Peelamedu,11.059106,76.99684,,0,3,2,19.5,anytime,1,active
D00040,Nithya Balan,35,F,O+,Saibaba Colony,11.024643,76.930177,2024-11-12,6,9,8,31.4,weekdays,1,active
D00041,Dinesh Moorthy,28,F,O+,RS Puram,10.986707,76.933973,2024-05-21,7,7,5,29.5,anytime,0,active
D00042,Revathi Balan,32,F,B+,Kalapatti,11.061678,77.032148,2025-11-23,6,8,5,57.9,anytime,1,active
D00043,Manoj Sharma,25,M,O+,Gandhipuram,11.015605,76.952966,2025-06-14,3,7,2,59.7,emergency_only,0,inactive
D00044,Naveen Menon,34,M,A+,Coimbatore Central,10.977419,76.976548,2025-08-12,3,3,3,43.0,weekends,0,active
D00045,Swathi Pillai,50,F,O+,RS Puram,11.026789,76.93277,2026-01-27,6,9,5,25.3,weekdays,1,active
D00046,Sandhya Menon,29,M,O+,Singanallur,11.027735,77.027922,2026-04-26,3,4,2,64.8,weekdays,1,active
D00047,Nithya Iyer,35,F,A+,Podanur,10.97824,76.957483,2026-05-06,1,1,0,17.3,weekdays,1,suspended
D00048,Ramesh Menon,25,M,O+,Saibaba Colony,10.99804,76.954237,2026-07-16,6,8,3,55.7,weekdays,0,active
D00049,Prakash Krishnan,29,F,O+,RS Puram,10.99798,76.966311,2024-06-02,7,11,6,57.9,anytime,1,active
D00050,Bhavani Balan,18,M,A+,Vadavalli,11.000162,76.899509,2024-05-21,4,7,3,61.0,weekends,1,active
D00051,Geetha Nair,40,M,B-,Podanur,10.942333,76.969673,2024-08-24,6,11,3,81.7,weekdays,1,active
D00052,Sathish Menon,30,M,B+,Singanallur,11.022234,77.009062,,0,0,0,19.1,anytime,0,active
D00053,Arjun Reddy,43,F,B-,Peelamedu,11.058449,77.000778,2025-08-14,4,4,1,68.3,weekends,0,suspended
D00054,Nithya Sharma,46,F,AB+,RS Puram,11.003673,76.947487,2025-12-11,2,3,1,50.9,weekdays,0,active
D00055,Deepa Sharma,42,M,A+,Podanur,10.927051,76.940168,,0,0,0,41.9,anytime,0,active
D00056,Geetha Gowda,25,M,O-,Singanallur,11.014868,77.014447,2025-03-14,5,6,2,67.3,anytime,0,active
D00057,Ganesh Raj,38,M,B+,Kalapatti,11.090372,77.024538,2024-05-08,4,8,7,5.0,anytime,1,active
D00058,Manoj Sharma,25,M,O+,Podanur,10.954315,76.955885,2026-09-10,3,4,1,69.3,emergency_only,1,active
D00059,Sathish Kumar,20,F,O+,Podanur,10.935419,76.962364,2026-06-23,3,5,1,47.2,emergency_only,1,active
D00060,Arun Pillai,18,M,B+,Peelamedu,11.044856,77.045789,2026-07-25,3,4,3,26.7,weekdays,0,active
D00061,Lakshmi Iyer,24,M,O+,Saibaba Colony,10.995097,76.968269,2026-04-01,7,11,9,23.2,anytime,1,active
D00062,Karthik Rajan,40,M,O+,Peelamedu,11.03336,77.041932,2025-02-14,5,10,9,74.8,weekdays,1,active
D00063,Nithya Raj,18,M,O+,Singanallur,10.990443,77.051726,2024-10-22,3,5,1,34.9,weekdays,0,active
D00064,Naveen Chandran,37,M,A+,Peelamedu,11.058529,77.033033,2024-07-31,3,7,0,58.4,weekdays,0,active
D00065,Vijay Krishnan,31,F,O+,Singanallur,11.001935,77.01186,2025-08-06,2,3,3,55.3,emergency_only,1,active
D00066,Nithya Nair,35,M,AB-,Gandhipuram,11.045022,76.939824,2025-12-17,3,8,0,47.2,emergency_only,1,active
D00067,Nithya Krishnan,40,F,O+,Vadavalli,11.009563,76.940862,2026-04-04,7,12,6,5.0,weekdays,1,active
D00068,Karthik Krishnan,43,M,A-,RS Puram,11.002764,76.977841,2024-08-18,2,3,1,59.7,anytime,1,active
D00069,Suresh Krishnan,38,F,A+,Ukkadam,10.970812,76.978035,2025-03-13,4,6,4,47.5,anytime,1,active
D00070,Manoj Balan,40,F,O+,Gandhipuram,11.0437,76.948674,2024-06-11,3,5,4,37.9,anytime,0,active
D00071,Arun Moorthy,26,M,B+,Vadavalli,11.039305,76.90869,2025-02-22,8,11,8,37.9,anytime,1,active
D00072,Anitha Subramani,30,M,AB+,Podanur,10.932265,76.94886,2024-11-23,5,7,0,40.8,weekends,1,active
D00073,Dinesh Pillai,21,F,O-,Gandhipuram,11.001945,76.959049,2024-09-22,3,8,7,5.0,anytime,0,inactive
D00074,Nithya Menon,29,F,AB-,Gandhipuram,11.024311,76.990787,2025-04-23,4,6,2,82.9,anytime,0,active
D00075,Meena Balan,45,F,O+,Peelamedu,11.015685,77.032978,2025-09-28,4,5,3,31.7,anytime,0,active
D00076,Vikram Reddy,33,F,B+,Kalapatti,11.052115,77.029572,2024-11-01,4,8,8,55.0,emergency_only,1,active
D00077,Geetha Krishnan,36,M,O-,RS Puram,10.998293,76.93333,2024-11-26,5,5,2,42.0,anytime,1,active
D00078,Kavya Balan,44,M,B+,Peelamedu,11.054056,77.044763,2026-08-29,3,8,8,44.2,weekdays,0,active
D00079,Vikram Reddy,42,F,O+,Singanallur,11.022645,77.017348,2026-08-05,6,6,2,61.0,anytime,1,active
D00080,Anitha Subramani,30,F,B-,Singanallur,10.985404,77.043191,2025-11-08,8,11,6,46.5,emergency_only,0,active
D00081,Sathish Iyer,18,F,A+,Kalapatti,11.039467,77.026209,2024-09-14,3,5,1,15.0,emergency_only,0,inactive
D00082,Ramesh Moorthy,35,F,O+,Saibaba Colony,11.002745,76.917931,2026-09-03,8,13,7,53.3,emergency_only,1,active
D00083,Manoj Balan,41,M,O+,Coimbatore Central,10.976043,76.933753,2024-04-26,9,10,4,56.0,anytime,0,active
D00084,Geetha Moorthy,34,M,O+,Coimbatore Central,11.012934,76.980388,2025-08-20,4,7,3,21.4,weekdays,1,active
D00085,Vijay Krishnan,23,F,O+,Podanur,10.955748,76.982625,2024-09-14,7,7,5,59.9,weekdays,1,active
D00086,Sathish Menon,31,M,A-,Coimbatore Central,11.015608,76.927729,2025-09-28,3,6,5,49.1,weekdays,0,active
D00087,Deepa Chandran,18,M,O+,Ukkadam,10.993647,76.989611,2026-01-29,8,13,6,57.3,weekdays,1,active
D00088,Swathi Gowda,23,M,O+,Vadavalli,11.003723,76.934031,2024-05-08,4,5,1,32.3,anytime,0,active
D00089,Suresh Subramani,37,M,O+,Gandhipuram,11.041083,76.938061,2024-10-08,3,8,6,54.0,weekdays,1,active
D00090,Naveen Balan,44,F,O+,Coimbatore Central,10.997951,76.964441,2025-03-18,5,8,1,46.1,weekends,0,active
D00091,Prakash Balan,30,F,AB+,Singanallur,11.016381,77.057212,2026-09-08,6,8,7,5.0,weekdays,1,active
D00092,Karthik Iyer,22,M,O+,Kalapatti,11.051175,77.040835,2025-04-14,6,9,4,31.8,anytime,1,active
D00093,Karthik Chandran,18,F,A+,RS Puram,11.002783,76.979179,2024-09-03,4,5,1,65.7,weekdays,1,active
D00094,Roja Iyer,19,F,O+,Ukkadam,10.959527,76.944898,2026-05-13,5,5,3,49.2,anytime,1,active
D00095,Deepa Kumar,34,F,B-,Kalapatti,11.040541,77.039696,2024-05-03,4,4,4,33.2,emergency_only,1,active
D00096,Kavya Moorthy,37,F,A+,Coimbatore Central,11.029868,76.94133,2025-12-01,5,8,5,56.3,weekends,1,active
D00097,Manoj Reddy,40,M,A-,Gandhipuram,11.009178,76.988557,2025-08-02,4,7,3,5.0,weekends,0,suspended
D00098,Roja Balan,34,M,A+,RS Puram,10.986675,76.958787,,0,0,0,31.1,anytime,1,active
D00099,Roja Menon,32,M,O+,RS Puram,10.981384,76.923512,2026-08-20,6,10,4,59.6,anytime,0,active
D00100,Prakash Subramani,34,M,A+,Peelamedu,11.045811,77.044553,2026-08-19,3,8,5,44.0,anytime,0,active
D00101,Karthik Balan,32,M,O+,RS Puram,11.006161,76.931108,2025-02-03,4,9,6,58.1,weekends,1,active
D00102,Pooja Chandran,56,F,A-,Saibaba Colony,11.024771,76.965254,2026-07-28,2,2,0,34.2,weekends,1,active
D00103,Vikram Subramani,43,M,B-,Peelamedu,11.004866,77.003441,2025-05-19,6,11,6,89.1,weekends,1,inactive
D00104,Kavya Moorthy,32,M,O+,Kalapatti,11.07023,77.030812,2025-10-28,2,5,0,44.6,weekends,1,active
D00105,Priya Kumar,29,F,B+,Kalapatti,11.041523,77.038746,2026-08-23,4,4,2,24.8,weekends,0,inactive
D00106,Vikram Raj,33,M,B+,Vadavalli,11.017613,76.894286,2025-02-22,3,5,2,14.9,anytime,1,active
D00107,Divya Subramani,25,M,A-,Vadavalli,11.049332,76.92839,2025-05-11,4,6,6,26.8,anytime,1,active
D00108,Revathi Sharma,18,F,O+,Kalapatti,11.062196,77.017817,2026-07-21,3,3,0,65.2,weekends,0,active
D00109,Muthu Kumar,18,M,O+,Singanallur,11.014273,77.016284,2025-12-26,4,4,1,49.2,emergency_only,1,active
D00110,Anitha Sharma,44,F,A+,Kalapatti,11.053799,77.038114,2025-01-20,4,8,6,64.6,weekends,1,active
D00111,Manoj Balan,27,F,AB+,Coimbatore Central,10.974293,76.970684,2025-05-10,3,3,3,54.3,weekdays,0,active
D00112,Anitha Raj,21,M,A+,Vadavalli,11.012187,76.938917,2025-12-29,5,7,1,48.0,anytime,0,active
D00113,Sathish Gowda,25,F,A-,Coimbatore Central,11.021292,76.968901,2025-10-17,7,12,7,33.5,weekdays,1,active
D00114,Vikram Chandran,40,F,B+,Vadavalli,11.02465,76.919372,2025-03-15,2,7,2,75.9,weekdays,1,active
D00115,Roja Gowda,18,F,A+,Gandhipuram,11.009594,76.940423,2024-06-27,2,7,5,37.1,weekends,0,active
D00116,Senthil Chandran,23,M,O+,Kalapatti,11.09102,77.044328,2024-06-23,4,7,3,21.1,weekdays,1,active
D00117,Naveen Gowda,18,M,O+,Gandhipuram,11.037698,76.94615,2025-10-01,3,6,3,50.1,weekends,1,active
D00118,Naveen Iyer,38,M,AB+,Kalapatti,11.084888,77.035637,,0,3,0,53.7,anytime,0,active
D00119,Anitha Chandran,25,M,A+,Peelamedu,11.0566,77.013713,2025-02-26,1,2,1,52.5,weekdays,1,active
D00120,Pooja Balan,33,Other,O+,Coimbatore Central,11.005055,76.970861,2026-01-08,7,12,10,25.5,weekdays,1,active
D00121,Karthik Krishnan,30,M,O+,Vadavalli,10.997724,76.907411,2024-07-02,6,6,3,29.7,weekdays,0,active
D00122,Anitha Rajan,39,F,B+,Gandhipuram,11.041629,76.990049,2026-07-28,6,7,4,49.2,weekdays,1,active
D00123,Ganesh Gowda,23,F,A-,Kalapatti,11.089776,77.030463,2025-04-28,11,13,6,69.6,weekdays,0,inactive
D00124,Karthik Menon,20,M,A+,Coimbatore Central,10.998437,76.949719,2025-02-16,6,10,8,64.7,weekends,1,active
D00125,Vikram Sharma,31,F,AB+,Gandhipuram,10.997452,76.986579,2024-08-05,1,6,3,76.0,emergency_only,1,active
D00126,Swathi Balan,53,M,O+,Ukkadam,10.96707,76.981634,2025-09-09,3,6,5,10.2,weekends,1,active
D00127,Sandhya Kumar,31,M,A+,Coimbatore Central,10.987923,76.953402,2025-11-27,4,5,4,46.2,weekdays,1,active
D00128,Karthik Kumar,20,M,B+,Vadavalli,11.040251,76.935181,2025-04-17,5,6,3,5.0,anytime,0,inactive
D00129,Pooja Nair,31,M,A+,Singanallur,10.986185,77.007113,2025-06-21,1,1,1,21.2,anytime,0,active
D00130,Prakash Kumar,20,F,A+,Vadavalli,11.030006,76.904197,2025-08-15,4,7,1,44.0,anytime,0,active
D00131,Muthu Moorthy,28,F,O+,Vadavalli,11.018476,76.938399,2025-04-08,2,7,2,20.0,anytime,1,active
D00132,Lakshmi Rajan,37,F,A+,Podanur,10.939228,76.959303,2025-05-25,2,4,4,41.9,anytime,1,active
D00133,Prakash Balan,45,F,B-,Gandhipuram,11.013401,76.982267,2025-02-11,4,6,6,69.4,weekdays,1,active
D00134,Revathi Gowda,26,M,O-,Peelamedu,11.031342,76.996659,2025-12-14,1,4,3,12.5,anytime,1,suspended
D00135,Pooja Iyer,18,Other,O+,RS Puram,10.988241,76.959384,2024-05-09,5,9,4,31.4,weekdays,0,active
D00136,Karthik Balan,44,F,O+,Peelamedu,11.042132,77.056563,,0,5,4,97.7,weekends,1,active
D00137,Roja Krishnan,32,F,A+,Singanallur,10.989895,77.004153,2026-05-04,1,6,2,65.3,weekends,0,inactive
D00138,Geetha Krishnan,36,M,B-,Vadavalli,11.012583,76.892422,,0,3,3,22.6,anytime,1,active
D00139,Naveen Balan,27,F,O+,Saibaba Colony,11.019243,76.965472,2024-06-17,6,10,8,15.3,weekends,0,active
D00140,Deepa Chandran,34,M,A+,Singanallur,10.983205,77.057755,2026-01-13,3,7,7,35.3,anytime,0,active
D00141,Ramesh Chandran,35,F,AB+,Saibaba Colony,11.00847,76.93038,2026-06-29,5,7,7,37.0,anytime,0,active
D00142,Suresh Sharma,31,M,A+,Ukkadam,10.981483,76.985457,2026-03-20,7,12,9,67.2,anytime,1,active
D00143,Muthu Moorthy,37,M,B+,RS Puram,11.002762,76.946582,2025-10-23,3,6,6,5.0,weekdays,1,active
D00144,Revathi Iyer,28,F,A-,Peelamedu,11.018577,77.008916,2026-01-27,8,8,6,24.9,weekends,1,active
D00145,Ramesh Chandran,35,M,B-,Saibaba Colony,11.004211,76.95897,2025-12-25,5,10,3,27.6,weekdays,1,active
D00146,Sathish Kumar,28,F,O+,Kalapatti,11.040577,77.056282,2026-09-04,4,5,4,5.8,weekends,0,active
D00147,Geetha Iyer,18,M,O+,RS Puram,10.995905,76.926214,2026-04-07,2,6,2,72.4,anytime,1,active
D00148,Revathi Iyer,26,F,AB+,Kalapatti,11.078681,77.015411,2026-08-17,2,5,5,58.4,weekends,0,active
D00149,Roja Menon,25,M,A+,Gandhipuram,11.026373,76.960683,2025-01-07,2,5,2,26.5,anytime,1,active
D00150,Ramesh Gowda,43,F,B+,Coimbatore Central,11.007013,76.934586,2024-09-25,2,3,1,55.3,weekends,0,active
D00151,Lakshmi Iyer,26,M,O+,Peelamedu,11.005596,77.006455,2025-06-17,3,7,6,60.1,anytime,0,inactive
D00152,Lakshmi Krishnan,18,F,O+,Gandhipuram,11.016839,76.939639,2026-03-30,3,3,1,20.1,anytime,0,inactive
D00153,Pooja Nair,41,F,A+,Ukkadam,11.000947,76.979189,2024-12-29,3,6,3,45.7,weekdays,1,active
D00154,Swathi Sharma,20,F,A+,RS Puram,11.005219,76.979978,2026-05-21,3,8,0,82.6,anytime,0,inactive
D00155,Deepa Reddy,41,M,O+,Peelamedu,11.005707,77.001733,2024-12-05,1,6,5,57.9,weekdays,1,inactive
D00156,Arjun Iyer,35,M,O+,Saibaba Colony,11.009981,76.94778,2026-04-02,5,5,3,35.8,anytime,1,active
D00157,Lakshmi Chandran,18,M,A+,Kalapatti,11.078677,77.053018,2025-07-20,4,8,4,40.0,emergency_only,1,active
D00158,Manoj Gowda,33,F,O-,Gandhipuram,11.044756,76.954605,2026-05-15,7,8,4,70.6,anytime,1,active
D00159,Pooja Iyer,39,F,A+,Gandhipuram,11.040179,76.98615,2024-07-08,3,7,5,9.8,weekends,1,active
D00160,Vikram Pillai,18,F,O-,Podanur,10.932251,76.96872,2024-07-13,5,10,10,5.0,anytime,1,active
D00161,Priya Pillai,32,M,A+,Ukkadam,10.978386,76.979298,2024-11-18,2,2,2,42.4,weekdays,0,active
D00162,Suresh Chandran,31,F,A+,Saibaba Colony,11.006975,76.934922,2024-10-05,6,10,4,20.7,weekdays,0,active
D00163,Sandhya Nair,47,M,A+,Saibaba Colony,10.989049,76.967658,2025-04-16,5,7,3,23.9,weekdays,0,active
D00164,Geetha Kumar,48,F,AB+,Saibaba Colony,11.047176,76.971435,2025-03-28,5,10,9,30.1,weekends,1,active
D00165,Lakshmi Iyer,18,M,A+,Saibaba Colony,11.002598,76.951831,2024-10-15,5,5,1,85.9,weekdays,1,active
D00166,Karthik Raj,36,M,B-,Saibaba Colony,11.026261,76.947159,2026-03-04,8,9,8,41.2,weekends,1,active
D00167,Arun Kumar,29,F,O-,Singanallur,11.025508,77.047043,2024-12-18,5,6,2,63.1,weekdays,1,active
D00168,Bhavani Nair,37,F,O+,Singanallur,10.979192,77.013789,2025-06-17,3,6,4,53.1,emergency_only,1,active
D00169,Prakash Gowda,24,F,A+,Vadavalli,11.032746,76.921564,2024-07-27,3,7,3,48.0,anytime,1,active
D00170,Anitha Chandran,38,F,O+,Peelamedu,11.02296,77.011424,2025-05-28,3,4,1,30.4,anytime,0,inactive
D00171,Vikram Subramani,19,M,O+,RS Puram,10.9988,76.956549,2026-05-28,4,8,4,31.8,weekdays,1,active
D00172,Arun Nair,53,F,A+,Coimbatore Central,10.994485,76.928135,2026-01-11,4,5,4,21.0,anytime,1,active
D00173,Muthu Moorthy,24,F,A-,Kalapatti,11.083262,77.064131,2024-04-23,10,15,6,23.8,weekdays,1,suspended
D00174,Ramesh Iyer,44,F,O-,Saibaba Colony,11.001572,76.927638,2024-08-17,4,9,5,44.0,weekdays,1,active
D00175,Pooja Rajan,36,M,AB+,Gandhipuram,10.992803,76.952321,2025-12-03,3,4,2,45.7,weekdays,0,active
D00176,Divya Kumar,18,M,B+,Vadavalli,11.048379,76.896571,2026-09-07,5,6,3,35.0,weekends,1,active
D00177,Prakash Sharma,24,M,O+,Saibaba Colony,10.998347,76.956266,2026-09-01,6,10,6,30.9,weekdays,1,active
D00178,Vikram Reddy,25,M,O+,Vadavalli,11.048536,76.920462,2026-07-11,4,6,5,31.0,weekends,1,inactive
D00179,Deepa Kumar,20,F,O+,Coimbatore Central,10.997041,76.942462,2026-01-11,4,4,3,55.7,emergency_only,1,active
D00180,Vijay Rajan,18,M,O+,Saibaba Colony,11.001121,76.922991,2026-05-04,3,8,2,23.9,emergency_only,1,suspended
D00181,Meena Chandran,39,M,O+,Podanur,10.953952,76.96839,2025-02-08,4,7,5,31.2,weekends,0,active
D00182,Nithya Sharma,29,M,B+,Podanur,10.946182,76.960755,2024-08-14,5,10,9,45.0,anytime,0,active
D00183,Meena Pillai,31,M,A+,Coimbatore Central,10.992161,76.964746,2026-01-28,2,7,2,23.5,emergency_only,1,active
D00184,Revathi Krishnan,38,F,O+,Kalapatti,11.0736,77.072345,2025-06-08,3,3,2,34.1,weekdays,1,inactive
D00185,Revathi Chandran,27,M,O+,Ukkadam,10.961986,76.938364,2026-03-23,3,3,1,19.1,emergency_only,0,active
D00186,Meena Balan,37,M,O+,Coimbatore Central,10.977314,76.952992,2024-06-04,3,8,8,25.5,weekdays,1,active
D00187,Roja Moorthy,29,F,A+,Ukkadam,10.985866,76.935264,2026-02-09,3,5,3,53.9,weekdays,1,active
D00188,Lakshmi Menon,24,M,B+,Singanallur,10.993331,77.048293,2025-02-11,5,6,4,22.8,weekends,0,active
D00189,Meena Balan,29,F,AB+,Vadavalli,11.002093,76.918168,2025-01-04,4,9,1,41.3,weekdays,1,active
D00190,Deepa Iyer,21,M,A-,Gandhipuram,11.006079,76.969809,2025-07-23,4,4,3,43.0,weekdays,1,inactive
D00191,Revathi Kumar,36,F,O+,RS Puram,10.981729,76.96472,2024-07-07,8,13,7,44.9,anytime,0,active
D00192,Priya Kumar,37,F,B+,Singanallur,11.014468,77.036609,2026-05-31,3,6,2,48.8,anytime,1,active
D00193,Roja Chandran,27,M,O-,Kalapatti,11.07027,77.039282,2026-02-09,2,4,4,19.8,anytime,1,active
D00194,Geetha Sharma,30,M,O-,Coimbatore Central,11.029321,76.96821,2024-07-31,9,13,0,41.3,weekdays,1,active
D00195,Divya Kumar,39,M,A+,Kalapatti,11.091077,77.0235,2026-06-07,2,7,7,25.8,anytime,0,active
D00196,Manoj Chandran,40,F,O+,Gandhipuram,11.028239,76.94167,2024-11-26,3,5,4,46.6,anytime,0,active
D00197,Arjun Sharma,33,M,O+,Gandhipuram,11.039589,76.96962,2025-10-13,7,8,8,41.6,weekends,1,active
D00198,Muthu Krishnan,20,M,AB+,Gandhipuram,11.040761,76.954388,2024-08-03,11,11,11,9.6,weekdays,1,inactive
D00199,Deepa Pillai,28,M,AB-,Kalapatti,11.043061,77.016917,2025-04-01,3,4,1,95.7,anytime,1,active
D00200,Vikram Sharma,42,F,A+,Singanallur,11.001821,77.046882,2025-08-21,2,5,3,57.4,weekdays,1,active
D00201,Arjun Menon,35,F,B+,Saibaba Colony,10.995006,76.972683,2024-06-26,3,4,1,24.0,anytime,0,inactive
D00202,Bhavani Nair,31,M,B+,Vadavalli,11.003374,76.887101,2025-01-07,5,7,3,27.9,weekdays,1,active
D00203,Swathi Sharma,35,M,A+,Coimbatore Central,11.007032,76.935982,2026-04-25,3,8,4,43.3,anytime,0,active
D00204,Manoj Pillai,30,M,A+,Saibaba Colony,11.01046,76.942646,2025-01-24,3,7,6,23.5,anytime,0,active
D00205,Revathi Krishnan,35,F,O+,Ukkadam,11.005214,76.962083,,0,1,1,108.1,weekdays,1,active
D00206,Priya Raj,23,M,O+,Podanur,10.972882,76.95932,2024-07-12,5,7,3,43.8,weekdays,1,active
D00207,Vikram Moorthy,18,F,A+,Podanur,10.954679,76.957056,2025-01-03,2,6,5,44.6,anytime,1,suspended
D00208,Sandhya Kumar,36,M,A+,Coimbatore Central,11.001339,76.965074,2026-08-14,7,9,6,32.9,emergency_only,0,active
D00209,Sandhya Balan,43,M,A+,Saibaba Colony,11.040272,76.962534,2024-11-05,1,4,1,47.8,anytime,1,active
D00210,Nithya Gowda,18,M,O+,Ukkadam,10.976613,76.975791,2025-09-02,2,7,4,21.7,weekdays,0,active
D00211,Manoj Chandran,18,M,O+,Ukkadam,10.998673,76.981941,2026-04-06,2,2,0,34.7,weekends,1,active
D00212,Geetha Reddy,32,F,O+,Peelamedu,11.045785,77.040046,2024-11-27,1,4,2,43.2,anytime,1,active
D00213,Sandhya Moorthy,31,M,O+,RS Puram,11.02692,76.933439,2025-01-24,3,7,4,46.0,emergency_only,0,inactive
D00214,Roja Nair,47,F,O+,Gandhipuram,11.046183,76.963477,2026-03-15,3,5,2,29.2,anytime,0,inactive
D00215,Ganesh Iyer,22,M,O+,RS Puram,10.993206,76.930162,2024-06-25,5,10,0,54.0,anytime,1,active
D00216,Manoj Nair,33,M,O+,Coimbatore Central,10.982151,76.939056,2025-01-16,1,1,1,47.7,weekdays,0,active
D00217,Priya Gowda,18,F,B+,Peelamedu,11.006042,77.031058,2025-08-27,4,7,7,47.9,anytime,1,active
D00218,Ramesh Nair,33,M,O+,Vadavalli,11.044878,76.939647,2026-07-12,4,4,3,34.3,emergency_only,1,active
D00219,Priya Krishnan,43,M,A-,Gandhipuram,11.04615,76.964062,2024-09-03,2,3,2,51.5,weekdays,0,active
D00220,Sathish Pillai,49,F,A+,RS Puram,11.002808,76.954584,2026-05-10,2,6,1,43.4,anytime,1,inactive
D00221,Suresh Sharma,37,M,O+,Vadavalli,11.0307,76.895566,2026-03-03,3,3,3,45.6,anytime,1,inactive
D00222,Bhavani Subramani,26,Other,O+,Kalapatti,11.0681,77.043225,2024-06-16,6,9,1,33.8,weekdays,1,active
D00223,Karthik Moorthy,25,Other,B-,Ukkadam,10.993819,76.988017,2024-09-27,5,5,4,22.9,weekends,0,active
D00224,Arjun Iyer,26,M,B+,Kalapatti,11.062516,77.048682,2024-12-12,6,6,3,48.5,weekends,0,active
D00225,Divya Gowda,24,M,A-,Gandhipuram,11.042038,76.973017,2025-09-27,5,5,0,81.4,anytime,1,active
D00226,Ramesh Balan,30,F,O+,RS Puram,11.024335,76.92952,2024-12-10,4,7,3,19.0,anytime,1,active
D00227,Lakshmi Moorthy,36,M,A+,Ukkadam,10.993768,76.961159,2025-04-07,4,4,2,9.1,weekends,1,suspended
D00228,Vikram Balan,28,M,O+,Ukkadam,10.987554,76.943253,2025-01-14,5,10,3,19.2,anytime,1,active
D00229,Ramesh Moorthy,24,F,A-,Kalapatti,11.078075,77.068224,2025-04-30,3,8,7,22.2,weekends,1,active
D00230,Arun Menon,31,M,O+,Podanur,10.9609,76.948272,2024-12-16,4,7,2,20.2,anytime,0,active
D00231,Prakash Nair,25,M,O+,Saibaba Colony,11.031778,76.925825,2025-11-19,3,3,1,36.8,anytime,0,active
D00232,Lakshmi Iyer,42,M,B+,RS Puram,11.03064,76.935436,2024-07-02,2,3,3,18.0,weekends,1,active
D00233,Priya Iyer,28,M,O+,Saibaba Colony,11.025814,76.929389,2025-02-17,3,5,0,64.2,anytime,0,active
D00234,Arjun Menon,31,M,A+,Kalapatti,11.093168,77.063396,2025-08-27,6,9,4,71.3,emergency_only,1,inactive
D00235,Bhavani Krishnan,40,M,O+,Vadavalli,11.016277,76.897747,2024-07-20,5,7,2,57.2,weekdays,1,active
D00236,Deepa Nair,27,M,B-,Saibaba Colony,11.026315,76.937749,2025-06-22,3,4,0,7.6,weekends,1,active
D00237,Dinesh Rajan,34,F,O-,Gandhipuram,11.034536,76.962379,2026-06-07,5,10,6,33.3,anytime,1,active
D00238,Swathi Reddy,19,M,O+,Singanallur,11.020801,77.009305,2025-06-24,7,9,4,52.5,weekdays,1,inactive
D00239,Revathi Balan,34,M,O+,Kalapatti,11.066665,77.06547,2024-08-21,2,3,2,43.3,weekends,0,active
D00240,Lakshmi Subramani,30,F,O+,Kalapatti,11.05104,77.016766,,0,2,0,20.5,anytime,1,active
D00241,Priya Raj,18,F,O+,Podanur,10.965986,76.974541,2025-11-29,2,7,3,49.9,anytime,0,active
D00242,Karthik Raj,30,M,B+,Podanur,10.957349,76.973505,2024-11-25,6,10,4,33.7,anytime,1,inactive
D00243,Ramesh Pillai,23,M,O+,Peelamedu,11.054259,77.020885,2024-05-20,2,4,4,66.9,weekdays,1,active
D00244,Ganesh Raj,40,F,B-,Peelamedu,11.023957,77.020902,2025-01-03,3,5,5,8.2,weekends,1,active
D00245,Revathi Gowda,36,M,O+,RS Puram,11.024242,76.967104,2026-02-02,5,6,6,5.0,emergency_only,1,inactive
D00246,Muthu Subramani,20,F,O-,Podanur,10.968388,76.97164,2024-06-01,6,7,6,11.9,weekdays,0,active
D00247,Naveen Sharma,28,Other,O+,RS Puram,10.981554,76.955241,2026-01-29,3,5,5,50.1,weekdays,1,active
D00248,Ramesh Subramani,34,M,O+,Coimbatore Central,10.976789,76.963851,2025-06-04,2,2,1,9.7,anytime,1,active
D00249,Bhavani Gowda,38,F,B+,Saibaba Colony,11.009281,76.91884,2026-01-16,3,7,3,37.5,weekends,0,inactive
D00250,Arun Chandran,27,M,B+,Singanallur,11.009276,77.003636,2025-04-09,7,7,7,63.5,anytime,0,active
D00251,Prakash Pillai,36,M,O+,Coimbatore Central,10.97676,76.937246,2024-10-29,6,9,6,5.0,anytime,1,active
D00252,Roja Menon,18,M,O+,Vadavalli,11.041487,76.899059,2025-11-27,4,4,0,41.9,anytime,0,active
D00253,Muthu Subramani,24,F,A+,Coimbatore Central,10.998175,76.965282,2025-11-06,4,4,2,11.8,anytime,0,active
D00254,Senthil Raj,24,M,A+,Singanallur,11.01545,77.009473,2026-05-23,4,4,4,65.6,weekends,1,active
D00255,Arjun Balan,31,M,AB+,Vadavalli,11.033374,76.890697,2026-03-19,4,4,2,29.7,weekdays,0,active
D00256,Karthik Sharma,49,M,B+,Ukkadam,10.973731,76.987859,2025-05-17,1,2,1,79.7,anytime,1,active
D00257,Revathi Balan,25,M,A+,Vadavalli,10.99901,76.941867,2025-12-03,2,5,1,62.0,anytime,1,inactive
D00258,Vikram Iyer,18,F,A+,Podanur,10.943805,76.987377,2026-06-29,4,9,3,75.2,weekdays,0,active
D00259,Divya Chandran,21,M,O+,Saibaba Colony,11.04164,76.934465,2025-02-10,4,7,2,35.9,emergency_only,1,active
D00260,Priya Nair,20,M,O+,Singanallur,11.029534,77.039604,2026-07-19,8,9,1,53.6,weekdays,0,inactive
D00261,Revathi Raj,39,M,A+,Gandhipuram,11.041337,76.992025,2026-07-21,2,4,0,42.6,weekdays,1,active
D00262,Prakash Chandran,49,M,O-,Podanur,10.941706,76.975499,2024-08-02,1,4,3,21.9,weekdays,1,active
D00263,Deepa Krishnan,32,F,O+,Peelamedu,11.023087,77.044418,2025-05-09,5,10,2,66.3,anytime,0,active
D00264,Swathi Pillai,19,M,O+,Peelamedu,11.031302,77.004403,2025-04-21,6,11,8,18.0,weekends,1,inactive
D00265,Dinesh Gowda,35,F,O-,Podanur,10.92719,76.948717,2026-09-05,5,5,4,54.6,anytime,1,active
D00266,Nithya Gowda,39,F,B+,Singanallur,10.974057,77.035965,2025-06-20,5,9,9,51.1,emergency_only,0,inactive
D00267,Pooja Subramani,40,F,O+,Peelamedu,11.052784,77.037449,2026-01-18,7,7,2,32.5,emergency_only,0,active
D00268,Arun Rajan,31,F,O+,RS Puram,11.012569,76.930572,2025-01-23,2,2,1,85.4,weekdays,1,active
D00269,Sandhya Krishnan,31,M,A+,RS Puram,10.978253,76.96447,2026-03-05,5,5,3,65.0,weekends,0,active
D00270,Anitha Iyer,29,F,A+,Peelamedu,11.054036,77.036175,2024-08-02,6,10,2,37.4,weekends,1,active
D00271,Senthil Balan,27,M,O-,Singanallur,11.021331,77.042255,2025-01-11,2,4,4,79.8,weekends,1,active
D00272,Deepa Sharma,29,M,O+,Podanur,10.94562,76.956969,2025-01-01,5,5,5,24.8,weekends,1,active
D00273,Pooja Moorthy,32,F,O+,Saibaba Colony,11.032966,76.956682,2025-02-24,4,7,3,71.2,anytime,0,active
D00274,Suresh Rajan,36,F,AB+,RS Puram,11.00555,76.924522,2026-06-06,3,8,3,5.0,weekends,1,active
D00275,Swathi Krishnan,28,M,B+,Podanur,10.975883,76.975126,2025-08-03,4,7,3,19.1,anytime,1,active
D00276,Kavya Rajan,36,F,O+,Vadavalli,11.041564,76.932036,2024-08-24,3,4,3,5.4,weekends,1,active
D00277,Prakash Menon,23,M,O+,Singanallur,10.992702,77.038123,2025-02-05,3,6,2,50.5,anytime,1,active
D00278,Naveen Chandran,54,F,O+,Ukkadam,10.995952,76.977953,2024-12-05,1,4,2,38.7,weekdays,0,active
D00279,Revathi Balan,45,M,O-,Singanallur,10.999596,77.005494,2024-05-31,10,13,10,42.5,emergency_only,0,active
D00280,Meena Iyer,32,M,O+,Coimbatore Central,10.980985,76.975198,2024-12-15,8,8,6,39.0,emergency_only,0,inactive
D00281,Anitha Moorthy,47,M,O-,Vadavalli,11.039155,76.9428,2026-09-14,3,4,1,51.7,anytime,1,active
D00282,Divya Rajan,32,F,O-,Podanur,10.932271,76.961085,2025-04-14,4,4,2,35.9,weekdays,1,active
D00283,Divya Subramani,38,M,A+,Ukkadam,10.964446,76.978023,2026-07-07,4,4,4,44.7,weekdays,1,active
D00284,Swathi Pillai,18,F,O-,Peelamedu,11.057605,77.055386,2025-06-19,3,5,2,44.9,emergency_only,1,active
D00285,Pooja Subramani,27,M,O+,Saibaba Colony,11.003599,76.916625,2025-12-11,2,3,0,48.7,anytime,1,active
D00286,Ramesh Balan,46,F,A+,Peelamedu,11.03861,77.042998,2024-09-02,6,8,2,36.7,weekdays,1,active
D00287,Kavya Chandran,31,F,O-,Kalapatti,11.079913,77.071859,2025-11-17,6,11,7,22.4,weekends,0,active
D00288,Karthik Rajan,19,F,O+,Ukkadam,10.97039,76.959158,2025-03-31,2,2,0,27.0,anytime,1,active
D00289,Suresh Menon,33,F,O-,Ukkadam,10.973561,76.939324,2025-04-07,4,9,6,22.9,weekdays,1,inactive
D00290,Lakshmi Pillai,35,M,O+,Gandhipuram,10.992005,76.962645,2026-04-23,5,9,4,46.0,weekends,1,active
D00291,Bhavani Rajan,34,F,A+,Podanur,10.951932,76.95172,2026-06-12,2,4,4,26.1,weekdays,1,active
D00292,Sandhya Balan,29,F,O+,Coimbatore Central,11.010985,76.970795,2024-11-18,2,4,0,5.0,emergency_only,0,inactive
D00293,Bhavani Krishnan,49,M,B+,RS Puram,11.014662,76.938732,2024-10-07,4,6,1,49.4,weekends,0,active
D00294,Sandhya Subramani,32,M,A+,Ukkadam,10.988024,76.96602,2025-03-29,3,6,1,60.0,emergency_only,1,active
D00295,Nithya Sharma,32,M,O+,Gandhipuram,11.030329,76.989782,2026-05-08,8,13,4,31.2,emergency_only,1,active
D00296,Sathish Gowda,33,M,O+,RS Puram,11.028152,76.943541,2025-12-16,5,10,4,30.1,weekdays,0,inactive
D00297,Lakshmi Raj,32,M,B+,Singanallur,10.978303,77.057575,2026-01-17,2,7,5,17.4,weekends,1,active
D00298,Naveen Reddy,27,M,A-,Coimbatore Central,11.029333,76.938325,2025-10-04,2,6,5,14.4,emergency_only,1,active
D00299,Divya Gowda,36,F,O+,Kalapatti,11.044867,77.0367,2026-08-30,3,4,3,73.7,weekdays,1,inactive
D00300,Priya Sharma,37,M,O+,Podanur,10.964406,76.965119,2026-01-27,5,9,4,31.6,weekends,0,active
D00301,Nithya Balan,40,M,A-,Ukkadam,11.010675,76.954091,2024-05-27,4,9,3,31.9,weekends,0,inactive
D00302,Senthil Sharma,27,M,AB-,Saibaba Colony,11.00456,76.956188,2025-02-14,3,5,3,42.4,anytime,0,active
D00303,Geetha Iyer,42,F,O+,Vadavalli,11.037526,76.89197,2026-04-13,4,4,0,43.2,anytime,1,active
D00304,Vijay Rajan,47,F,O+,Saibaba Colony,11.015821,76.926598,2026-05-04,5,10,6,16.8,anytime,0,active
D00305,Muthu Iyer,27,M,O-,Gandhipuram,10.996175,76.989926,2024-08-24,3,6,5,32.1,weekends,1,active
D00306,Nithya Moorthy,26,F,O-,Ukkadam,11.004157,76.988135,2025-05-07,6,6,3,61.4,weekends,0,active
D00307,Sandhya Iyer,29,M,O-,Singanallur,10.977464,77.015302,2026-09-03,2,5,4,39.5,anytime,0,active
D00308,Prakash Gowda,45,M,O+,Gandhipuram,11.03601,76.9538,,0,0,0,67.0,weekends,0,active
D00309,Revathi Menon,20,F,O+,Podanur,10.930323,76.979147,2024-12-30,2,6,0,49.6,emergency_only,1,active
D00310,Sandhya Reddy,37,M,A+,Kalapatti,11.073987,77.070527,2025-10-20,4,8,2,75.8,anytime,1,active
D00311,Bhavani Pillai,26,M,O-,Gandhipuram,11.041002,76.939564,2026-08-26,6,11,2,51.2,weekends,1,active
D00312,Swathi Nair,18,F,A+,Kalapatti,11.07538,77.071754,2026-02-23,3,5,0,55.0,weekdays,0,active
D00313,Roja Sharma,32,M,O-,Podanur,10.945742,76.962104,2026-02-09,3,4,3,58.5,anytime,0,active
D00314,Naveen Pillai,25,M,A+,Peelamedu,11.003237,76.997108,2025-11-02,1,3,3,36.3,emergency_only,1,active
D00315,Ramesh Pillai,32,M,O+,Vadavalli,10.995038,76.918465,2026-08-15,7,9,8,47.7,weekdays,1,active
D00316,Ganesh Iyer,32,F,O+,Singanallur,11.000898,77.026182,2025-02-16,7,8,5,32.4,weekdays,1,inactive
D00317,Nithya Sharma,33,F,O-,Vadavalli,11.039684,76.893076,2024-12-14,2,5,1,33.0,emergency_only,1,active
D00318,Priya Gowda,28,M,B+,Vadavalli,11.037081,76.912635,2025-03-19,4,5,0,10.8,anytime,1,active
D00319,Ramesh Reddy,28,M,AB+,Saibaba Colony,11.048636,76.938556,2024-10-14,3,4,1,31.7,anytime,1,active
D00320,Lakshmi Chandran,27,F,A+,Singanallur,11.004635,77.025274,2025-01-24,3,8,3,30.5,emergency_only,0,active
D00321,Ramesh Subramani,18,F,A+,Saibaba Colony,11.008207,76.920125,2024-09-12,2,7,6,27.9,anytime,1,active
D00322,Nithya Nair,41,Other,O+,Gandhipuram,11.023667,76.977396,2024-11-26,7,7,6,46.3,anytime,0,active
D00323,Geetha Sharma,39,F,A+,Vadavalli,11.034805,76.937333,2026-01-30,2,6,1,34.2,weekends,0,inactive
D00324,Revathi Chandran,46,M,A+,Gandhipuram,11.016133,76.954693,2024-12-23,4,8,6,80.1,weekdays,0,active
D00325,Swathi Pillai,27,F,O+,Saibaba Colony,11.038143,76.928105,2024-10-09,8,8,3,41.0,weekends,0,active
D00326,Arjun Reddy,42,F,A-,Coimbatore Central,11.00752,76.957514,2024-07-13,3,4,2,33.3,emergency_only,1,active
D00327,Anitha Balan,29,Other,AB+,Coimbatore Central,10.991836,76.954762,2025-02-07,3,6,5,49.6,weekdays,1,active
D00328,Geetha Nair,29,F,O+,Gandhipuram,11.001421,76.995117,2026-07-05,4,9,7,5.0,anytime,1,active
D00329,Bhavani Subramani,33,M,O+,Peelamedu,11.022206,77.045213,2025-10-01,6,9,2,39.1,weekends,1,active
D00330,Arjun Nair,52,M,O+,Kalapatti,11.066791,77.047427,2025-12-02,6,10,9,19.6,weekdays,1,active
D00331,Prakash Gowda,33,F,A+,Peelamedu,11.031481,77.044992,2025-02-26,5,5,3,76.6,emergency_only,1,active
D00332,Sandhya Balan,31,M,O+,Gandhipuram,10.995658,76.951364,2025-01-28,5,9,7,30.5,weekends,0,active
D00333,Geetha Balan,49,F,AB+,Podanur,10.934585,76.946928,2025-07-11,7,10,4,28.4,anytime,1,suspended
D00334,Pooja Subramani,25,M,O-,RS Puram,10.99741,76.926038,2025-01-16,3,6,3,26.1,anytime,0,active
D00335,Meena Krishnan,38,M,AB+,Ukkadam,10.99509,76.95414,2025-11-08,2,5,2,24.6,weekends,0,active
D00336,Meena Rajan,18,M,A+,Vadavalli,11.031957,76.889305,2026-05-21,1,6,3,97.6,weekends,1,active
D00337,Roja Sharma,25,F,O+,Gandhipuram,11.029715,76.986604,2026-01-03,7,12,3,81.1,anytime,0,active
D00338,Anitha Subramani,31,F,O+,Kalapatti,11.075735,77.067775,2025-12-09,3,8,3,24.8,weekends,1,active
D00339,Roja Reddy,35,F,B+,Peelamedu,11.006603,77.031056,2024-10-13,3,3,1,44.3,weekdays,1,inactive
D00340,Meena Pillai,28,M,O+,Podanur,10.930585,76.960674,2024-10-22,4,7,3,38.5,weekends,1,inactive
D00341,Lakshmi Raj,27,M,O+,Gandhipuram,11.040638,76.95907,2025-02-05,5,10,4,50.0,anytime,1,active
D00342,Manoj Reddy,28,M,AB+,Ukkadam,10.988038,76.953059,2025-04-27,3,6,1,27.9,weekends,0,inactive
D00343,Roja Moorthy,23,M,B+,Saibaba Colony,11.021802,76.925054,2025-05-25,3,5,3,25.0,anytime,1,active
D00344,Swathi Krishnan,28,M,A-,Podanur,10.976894,76.960395,2024-08-22,5,9,6,58.6,weekends,0,active
D00345,Revathi Gowda,35,F,O+,Singanallur,11.023258,77.026689,2025-06-07,1,2,0,44.3,weekdays,0,active
D00346,Priya Reddy,23,M,O+,Gandhipuram,10.992871,76.958865,2025-08-30,5,9,4,56.6,weekdays,0,active
D00347,Priya Reddy,26,M,A+,Vadavalli,11.021327,76.917346,2025-01-23,3,4,2,84.3,weekdays,1,active
D00348,Karthik Raj,34,M,B+,Singanallur,11.025583,77.032008,2025-06-30,4,6,4,70.8,weekdays,1,active
D00349,Muthu Krishnan,21,M,O-,Singanallur,11.002552,77.043134,2025-02-02,6,10,3,46.5,anytime,1,active
D00350,Kavya Moorthy,22,M,A-,Ukkadam,10.981676,76.940342,2024-11-05,1,2,1,49.3,anytime,0,active
D00351,Vikram Balan,19,F,O+,Ukkadam,10.990617,76.933278,2025-12-12,1,6,3,64.8,anytime,0,inactive
D00352,Arjun Menon,22,M,O-,Coimbatore Central,11.024632,76.927998,2025-12-31,6,6,2,47.7,anytime,0,active
D00353,Prakash Subramani,33,Other,A+,RS Puram,11.002363,76.944268,2026-08-18,8,13,9,52.3,anytime,1,inactive
D00354,Karthik Gowda,18,F,O-,Saibaba Colony,11.037436,76.933927,2025-09-27,5,9,7,20.7,weekdays,0,inactive
D00355,Sandhya Moorthy,42,M,A+,Singanallur,11.027554,77.033357,2024-12-18,1,6,6,32.0,anytime,1,active
D00356,Deepa Kumar,36,M,O+,Saibaba Colony,11.036504,76.962884,2024-11-13,6,9,7,39.0,emergency_only,1,active
D00357,Ramesh Sharma,30,F,B-,Singanallur,11.028974,77.058815,2025-01-12,3,8,8,26.7,weekdays,1,active
D00358,Deepa Nair,25,F,O+,Saibaba Colony,10.998503,76.947994,2025-04-25,4,7,6,47.4,weekdays,0,active
D00359,Anitha Raj,18,F,O+,Gandhipuram,11.011453,76.988797,2024-06-24,2,5,4,48.7,anytime,0,active
D00360,Roja Subramani,38,M,O-,Singanallur,11.025251,77.046207,2024-09-26,6,7,0,5.0,weekdays,1,inactive
D00361,Prakash Reddy,30,F,O+,Saibaba Colony,11.032553,76.938948,2024-10-20,3,3,1,21.3,weekends,0,active
D00362,Prakash Chandran,20,M,AB+,Gandhipuram,11.038297,76.969836,2025-01-13,3,7,1,44.9,anytime,0,active
D00363,Naveen Sharma,43,F,A-,Gandhipuram,11.007866,76.994105,2024-08-17,1,4,1,44.6,emergency_only,1,active
D00364,Senthil Nair,40,M,AB+,Ukkadam,11.006117,76.938795,2026-03-19,4,6,1,26.1,emergency_only,1,active
D00365,Senthil Chandran,22,M,A+,Singanallur,10.987782,77.0119,2026-01-03,7,8,2,22.7,anytime,1,active
D00366,Lakshmi Nair,29,M,O+,Podanur,10.955517,76.944422,2026-07-07,5,5,2,35.5,weekends,1,inactive
D00367,Arun Balan,29,M,A+,Peelamedu,11.034645,77.001043,2025-10-18,7,10,5,33.5,emergency_only,0,active
D00368,Arjun Kumar,22,F,O-,Podanur,10.957555,76.987733,2024-09-28,2,3,2,5.0,anytime,1,active
D00369,Lakshmi Menon,21,M,O+,Saibaba Colony,11.030173,76.94712,2025-08-18,4,9,5,57.6,anytime,1,active
D00370,Pooja Chandran,34,M,A+,Podanur,10.932646,76.985848,2024-12-29,3,5,2,19.0,emergency_only,0,active
D00371,Arjun Chandran,28,F,AB+,RS Puram,11.022099,76.934119,2026-06-05,8,10,8,44.2,anytime,1,active
D00372,Anitha Subramani,23,F,B+,Peelamedu,11.057556,77.039783,2025-04-16,2,5,5,33.2,emergency_only,1,active
D00373,Nithya Moorthy,34,F,AB+,Gandhipuram,11.023004,76.972869,2025-01-04,3,8,1,57.7,weekends,1,inactive
D00374,Ganesh Menon,51,F,A+,Gandhipuram,11.011094,76.98248,2025-01-14,9,10,6,43.2,emergency_only,1,active
D00375,Vikram Menon,38,Other,A+,Saibaba Colony,10.989429,76.930852,2025-02-22,4,7,4,27.1,anytime,1,active
D00376,Arjun Subramani,27,F,O+,Podanur,10.950127,76.992893,2025-06-07,4,6,5,40.5,emergency_only,0,active
D00377,Vijay Kumar,24,M,O-,Kalapatti,11.081524,77.035576,2024-10-30,5,9,6,51.9,anytime,1,active
D00378,Vijay Moorthy,30,M,O+,Saibaba Colony,11.005903,76.936581,2026-02-01,4,9,4,17.7,emergency_only,1,active
D00379,Suresh Kumar,30,F,O+,RS Puram,10.989341,76.944883,2026-04-08,7,10,3,53.6,anytime,0,active
D00380,Suresh Chandran,33,F,O+,Ukkadam,10.996138,76.9781,2025-09-18,6,10,8,23.8,anytime,1,active
D00381,Arun Chandran,33,F,O-,RS Puram,11.0344,76.962068,2024-12-13,2,7,3,69.6,emergency_only,1,active
D00382,Priya Reddy,34,F,A+,Peelamedu,11.012129,77.052033,2026-02-26,6,11,10,44.2,anytime,1,active
D00383,Lakshmi Menon,33,F,B+,RS Puram,11.017269,76.93403,2024-11-24,5,9,7,73.3,anytime,1,active
D00384,Divya Nair,24,M,O+,Podanur,10.967852,76.992542,2025-09-10,4,7,6,59.6,emergency_only,1,active
D00385,Sathish Balan,26,F,O+,Ukkadam,10.958844,76.95067,2025-08-13,5,9,8,25.2,anytime,1,active
D00386,Pooja Moorthy,21,M,O-,Kalapatti,11.07065,77.016802,2026-08-17,7,7,2,68.0,weekdays,0,active
D00387,Arjun Krishnan,36,M,B+,Singanallur,11.001239,77.03662,2026-09-08,1,1,1,17.6,weekends,1,inactive
D00388,Prakash Gowda,30,F,A+,Gandhipuram,11.020719,76.996284,2025-10-23,3,4,2,21.5,weekends,1,active
D00389,Swathi Rajan,34,M,O+,Gandhipuram,10.997814,76.960551,2026-07-17,6,10,2,22.8,weekdays,1,active
D00390,Arun Iyer,24,F,O+,Saibaba Colony,11.041709,76.957161,2024-12-27,4,5,5,10.9,weekends,0,active
D00391,Roja Rajan,28,M,AB+,Singanallur,11.006144,76.999474,2024-08-22,2,6,5,46.4,anytime,1,active
D00392,Geetha Pillai,33,M,A+,Saibaba Colony,11.036435,76.972814,2026-06-13,1,2,1,62.7,emergency_only,0,active
D00393,Kavya Subramani,34,M,O-,Podanur,10.953188,76.968349,2026-05-05,4,5,3,32.5,anytime,0,active
D00394,Roja Gowda,28,F,O+,Saibaba Colony,11.031426,76.928722,2024-10-11,5,5,1,70.1,weekends,1,active
D00395,Bhavani Moorthy,36,F,O+,Saibaba Colony,11.020629,76.946338,2026-08-26,5,5,0,21.4,weekends,0,active
D00396,Anitha Pillai,30,M,O+,Kalapatti,11.082354,77.02684,2024-06-15,2,2,1,32.5,weekends,0,active
D00397,Muthu Rajan,24,F,B+,Ukkadam,10.967436,76.97066,2024-05-27,4,9,8,23.1,weekends,1,inactive
D00398,Arjun Pillai,34,F,A+,Ukkadam,10.974301,76.967304,2026-08-30,3,4,3,32.0,weekdays,1,inactive
D00399,Bhavani Gowda,43,F,A+,Gandhipuram,11.026466,76.963015,2026-03-24,2,3,2,51.4,anytime,1,active
D00400,Lakshmi Gowda,18,M,A+,Vadavalli,11.03356,76.893682,2025-05-01,6,11,3,52.7,weekdays,1,active
D00401,Lakshmi Moorthy,33,M,O+,Saibaba Colony,11.005975,76.975677,2024-05-14,2,4,0,70.6,emergency_only,1,active
D00402,Revathi Rajan,41,M,A+,Podanur,10.939353,76.953717,2025-09-07,5,6,1,49.1,weekends,0,active
D00403,Ganesh Krishnan,45,M,A+,Vadavalli,11.039013,76.934931,2026-04-24,3,3,0,31.7,weekdays,1,active
D00404,Priya Raj,38,M,A+,Gandhipuram,11.00812,76.966076,2026-03-17,2,5,2,52.5,anytime,1,active
D00405,Prakash Kumar,26,F,A+,Singanallur,11.014277,77.044042,2026-06-13,5,6,0,68.0,anytime,0,active
D00406,Anitha Subramani,26,M,A-,Podanur,10.947089,76.978644,2025-05-04,7,12,7,20.6,anytime,1,active
D00407,Arun Balan,41,Other,A+,Gandhipuram,10.992244,76.943574,2025-12-30,8,11,8,6.1,weekends,1,active
D00408,Ramesh Pillai,43,M,A-,Singanallur,11.006158,77.027646,2025-05-11,3,8,7,61.4,emergency_only,0,active
D00409,Revathi Chandran,48,F,AB+,Kalapatti,11.056794,77.064806,2024-12-17,11,16,6,75.6,weekdays,0,active
D00410,Revathi Nair,26,M,O+,Podanur,10.969727,76.972814,2025-04-06,6,10,4,21.5,anytime,1,active
D00411,Divya Kumar,37,M,O+,Singanallur,10.994973,77.023211,2026-08-15,3,7,5,15.8,weekends,0,active
D00412,Anitha Balan,18,M,A+,Podanur,10.925164,76.984015,2024-10-31,4,7,3,31.2,anytime,0,active
D00413,Bhavani Menon,42,M,O+,Gandhipuram,11.009612,76.967443,2024-06-05,4,5,5,28.9,weekdays,1,active
D00414,Deepa Pillai,32,M,A+,Podanur,10.931481,76.994692,2026-01-13,3,6,4,40.7,weekends,1,active
D00415,Nithya Sharma,36,M,A+,Gandhipuram,11.007279,76.995585,2025-03-03,4,7,0,48.8,weekdays,1,inactive
D00416,Swathi Krishnan,44,M,B+,Podanur,10.940887,76.941691,2026-07-30,3,7,6,45.3,emergency_only,1,active
D00417,Suresh Menon,35,M,O+,Podanur,10.948692,76.993004,2025-02-10,7,7,6,58.9,weekends,0,active
D00418,Vijay Iyer,46,F,O-,Ukkadam,11.007672,76.948198,2024-12-28,7,10,7,16.3,emergency_only,1,active
D00419,Suresh Menon,18,M,O+,Coimbatore Central,11.00804,76.944255,2026-07-02,1,3,1,54.7,weekends,0,active
D00420,Sathish Balan,35,F,B+,Singanallur,10.99929,77.046265,2024-06-29,4,4,3,35.6,weekends,1,active
D00421,Ramesh Menon,45,M,O+,RS Puram,10.988441,76.923474,2024-12-03,3,5,1,57.9,weekdays,1,active
D00422,Manoj Subramani,26,M,A+,Saibaba Colony,11.032717,76.960044,2024-12-23,5,9,1,17.1,emergency_only,0,inactive
D00423,Arjun Menon,20,F,AB+,Podanur,10.938432,76.973613,2026-08-12,2,6,3,42.7,anytime,1,active
D00424,Sathish Balan,19,F,O+,Kalapatti,11.052306,77.040091,2024-12-22,2,4,1,7.2,anytime,1,active
D00425,Deepa Nair,40,F,A+,Podanur,10.946836,76.973732,2026-01-15,2,3,3,91.2,weekdays,0,active
D00426,Manoj Kumar,21,M,AB+,Saibaba Colony,11.048003,76.961063,2024-11-21,6,10,3,29.4,emergency_only,1,active
D00427,Kavya Kumar,44,F,O-,Coimbatore Central,10.986332,76.970508,2026-06-11,3,3,0,7.0,anytime,1,active
D00428,Sathish Menon,37,Other,A-,Vadavalli,11.015819,76.886955,2024-10-27,4,6,3,47.3,anytime,1,active
D00429,Anitha Kumar,47,F,O+,RS Puram,10.996573,76.964295,2025-09-26,6,11,9,44.3,emergency_only,0,inactive
D00430,Roja Raj,30,F,A+,Vadavalli,10.9951,76.934362,2025-04-05,1,6,5,20.2,weekdays,1,active
D00431,Divya Moorthy,25,M,O+,Podanur,10.946539,76.943083,2026-06-16,4,5,2,27.9,weekdays,1,active
D00432,Senthil Kumar,45,M,B-,Gandhipuram,11.007715,76.984,2024-07-26,3,4,4,12.2,weekdays,1,active
D00433,Prakash Reddy,35,F,O-,Ukkadam,10.991595,76.964714,2024-08-31,1,1,1,54.4,weekends,1,active
D00434,Deepa Menon,22,F,A+,Peelamedu,11.058582,77.035523,2025-12-18,2,2,1,52.7,weekends,0,inactive
D00435,Sathish Gowda,26,F,A+,Coimbatore Central,10.984639,76.985725,2024-08-25,2,4,1,54.9,weekends,1,active
D00436,Divya Nair,42,F,O+,Peelamedu,11.039772,77.030502,2024-12-01,9,13,4,26.6,weekdays,0,active
D00437,Meena Menon,27,M,A+,Kalapatti,11.050197,77.049258,2024-12-25,5,6,1,52.8,weekdays,1,active
D00438,Senthil Krishnan,21,M,A+,RS Puram,11.008561,76.953596,2026-01-11,4,6,4,56.0,emergency_only,1,active
D00439,Muthu Menon,43,M,O+,Peelamedu,11.036853,77.029971,2026-05-03,2,2,1,64.9,weekends,0,active
D00440,Karthik Rajan,31,F,O+,Kalapatti,11.06866,77.070384,2025-02-26,5,5,1,57.2,weekdays,1,active
D00441,Roja Sharma,25,M,A-,Ukkadam,10.963095,76.965472,2025-06-10,3,8,5,47.7,anytime,1,active
D00442,Geetha Menon,32,M,B+,Peelamedu,11.032089,77.034942,2026-01-29,7,7,6,27.8,weekends,1,active
D00443,Kavya Nair,18,F,O+,Kalapatti,11.046766,77.014232,2025-06-03,5,5,2,32.7,weekdays,1,active
D00444,Suresh Raj,20,M,A+,Ukkadam,10.999643,76.937197,2026-05-13,2,7,4,39.0,anytime,0,active
D00445,Ramesh Kumar,30,M,A+,Kalapatti,11.048882,77.033755,2024-09-15,5,6,4,59.6,weekends,1,active
D00446,Nithya Balan,25,M,O+,Peelamedu,11.043068,77.006677,2025-04-10,8,13,2,62.0,anytime,0,active
D00447,Prakash Rajan,38,F,A+,Podanur,10.948719,76.96704,2025-06-29,4,8,3,46.2,anytime,0,active
D00448,Revathi Reddy,21,F,AB+,Kalapatti,11.093428,77.065246,2024-04-20,5,5,5,69.1,anytime,1,active
D00449,Prakash Subramani,19,M,O+,Podanur,10.949874,76.948142,2024-08-29,3,5,5,54.8,anytime,1,active
D00450,Manoj Balan,28,F,A+,Singanallur,10.994854,77.05057,2024-09-29,1,4,2,68.7,weekdays,1,active
D00451,Geetha Balan,48,M,A+,Podanur,10.979393,76.954906,2025-03-04,3,6,3,34.9,weekends,0,active
D00452,Anitha Nair,40,M,AB+,Kalapatti,11.057256,77.014211,2024-07-21,4,8,1,41.5,anytime,0,active
D00453,Revathi Pillai,41,F,A-,Coimbatore Central,11.004276,76.97246,2026-02-16,1,4,2,5.0,weekdays,1,active
D00454,Ramesh Moorthy,20,F,O+,Podanur,10.925109,76.939697,2026-06-04,2,2,1,69.6,anytime,0,active
D00455,Sandhya Balan,37,F,O+,Coimbatore Central,10.994494,76.963576,2026-03-26,2,2,0,34.4,weekdays,1,active
D00456,Revathi Sharma,32,F,O+,Ukkadam,11.001346,76.980973,,0,4,1,93.9,anytime,0,active
D00457,Vijay Menon,27,M,O-,Coimbatore Central,10.986845,76.967691,2026-08-18,2,5,4,41.4,anytime,0,active
D00458,Anitha Subramani,32,F,O+,Gandhipuram,11.042995,76.940039,2026-05-09,4,8,0,61.8,anytime,1,inactive
D00459,Bhavani Menon,27,M,B-,Peelamedu,11.029828,76.997235,2025-04-28,8,11,5,64.9,emergency_only,1,active
D00460,Prakash Reddy,32,M,O+,Podanur,10.956856,76.961772,2025-05-19,3,6,6,57.0,weekdays,1,active
D00461,Arun Krishnan,37,F,O+,Peelamedu,11.015966,77.042647,2026-01-10,6,10,4,39.7,weekdays,0,active
D00462,Roja Raj,30,M,O+,Vadavalli,11.019979,76.910028,2025-05-06,2,2,1,87.2,emergency_only,1,active
D00463,Sathish Moorthy,40,F,O+,Vadavalli,11.009263,76.883716,2026-05-30,8,10,0,53.9,anytime,1,active
D00464,Priya Menon,42,M,O+,Vadavalli,11.001828,76.906747,2026-06-29,5,5,1,68.9,anytime,1,active
D00465,Swathi Kumar,18,M,B-,Peelamedu,11.052357,77.035627,2026-04-28,7,11,11,5.0,weekdays,1,inactive
D00466,Ramesh Raj,31,M,A+,Vadavalli,11.017159,76.933368,2024-07-20,1,3,2,33.5,anytime,0,active
D00467,Divya Krishnan,28,F,O+,RS Puram,10.986152,76.966734,2024-10-10,5,8,4,32.2,weekdays,1,active
D00468,Arjun Nair,33,F,A+,Peelamedu,11.001772,77.054826,2026-06-26,6,7,6,17.1,anytime,0,active
D00469,Karthik Iyer,30,M,O-,Gandhipuram,10.991935,76.950869,2025-12-16,1,3,1,50.0,anytime,1,active
D00470,Arun Subramani,41,F,A+,Singanallur,10.992331,77.001778,,0,2,0,58.5,weekdays,0,active
D00471,Arun Balan,27,M,O+,Podanur,10.943408,76.966261,2025-11-09,4,6,4,51.6,anytime,1,active
D00472,Priya Subramani,18,M,A+,Gandhipuram,11.031442,76.953488,2026-07-02,4,6,4,57.0,anytime,1,active
D00473,Anitha Kumar,29,M,A+,Coimbatore Central,11.009332,76.974344,2024-04-25,7,8,4,18.9,weekdays,0,active
D00474,Sathish Pillai,40,F,A-,Ukkadam,11.001143,76.974375,2025-02-09,3,3,2,68.0,anytime,1,active
D00475,Nithya Balan,45,M,O+,Coimbatore Central,11.018733,76.928642,2025-03-13,1,6,3,46.0,emergency_only,1,active
D00476,Sandhya Moorthy,43,F,O+,Coimbatore Central,10.989651,76.951261,2026-02-15,4,5,2,75.1,anytime,0,active
D00477,Suresh Sharma,41,F,O+,Podanur,10.934108,76.99042,2026-07-27,3,7,3,54.2,weekdays,0,active
D00478,Manoj Rajan,23,M,B+,Gandhipuram,11.017973,76.944781,2025-04-01,2,4,1,34.4,weekends,1,active
D00479,Priya Pillai,44,M,O+,Singanallur,10.982189,77.021255,2025-07-26,4,5,2,38.5,emergency_only,1,inactive
D00480,Bhavani Kumar,19,M,A+,Ukkadam,11.008408,76.945841,2025-11-04,7,12,12,8.7,weekends,1,active
D00481,Swathi Chandran,36,M,O+,Kalapatti,11.05267,77.056555,2025-08-09,4,8,7,34.0,weekdays,1,active
D00482,Suresh Menon,41,F,A+,Ukkadam,10.985135,76.93325,2025-02-23,6,6,0,47.5,weekdays,1,inactive
D00483,Anitha Balan,18,M,A-,Gandhipuram,10.99779,76.948669,2025-03-31,4,8,6,93.5,anytime,0,active
D00484,Vijay Nair,36,M,O+,Singanallur,11.02996,77.036128,2025-10-16,2,7,2,30.4,anytime,0,active
D00485,Dinesh Krishnan,27,F,AB+,Peelamedu,11.039309,76.997572,2025-12-12,4,6,4,35.9,anytime,1,active
D00486,Geetha Rajan,33,F,O+,RS Puram,11.014743,76.937686,2024-10-14,2,3,3,28.6,emergency_only,1,active
D00487,Deepa Menon,30,M,O+,Ukkadam,10.968962,76.966993,2025-06-03,4,8,6,34.6,anytime,0,active
D00488,Sathish Rajan,25,F,O+,Vadavalli,11.046166,76.909019,2025-07-20,5,9,4,54.0,emergency_only,0,active
D00489,Senthil Gowda,29,M,B+,Peelamedu,11.034829,77.020246,2026-04-30,5,9,3,78.0,weekdays,0,active
D00490,Anitha Gowda,28,M,B+,Kalapatti,11.094066,77.047136,2025-12-05,6,6,2,66.6,weekends,1,suspended
D00491,Arun Krishnan,25,M,B+,Peelamedu,11.036579,77.022303,2026-02-08,4,9,0,42.6,emergency_only,0,active
D00492,Priya Raj,32,M,A+,Coimbatore Central,10.989721,76.966443,2025-10-19,8,12,7,36.4,weekdays,1,inactive
D00493,Naveen Raj,37,M,A+,Podanur,10.973002,76.984167,2025-06-22,6,10,3,36.4,weekends,1,active
D00494,Divya Reddy,18,Other,A-,Gandhipuram,11.024887,76.955097,2026-03-05,1,4,3,70.2,weekdays,0,active
D00495,Sathish Chandran,18,F,B+,Gandhipuram,11.038396,76.979272,2025-01-01,7,8,5,32.7,weekends,1,active
D00496,Swathi Kumar,40,F,AB+,Vadavalli,11.031133,76.923655,2025-05-19,5,5,1,39.1,anytime,0,suspended
D00497,Nithya Nair,40,F,B+,Vadavalli,11.023558,76.885117,2026-08-24,5,9,4,36.3,weekdays,1,active
D00498,Arun Balan,29,M,O+,Kalapatti,11.048732,77.051686,2025-01-24,7,12,8,63.6,anytime,1,active
D00499,Karthik Krishnan,27,M,B+,Singanallur,10.999193,77.043649,2024-06-17,4,9,8,42.2,weekends,1,inactive
D00500,Ganesh Gowda,22,M,O+,Saibaba Colony,11.040997,76.922408,2024-06-08,2,4,2,39.4,weekdays,1,active
D00501,Meena Chandran,39,F,A-,Peelamedu,11.0155,77.017903,2025-04-18,2,4,3,47.0,weekends,1,active
D00502,Priya Raj,26,M,O+,Peelamedu,11.006919,77.040078,2024-12-28,6,8,4,22.4,emergency_only,1,active
D00503,Nithya Reddy,40,M,O-,Ukkadam,11.004443,76.948001,2026-06-27,3,3,1,53.8,emergency_only,1,active
D00504,Ramesh Balan,40,F,O+,Saibaba Colony,11.03494,76.967982,2024-08-21,5,9,2,26.1,weekends,1,active
D00505,Nithya Rajan,26,M,A+,Peelamedu,11.01432,77.000573,2024-10-19,1,5,3,51.4,emergency_only,1,active
D00506,Nithya Moorthy,32,M,A+,Peelamedu,11.021727,77.014339,2024-12-23,5,8,5,77.5,anytime,0,active
D00507,Lakshmi Chandran,18,M,B-,Kalapatti,11.095587,77.070646,2025-06-15,5,9,7,57.1,anytime,1,inactive
D00508,Suresh Nair,36,M,A+,Singanallur,11.006773,77.023278,2024-06-05,6,11,10,35.0,weekends,1,active
D00509,Naveen Sharma,30,F,A+,Kalapatti,11.080904,77.046655,2026-04-10,6,10,9,52.0,weekdays,1,inactive
D00510,Muthu Nair,46,F,O+,Vadavalli,11.02666,76.914005,2024-05-09,3,5,0,64.2,weekdays,0,active
D00511,Prakash Iyer,40,M,B+,Saibaba Colony,11.043563,76.947408,2024-07-05,6,9,2,51.2,anytime,0,active
D00512,Sathish Nair,22,M,O+,Ukkadam,10.963595,76.954878,2024-06-12,3,3,0,82.4,emergency_only,1,inactive
D00513,Ganesh Raj,28,M,O+,RS Puram,11.021179,76.961438,2025-06-23,6,11,2,32.6,anytime,1,active
D00514,Prakash Rajan,25,F,B+,Saibaba Colony,11.036887,76.943307,2026-04-19,4,8,4,49.0,emergency_only,1,active
D00515,Vijay Kumar,22,M,O+,Coimbatore Central,10.984971,76.93088,2026-02-22,3,8,2,43.6,anytime,1,active
D00516,Dinesh Rajan,29,F,O+,Vadavalli,10.998953,76.92444,2026-08-07,2,6,5,33.8,anytime,0,active
D00517,Lakshmi Pillai,24,F,O+,Kalapatti,11.09102,77.056666,2025-11-25,5,8,6,36.7,weekdays,0,active
D00518,Meena Menon,28,M,O+,Singanallur,10.995088,77.006037,2025-11-10,4,5,5,39.1,anytime,1,active
D00519,Sathish Moorthy,18,M,A+,Ukkadam,11.00513,76.948744,2024-06-10,1,1,1,40.8,anytime,1,active
D00520,Dinesh Rajan,29,F,A+,Gandhipuram,10.991205,76.997035,2024-11-26,4,4,0,54.0,weekends,1,active
D00521,Sandhya Sharma,31,M,O-,Gandhipuram,11.03433,76.951805,2024-11-02,2,3,2,23.7,anytime,1,active
D00522,Sathish Subramani,27,M,O+,RS Puram,10.995186,76.979504,2025-12-10,1,6,5,66.3,weekdays,1,inactive
D00523,Anitha Sharma,27,F,O-,Saibaba Colony,11.002614,76.966391,2025-06-14,3,8,7,11.9,emergency_only,0,active
D00524,Suresh Krishnan,30,F,O+,Peelamedu,11.023824,77.031769,2026-03-01,2,7,5,18.8,weekdays,0,active
D00525,Karthik Kumar,35,M,B+,RS Puram,11.03371,76.958458,2025-05-04,3,3,1,40.2,weekends,1,active
D00526,Divya Sharma,25,F,O+,Singanallur,10.973024,77.007799,2025-09-13,4,8,6,48.8,anytime,0,active
D00527,Senthil Krishnan,43,M,O+,Podanur,10.980605,76.940762,2026-05-22,2,5,3,26.8,anytime,1,active
D00528,Meena Krishnan,36,M,O-,Vadavalli,11.018077,76.935266,2025-01-05,7,8,7,6.1,anytime,1,active
D00529,Anitha Reddy,35,F,A-,Singanallur,11.001144,77.047927,2024-10-05,4,4,2,38.8,anytime,0,active
D00530,Ramesh Gowda,39,M,O+,Saibaba Colony,11.039857,76.935575,2024-11-19,2,4,2,29.8,emergency_only,1,active
D00531,Geetha Rajan,29,M,O+,Vadavalli,11.046289,76.883318,2024-11-10,6,8,0,67.8,anytime,1,active
D00532,Arjun Chandran,29,F,A+,Gandhipuram,10.994936,76.979338,2025-03-15,6,10,10,5.0,weekdays,1,active
D00533,Sandhya Nair,23,F,B+,Singanallur,10.988703,77.028218,,0,5,5,32.8,anytime,0,active
D00534,Pooja Kumar,42,M,O+,Saibaba Colony,11.040555,76.917241,2025-06-11,5,8,8,48.8,weekends,0,active
D00535,Divya Nair,30,F,O+,Vadavalli,11.027755,76.903833,2025-01-11,4,9,5,14.7,weekends,1,active
D00536,Naveen Subramani,29,M,O-,Peelamedu,11.043599,77.023125,2025-01-21,6,8,4,15.5,anytime,0,suspended
D00537,Bhavani Subramani,53,M,O+,Vadavalli,11.006602,76.937062,2025-09-09,4,8,5,34.5,anytime,0,active
D00538,Karthik Iyer,31,M,A+,Coimbatore Central,10.985454,76.972453,2024-07-26,3,4,2,55.4,anytime,1,suspended
D00539,Prakash Menon,36,F,A+,Saibaba Colony,10.997387,76.945521,2026-02-28,6,6,0,41.2,weekends,1,active
D00540,Prakash Subramani,23,M,A+,Singanallur,10.990677,77.038301,2024-08-14,4,6,5,58.2,weekdays,1,active
D00541,Revathi Nair,31,M,O+,Peelamedu,11.030023,77.018461,2024-06-04,7,8,2,58.5,weekends,0,active
D00542,Meena Sharma,18,M,A-,Podanur,10.935375,76.967194,2025-11-13,3,5,4,54.0,emergency_only,1,active
D00543,Bhavani Raj,50,M,A+,Singanallur,10.98906,77.001817,2025-04-12,2,4,0,29.4,weekends,1,active
D00544,Suresh Sharma,27,Other,O+,Singanallur,10.995389,77.053172,2025-03-16,2,6,5,40.9,emergency_only,1,active
D00545,Suresh Kumar,36,M,O+,Kalapatti,11.094122,77.017097,2026-05-10,2,5,1,54.5,anytime,1,active
D00546,Naveen Menon,38,M,A+,Kalapatti,11.079957,77.051324,,0,0,0,51.3,weekends,1,active
D00547,Priya Iyer,41,M,O+,Vadavalli,11.009798,76.92883,2024-10-22,7,12,6,54.1,anytime,1,active
D00548,Suresh Iyer,30,F,A+,Vadavalli,11.020603,76.893902,2026-01-09,2,7,5,48.8,weekdays,1,inactive
D00549,Deepa Menon,31,M,O-,Podanur,10.95193,76.983153,2024-08-23,2,2,1,62.4,weekdays,1,active
D00550,Naveen Rajan,65,M,A+,Podanur,10.970061,76.94731,2025-11-11,1,2,1,26.7,anytime,1,active
D00551,Swathi Raj,37,F,O+,Podanur,10.946875,76.99566,2026-02-02,2,4,3,13.7,anytime,1,inactive
D00552,Geetha Sharma,41,M,O+,Kalapatti,11.080885,77.050071,2026-01-15,10,15,8,17.8,anytime,1,active
D00553,Deepa Menon,28,F,A+,Vadavalli,11.000797,76.921127,2025-09-19,8,9,4,40.1,emergency_only,1,active
D00554,Anitha Raj,29,F,A-,Coimbatore Central,11.017555,76.938265,2026-05-28,3,5,1,64.9,anytime,0,active
D00555,Meena Krishnan,25,M,A+,Peelamedu,11.014615,77.049763,2025-09-01,3,4,3,29.6,anytime,0,active
D00556,Anitha Kumar,36,M,O-,RS Puram,11.013031,76.953084,2024-09-23,3,5,3,39.7,anytime,1,suspended
D00557,Arun Balan,41,M,O+,Kalapatti,11.064973,77.032367,2025-06-02,1,4,4,33.6,weekends,1,active
D00558,Bhavani Subramani,31,M,A-,Kalapatti,11.042175,77.061238,2025-04-25,2,2,0,50.5,anytime,1,inactive
D00559,Ramesh Menon,21,F,O-,Singanallur,11.001149,77.00599,2025-02-05,5,10,9,28.0,weekdays,0,active
D00560,Naveen Nair,31,M,B+,Saibaba Colony,11.008315,76.957017,2024-08-04,4,8,5,45.7,anytime,1,inactive
D00561,Revathi Pillai,35,M,O-,Ukkadam,10.994737,76.966532,2026-09-15,3,3,3,24.6,anytime,1,active
D00562,Vikram Chandran,29,F,O+,Vadavalli,11.052266,76.932135,2024-06-02,2,5,3,53.4,weekdays,0,active
D00563,Swathi Raj,33,F,B+,Vadavalli,11.001506,76.906288,2024-07-19,2,3,2,76.9,anytime,0,active
D00564,Naveen Sharma,19,M,A+,Kalapatti,11.081155,77.017224,2026-04-19,3,4,1,65.1,weekdays,0,active
D00565,Senthil Moorthy,41,F,B-,RS Puram,11.013866,76.959418,2025-07-10,1,2,2,43.2,anytime,1,active
D00566,Karthik Rajan,28,F,B+,Saibaba Colony,11.026593,76.970757,2024-11-22,4,6,4,28.2,weekdays,1,suspended
D00567,Bhavani Moorthy,39,M,A+,Ukkadam,11.002054,76.933982,2024-12-19,1,4,3,27.9,emergency_only,0,active
D00568,Divya Gowda,18,F,A+,Singanallur,11.001385,77.048355,2026-03-05,6,11,6,46.3,anytime,0,active
D00569,Vikram Gowda,18,M,A-,Gandhipuram,10.99368,76.967835,2026-08-03,1,1,1,66.4,emergency_only,0,active
D00570,Naveen Chandran,39,F,AB+,Singanallur,11.008298,77.011115,2026-01-17,6,11,11,38.0,weekdays,0,active
D00571,Meena Sharma,31,M,B+,Ukkadam,10.998033,76.951054,2026-04-24,5,10,10,56.7,anytime,1,active
D00572,Vijay Menon,34,M,A+,Ukkadam,10.99708,76.971431,2026-01-23,2,2,2,5.0,emergency_only,0,active
D00573,Suresh Sharma,29,F,O+,Peelamedu,11.052047,77.026798,2024-06-26,5,10,1,85.8,emergency_only,0,active
D00574,Vikram Moorthy,26,F,O+,Vadavalli,10.99313,76.893917,2026-05-05,1,4,2,67.6,weekdays,1,active
D00575,Vikram Chandran,31,F,O+,Singanallur,11.001723,77.044827,2026-04-02,1,3,2,48.9,weekends,1,inactive
D00576,Pooja Iyer,28,M,A+,Ukkadam,10.9997,76.976867,2025-04-13,5,10,1,30.7,anytime,0,inactive
D00577,Swathi Rajan,37,M,B+,Kalapatti,11.04479,77.071454,2024-10-07,3,6,2,72.1,anytime,0,active
D00578,Arun Krishnan,20,M,B+,Singanallur,11.013003,77.030685,2025-01-15,4,4,2,38.5,anytime,1,active
D00579,Roja Rajan,18,M,O+,Vadavalli,11.028212,76.924339,2024-11-16,6,10,6,7.8,anytime,1,active
D00580,Vikram Krishnan,29,F,O-,RS Puram,10.989885,76.935084,2025-10-08,2,4,3,24.9,anytime,1,active
D00581,Senthil Iyer,30,F,A+,Vadavalli,11.012043,76.88922,2026-01-12,4,7,2,35.9,weekdays,1,active
D00582,Dinesh Balan,43,M,A+,Saibaba Colony,11.028751,76.935667,2024-08-23,3,5,1,55.1,weekdays,1,inactive
D00583,Bhavani Nair,29,M,A+,Gandhipuram,11.002862,76.953539,2026-08-08,4,6,2,57.0,anytime,0,active
D00584,Manoj Rajan,18,M,A+,Kalapatti,11.048713,77.049209,2026-04-30,3,5,2,76.7,weekdays,0,inactive
D00585,Arun Reddy,28,M,A-,Gandhipuram,11.04222,76.992554,2025-09-18,3,8,2,60.9,anytime,0,active
D00586,Sathish Gowda,34,Other,A-,Vadavalli,11.038523,76.918041,2024-10-30,5,9,4,46.4,weekends,1,active
D00587,Kavya Moorthy,29,M,O+,Singanallur,10.995518,77.052695,2024-04-17,2,4,4,42.5,anytime,1,inactive
D00588,Ramesh Chandran,19,M,A+,Peelamedu,11.011556,77.023286,2025-01-06,3,7,5,68.4,weekends,1,active
D00589,Deepa Chandran,38,M,O+,Kalapatti,11.045159,77.040797,2024-06-22,4,7,2,54.0,weekends,1,active
D00590,Pooja Chandran,25,F,O-,Saibaba Colony,11.003072,76.925644,2024-09-15,3,8,3,51.3,anytime,1,active
D00591,Naveen Sharma,39,M,O+,Coimbatore Central,11.023858,76.96561,2025-02-27,4,9,4,30.3,emergency_only,1,active
D00592,Roja Balan,24,M,B+,Kalapatti,11.062374,77.033392,2025-11-19,3,5,2,18.7,weekdays,1,active
D00593,Geetha Sharma,32,M,O+,Gandhipuram,11.023672,76.94549,2026-01-25,3,5,2,70.8,weekends,1,active
D00594,Meena Sharma,25,F,A-,Ukkadam,10.974868,76.969234,2024-10-30,2,7,3,35.9,weekends,1,active
D00595,Pooja Gowda,47,F,B-,Ukkadam,11.015619,76.947577,2024-08-12,2,3,1,42.8,anytime,1,active
D00596,Karthik Chandran,36,F,B+,Kalapatti,11.082582,77.021082,2026-04-30,2,3,2,5.0,weekdays,1,inactive
D00597,Divya Gowda,28,M,O-,Saibaba Colony,11.036719,76.918821,2024-05-16,4,9,6,61.4,emergency_only,1,active
D00598,Nithya Nair,32,M,A+,Gandhipuram,10.997815,76.991491,2026-05-07,1,6,4,63.0,anytime,0,active
D00599,Nithya Krishnan,26,F,O+,Podanur,10.937195,76.990568,2026-03-27,4,7,6,70.0,weekends,0,inactive
D00600,Muthu Nair,33,F,A+,Saibaba Colony,10.990232,76.946753,2025-12-15,3,4,3,52.0,anytime,1,inactive
D00601,Nithya Reddy,32,M,O+,Coimbatore Central,11.007429,76.958882,2025-11-11,5,6,3,57.8,weekdays,1,active
D00602,Naveen Iyer,32,F,O-,RS Puram,10.990398,76.954075,2026-05-27,6,11,4,95.2,anytime,1,active
D00603,Deepa Pillai,24,F,O+,RS Puram,10.980172,76.962192,2026-05-31,3,3,0,56.2,anytime,1,active
D00604,Revathi Reddy,40,F,O-,Podanur,10.94428,76.987383,2024-07-25,6,8,2,42.8,anytime,1,active
D00605,Arun Chandran,30,M,B+,Gandhipuram,11.01409,76.973862,2025-01-21,1,1,0,95.7,anytime,1,active
D00606,Karthik Iyer,29,F,O+,Ukkadam,11.017235,76.958094,2024-04-26,7,7,1,38.5,weekdays,1,active
D00607,Prakash Nair,26,F,AB+,RS Puram,10.997,76.922137,2024-07-24,4,4,2,39.3,weekends,0,active
D00608,Priya Nair,26,F,A+,Peelamedu,11.020991,77.004451,2024-12-13,7,7,1,39.8,weekends,1,active
D00609,Arun Menon,44,F,O+,Podanur,10.947917,76.942854,2025-06-28,1,1,0,61.2,weekdays,1,inactive
D00610,Roja Gowda,21,F,A+,Peelamedu,11.00706,77.035841,2025-05-09,3,6,2,51.3,anytime,0,active
D00611,Nithya Menon,21,M,A+,Coimbatore Central,10.986499,76.970048,2026-07-29,8,8,6,21.4,anytime,1,active
D00612,Meena Kumar,26,F,A+,Singanallur,10.977709,77.029018,2026-05-27,5,9,9,37.1,anytime,0,active
D00613,Ganesh Subramani,44,F,O+,RS Puram,11.000555,76.971676,,0,3,1,35.9,emergency_only,0,active
D00614,Lakshmi Subramani,33,F,O+,Gandhipuram,11.043685,76.972225,2024-09-17,5,8,6,14.9,weekdays,1,active
D00615,Roja Raj,18,M,A+,Saibaba Colony,10.995776,76.924174,2026-02-22,3,6,3,36.1,weekdays,1,active
D00616,Suresh Gowda,18,F,O+,Coimbatore Central,11.025444,76.947472,2025-02-05,2,3,2,54.9,weekdays,0,active
D00617,Revathi Reddy,36,M,AB+,Coimbatore Central,11.005458,76.944462,,0,1,0,40.6,weekdays,0,active
D00618,Karthik Nair,28,M,O+,Kalapatti,11.064098,77.026683,2026-02-03,9,12,6,38.1,anytime,1,active
D00619,Suresh Kumar,38,M,O+,Vadavalli,11.039098,76.942023,2024-10-11,4,7,3,44.7,anytime,0,active
D00620,Vijay Iyer,42,M,O+,Podanur,10.932427,76.987872,2026-07-28,10,11,4,14.2,anytime,1,active
D00621,Meena Balan,26,F,O+,RS Puram,11.006679,76.924172,2025-11-15,7,9,7,29.5,weekdays,0,active
D00622,Sathish Krishnan,33,M,O+,Ukkadam,10.966992,76.953474,2024-07-01,3,3,2,77.9,anytime,0,active
D00623,Karthik Reddy,27,M,O+,Vadavalli,11.045256,76.90683,2026-05-28,6,8,6,56.3,anytime,0,active
D00624,Vikram Menon,20,M,O+,Ukkadam,11.005417,76.936298,2026-06-06,5,6,4,12.7,weekdays,1,active
D00625,Sathish Gowda,48,M,A+,Singanallur,11.004414,77.01494,2026-06-04,2,6,1,47.1,weekdays,1,active
D00626,Swathi Nair,32,F,O+,Singanallur,10.986445,77.00789,2026-04-27,3,3,2,78.3,weekdays,1,active
D00627,Revathi Raj,22,F,O+,Coimbatore Central,11.005589,76.939729,2025-10-02,2,6,4,36.9,anytime,0,active
D00628,Naveen Moorthy,37,F,A+,Podanur,10.955484,76.950423,2024-09-09,3,3,2,78.2,weekdays,0,inactive
D00629,Anitha Chandran,29,M,AB+,Saibaba Colony,10.998791,76.932274,2026-02-02,4,5,4,31.7,weekdays,0,active
D00630,Priya Pillai,28,M,B+,Gandhipuram,11.027606,76.981751,2025-10-20,4,4,1,32.2,emergency_only,1,active
D00631,Meena Kumar,27,F,A+,Saibaba Colony,11.04685,76.944637,2025-04-14,3,6,4,35.9,anytime,1,active
D00632,Vijay Balan,27,M,O+,Vadavalli,10.993085,76.941145,2025-02-16,7,11,9,23.4,emergency_only,1,active
D00633,Roja Gowda,22,F,O-,Vadavalli,11.002269,76.934264,2026-08-10,3,3,1,37.5,anytime,1,active
D00634,Naveen Pillai,30,M,O-,Singanallur,10.986548,77.009151,2024-10-13,4,9,1,49.6,anytime,1,inactive
D00635,Vikram Kumar,42,F,B-,Ukkadam,10.971196,76.94175,2026-06-12,5,6,0,56.1,anytime,1,active
D00636,Vikram Subramani,44,M,O+,Kalapatti,11.057882,77.022612,2026-04-03,2,2,1,34.7,weekdays,0,active
D00637,Kavya Nair,40,F,O-,Saibaba Colony,11.027819,76.925439,2025-03-03,3,6,3,40.9,emergency_only,1,active
D00638,Meena Subramani,31,F,B+,Ukkadam,10.980969,76.986732,2025-06-24,8,12,11,50.7,emergency_only,0,active
D00639,Suresh Pillai,35,M,A+,Peelamedu,11.016061,77.015358,2024-07-12,5,10,6,29.5,weekends,1,active
D00640,Sandhya Chandran,27,F,O+,Saibaba Colony,11.031091,76.949958,2024-09-06,3,6,6,30.1,anytime,1,active
D00641,Priya Balan,25,F,A+,Vadavalli,10.993726,76.885159,2025-01-03,3,7,5,48.8,anytime,0,suspended
D00642,Suresh Balan,28,F,O+,Vadavalli,11.012929,76.92252,2025-01-27,1,6,3,30.6,anytime,1,active
D00643,Meena Rajan,18,F,A+,Peelamedu,11.044358,77.003733,2025-04-20,4,6,4,66.9,weekdays,0,active
D00644,Vikram Chandran,38,M,O+,Ukkadam,10.99539,76.97964,2026-05-31,4,7,4,82.5,weekends,1,active
D00645,Vijay Menon,32,F,AB-,RS Puram,11.029994,76.963752,2026-01-06,5,9,5,15.7,weekdays,1,active
D00646,Ganesh Sharma,26,M,O-,Vadavalli,11.032875,76.883835,2025-10-30,4,5,2,88.7,weekends,1,active
D00647,Muthu Balan,43,F,B+,RS Puram,11.009214,76.95694,2025-05-08,8,12,1,41.2,weekdays,0,active
D00648,Sandhya Balan,40,F,A+,Podanur,10.946374,76.982113,2026-03-01,4,7,3,27.3,anytime,1,active
D00649,Priya Moorthy,24,M,B-,Peelamedu,11.057909,77.05113,2026-05-20,6,11,6,46.8,anytime,1,active
D00650,Ramesh Balan,46,F,A-,RS Puram,10.990519,76.924351,2025-01-27,11,14,11,34.2,weekdays,1,active
D00651,Nithya Iyer,18,F,O-,Vadavalli,11.03383,76.897323,2026-06-12,6,9,9,71.9,emergency_only,1,active
D00652,Karthik Nair,38,F,B+,Peelamedu,11.002992,77.027655,2025-10-02,2,4,3,64.7,weekends,1,active
D00653,Ramesh Sharma,41,M,A+,Vadavalli,11.020089,76.906698,2026-02-02,4,4,0,76.5,weekdays,1,active
D00654,Roja Reddy,27,F,O+,Ukkadam,11.006307,76.945634,2025-10-17,3,5,1,50.3,weekends,0,active
D00655,Ganesh Sharma,18,M,O+,Gandhipuram,11.039015,76.9388,2025-11-16,4,7,4,47.6,emergency_only,0,active
D00656,Roja Chandran,56,M,A+,Gandhipuram,11.002567,76.984953,2024-05-09,6,7,2,21.9,weekdays,0,active
D00657,Bhavani Rajan,49,F,A+,Podanur,10.960457,76.987862,2025-04-03,3,7,1,47.7,anytime,1,active
D00658,Sandhya Moorthy,45,M,A+,Vadavalli,11.026675,76.902132,2024-09-07,4,9,4,54.7,anytime,1,inactive
D00659,Geetha Kumar,34,F,B+,Singanallur,11.01425,77.051935,2024-05-26,3,4,3,50.3,emergency_only,1,active
D00660,Sathish Gowda,37,M,B+,Saibaba Colony,11.0143,76.974684,,0,5,4,56.2,weekdays,0,active
D00661,Deepa Iyer,30,M,O+,Singanallur,10.984811,77.01873,2024-09-23,3,3,3,90.7,weekdays,0,active
D00662,Deepa Pillai,39,M,A+,Ukkadam,10.995941,76.97994,2024-04-20,10,13,6,50.9,anytime,1,active
D00663,Ganesh Menon,20,F,O-,RS Puram,11.028487,76.947546,2025-04-07,3,3,2,39.1,anytime,0,active
D00664,Deepa Moorthy,38,M,B+,RS Puram,11.004962,76.979292,2026-04-06,4,7,3,8.2,anytime,0,active
D00665,Kavya Balan,53,M,O+,Podanur,10.930396,76.962752,2026-07-24,5,5,1,87.8,anytime,0,active
D00666,Sandhya Balan,38,F,O+,Coimbatore Central,11.029442,76.933372,2026-03-25,2,7,4,47.4,emergency_only,1,active
D00667,Priya Chandran,54,M,O-,Podanur,10.959944,76.991318,2026-01-10,4,9,8,26.2,weekdays,1,inactive
D00668,Anitha Subramani,18,F,O+,Vadavalli,11.004044,76.925849,2024-09-19,6,9,8,44.6,anytime,1,active
D00669,Divya Subramani,34,M,B-,Vadavalli,11.016725,76.939523,2025-05-05,2,4,2,39.6,anytime,0,active
D00670,Roja Sharma,48,F,O+,Ukkadam,10.997399,76.937531,2026-03-01,4,7,4,11.0,anytime,1,active
D00671,Lakshmi Rajan,45,F,A+,Kalapatti,11.053139,77.059042,2025-02-14,2,5,0,46.2,weekends,1,active
D00672,Priya Balan,26,F,A+,Coimbatore Central,11.02277,76.94223,2024-10-14,4,4,3,44.5,emergency_only,1,active
D00673,Naveen Raj,18,F,A+,Kalapatti,11.075282,77.053286,2024-07-20,6,10,5,72.8,anytime,1,active
D00674,Bhavani Balan,32,F,B+,Kalapatti,11.051076,77.022212,2026-03-25,2,3,2,47.4,weekends,0,active
D00675,Prakash Chandran,38,F,A+,Singanallur,10.975817,77.00031,2026-08-16,1,1,1,46.7,anytime,1,inactive
D00676,Deepa Subramani,36,F,A+,Kalapatti,11.077938,77.021665,2026-05-13,5,7,5,33.1,anytime,1,active
D00677,Ramesh Moorthy,36,F,O+,RS Puram,11.003053,76.977598,2025-02-25,5,10,3,28.6,emergency_only,0,active
D00678,Pooja Subramani,46,F,O+,Singanallur,10.990227,77.019541,2025-11-28,2,4,1,25.9,weekends,0,active
D00679,Vikram Menon,34,F,A+,Ukkadam,10.961444,76.980297,2026-03-15,5,7,5,29.0,anytime,0,inactive
D00680,Arjun Moorthy,23,M,O-,Ukkadam,10.995399,76.934912,2024-09-25,3,4,0,79.6,anytime,0,active
D00681,Kavya Rajan,28,M,A+,RS Puram,11.033151,76.927302,2025-08-07,7,9,5,41.8,anytime,0,active
D00682,Meena Gowda,35,M,B+,Vadavalli,11.020107,76.915631,2025-03-31,3,4,1,67.5,weekdays,0,active
D00683,Dinesh Iyer,26,M,A-,Kalapatti,11.05802,77.065677,2026-08-19,3,7,4,8.1,anytime,0,active
D00684,Vikram Sharma,18,M,O+,Saibaba Colony,11.036114,76.953307,2026-05-14,9,10,10,30.1,anytime,1,active
D00685,Bhavani Subramani,34,M,O+,Kalapatti,11.042572,77.042597,2024-10-07,2,7,3,49.8,weekdays,0,active
D00686,Nithya Sharma,23,M,B+,Podanur,10.976324,76.966901,2026-04-22,8,12,0,95.4,weekends,1,active
D00687,Revathi Subramani,33,F,O+,Ukkadam,10.959427,76.935833,2024-08-09,5,7,3,62.9,weekdays,0,active
D00688,Sandhya Sharma,40,M,B+,Singanallur,10.994422,77.034582,2025-10-10,2,2,2,75.6,weekdays,1,active
D00689,Senthil Sharma,46,F,O+,Gandhipuram,11.024209,76.97428,2024-08-23,3,4,3,36.4,weekdays,1,active
D00690,Deepa Pillai,41,F,O-,Kalapatti,11.079902,77.068388,2025-12-09,3,7,3,67.1,emergency_only,1,suspended
D00691,Vijay Krishnan,25,F,O-,RS Puram,10.97967,76.928663,2024-08-06,3,4,0,46.0,weekdays,1,active
D00692,Naveen Balan,32,M,O+,Ukkadam,11.005265,76.94491,2026-08-30,5,5,2,54.2,anytime,0,active
D00693,Manoj Subramani,26,M,O+,Vadavalli,11.00509,76.916955,2024-10-29,5,7,6,21.2,weekends,1,active
D00694,Dinesh Gowda,31,M,O+,RS Puram,10.984005,76.925311,2024-09-27,9,14,8,34.5,anytime,0,inactive
D00695,Nithya Balan,40,F,B+,Peelamedu,11.02805,77.047482,2025-11-18,3,4,0,59.5,weekends,1,active
D00696,Lakshmi Sharma,29,M,O-,RS Puram,10.985184,76.940273,2024-12-23,6,8,5,76.3,anytime,1,active
D00697,Prakash Nair,33,M,O+,Kalapatti,11.088763,77.013523,2026-03-13,3,7,3,58.3,anytime,0,suspended
D00698,Sandhya Gowda,21,M,A+,Podanur,10.974515,76.989178,2024-10-06,6,7,7,16.3,anytime,0,active
D00699,Arun Krishnan,39,F,A+,Ukkadam,10.996267,76.935418,2024-12-24,4,6,4,38.6,anytime,0,active
D00700,Swathi Kumar,46,F,B+,Kalapatti,11.051181,77.050965,2025-01-19,2,4,2,29.9,anytime,0,inactive
D00701,Meena Chandran,27,M,B-,Ukkadam,10.983806,76.946377,2025-08-24,5,9,5,46.3,weekdays,1,active
D00702,Priya Iyer,32,M,A+,Saibaba Colony,11.045592,76.919076,2026-05-13,2,7,4,37.2,anytime,1,active
D00703,Pooja Reddy,43,F,O+,Vadavalli,11.007388,76.927476,2026-06-06,3,3,0,30.9,anytime,0,active
D00704,Divya Raj,26,M,O-,Coimbatore Central,11.019739,76.973293,2024-05-26,3,7,0,44.1,weekdays,0,inactive
D00705,Anitha Reddy,30,F,O+,Kalapatti,11.075473,77.059833,2025-10-25,6,7,6,28.8,anytime,1,active
D00706,Sathish Menon,38,M,A+,Ukkadam,10.977603,76.948799,2025-07-29,5,8,3,64.7,weekdays,0,active
D00707,Vijay Reddy,34,F,B+,Podanur,10.957893,76.94421,2026-01-01,4,5,1,60.2,weekdays,1,active
D00708,Deepa Nair,18,M,O+,Coimbatore Central,10.977779,76.944911,2026-04-30,5,9,2,69.9,emergency_only,1,active
D00709,Geetha Iyer,20,M,A-,Coimbatore Central,11.025623,76.937104,2025-06-22,2,2,1,46.6,weekends,0,active
D00710,Prakash Rajan,24,M,A-,Singanallur,10.99555,77.031584,2024-06-21,3,7,2,40.4,anytime,1,active
D00711,Karthik Krishnan,21,M,A+,Coimbatore Central,10.972522,76.962962,2026-02-25,5,9,6,34.4,anytime,1,inactive
D00712,Ganesh Balan,39,M,O+,Vadavalli,11.010876,76.923163,2025-06-08,9,10,6,57.3,emergency_only,1,active
D00713,Manoj Sharma,35,M,B+,Coimbatore Central,10.977946,76.960611,2024-09-13,3,6,4,19.2,anytime,0,active
D00714,Divya Kumar,31,M,A+,Saibaba Colony,11.02234,76.969968,2025-12-01,2,2,2,44.8,weekdays,0,active
D00715,Nithya Rajan,35,M,A+,Saibaba Colony,11.019431,76.939917,2026-09-05,3,4,2,26.2,weekdays,0,active
D00716,Dinesh Subramani,42,F,O+,RS Puram,11.030391,76.942653,2026-05-23,5,10,8,5.0,weekdays,1,active
D00717,Pooja Kumar,37,F,O+,Singanallur,10.973195,77.00667,2024-07-31,2,5,2,81.2,anytime,1,active
D00718,Manoj Nair,31,M,B+,Singanallur,10.977698,77.035483,2026-02-11,3,8,5,12.2,anytime,1,inactive
D00719,Geetha Raj,24,M,B+,Gandhipuram,11.028783,76.94396,2024-06-19,2,7,7,34.8,anytime,1,active
D00720,Dinesh Moorthy,31,F,O-,Peelamedu,11.04748,77.027159,2025-07-10,5,5,2,48.8,anytime,1,active
D00721,Muthu Rajan,38,M,A-,Ukkadam,11.000627,76.952668,2025-01-05,6,10,4,39.4,anytime,1,active
D00722,Arjun Reddy,34,F,A+,Kalapatti,11.056511,77.072466,2024-05-30,2,2,2,8.7,anytime,1,active
D00723,Senthil Krishnan,31,M,A+,Ukkadam,10.960791,76.932126,2025-02-26,4,8,4,14.9,weekdays,1,active
D00724,Prakash Balan,34,F,A-,Singanallur,11.027964,77.011188,2025-04-09,4,8,4,33.7,weekdays,1,active
D00725,Sathish Gowda,32,F,A-,Coimbatore Central,10.997432,76.949012,2026-02-14,1,3,1,71.3,anytime,1,active
D00726,Manoj Kumar,21,M,A+,Podanur,10.936546,76.983854,2025-05-01,8,13,3,58.3,anytime,1,active
D00727,Anitha Pillai,18,F,A+,Coimbatore Central,10.973299,76.973907,2025-09-21,3,8,4,52.8,weekends,0,active
D00728,Naveen Chandran,18,F,B-,Ukkadam,10.976882,76.979663,2026-02-19,4,4,2,25.5,anytime,0,active
D00729,Senthil Balan,55,M,B+,Kalapatti,11.094809,77.027015,2024-11-22,6,9,0,31.6,weekdays,1,active
D00730,Deepa Reddy,25,M,A+,Ukkadam,11.000373,76.96085,2026-03-30,1,5,3,30.2,anytime,0,active
D00731,Senthil Kumar,33,M,O+,Gandhipuram,11.015889,76.980593,2024-08-23,1,6,1,33.2,anytime,1,active
D00732,Arun Rajan,44,M,O+,Gandhipuram,11.047469,76.957327,2024-09-27,6,10,4,27.8,weekdays,0,active
D00733,Prakash Menon,25,M,O+,RS Puram,11.015313,76.959437,2026-03-27,4,5,2,62.0,anytime,1,active
D00734,Priya Iyer,18,M,B+,Podanur,10.94325,76.993134,2024-10-01,1,5,2,39.3,weekdays,1,inactive
D00735,Geetha Raj,43,M,AB-,Gandhipuram,11.008466,76.953,2024-06-06,6,8,1,84.9,weekdays,1,active
D00736,Sandhya Gowda,44,F,O+,Kalapatti,11.077889,77.070941,2024-05-04,5,7,4,69.8,emergency_only,1,active
D00737,Lakshmi Chandran,23,F,A-,Peelamedu,11.010361,77.007525,2024-09-15,2,5,2,36.7,anytime,1,inactive
D00738,Ganesh Reddy,34,F,AB+,Ukkadam,10.96225,76.978959,2025-08-31,3,7,4,57.0,anytime,1,active
D00739,Bhavani Gowda,18,F,O+,Ukkadam,11.012801,76.964623,2026-09-17,4,8,2,51.1,weekdays,1,active
D00740,Vijay Gowda,37,F,A-,Saibaba Colony,11.027966,76.933189,2026-01-10,5,9,6,32.7,weekends,1,active
D00741,Karthik Balan,19,F,O+,Vadavalli,10.994407,76.895486,2024-05-04,2,7,5,30.7,anytime,1,active
D00742,Priya Reddy,22,M,A-,Singanallur,10.997448,77.038646,2024-11-24,2,2,1,28.3,weekdays,0,active
D00743,Lakshmi Kumar,34,M,A+,Ukkadam,11.018443,76.940861,2025-01-01,11,15,6,26.2,emergency_only,1,active
D00744,Ganesh Kumar,40,F,O-,Saibaba Colony,11.008796,76.970341,2025-01-06,10,13,5,62.2,weekends,1,active
D00745,Suresh Gowda,29,M,O+,Peelamedu,11.028721,77.001047,2025-02-04,2,7,2,45.6,anytime,0,active
D00746,Dinesh Balan,19,M,O+,Saibaba Colony,11.045863,76.93466,2025-12-04,2,7,1,58.4,anytime,0,inactive
D00747,Meena Chandran,40,M,A-,Gandhipuram,10.988902,76.962126,2024-06-21,6,11,3,34.5,anytime,0,active
D00748,Pooja Moorthy,35,F,B+,Peelamedu,11.012523,77.006957,2024-05-01,6,6,0,54.5,weekdays,1,active
D00749,Vijay Raj,30,F,AB+,Ukkadam,10.973445,76.96743,2026-04-11,1,3,1,67.8,emergency_only,0,active
D00750,Dinesh Sharma,28,F,B-,Ukkadam,11.003069,76.958136,2025-11-01,1,1,1,22.7,emergency_only,0,active
D00751,Arjun Sharma,41,M,O+,Singanallur,10.985429,77.032452,2025-12-30,6,8,4,58.1,weekends,1,active
D00752,Senthil Balan,36,M,A+,Singanallur,11.020017,77.025009,2024-04-28,5,10,6,20.3,anytime,0,active
D00753,Vijay Raj,20,M,O+,Vadavalli,11.024492,76.887312,2025-11-24,4,5,3,40.1,anytime,0,inactive
D00754,Bhavani Chandran,41,M,A+,Coimbatore Central,10.982089,76.974847,2025-10-08,5,5,1,47.2,anytime,1,active
D00755,Muthu Sharma,21,M,O+,RS Puram,10.996415,76.939103,2025-07-02,4,8,5,56.6,emergency_only,0,active
D00756,Divya Raj,38,F,A+,Gandhipuram,11.033109,76.991346,2026-07-04,5,7,7,12.8,weekdays,1,active
D00757,Ganesh Raj,31,F,B-,Vadavalli,11.037143,76.902814,2024-10-29,3,4,4,24.4,weekends,0,active
D00758,Arun Balan,37,M,B+,Coimbatore Central,11.01429,76.950059,2025-11-07,5,10,3,58.7,anytime,1,active
D00759,Deepa Kumar,35,F,B+,Singanallur,10.988666,77.002035,2026-04-25,4,4,4,47.9,emergency_only,1,suspended
D00760,Manoj Reddy,28,M,A+,Coimbatore Central,11.004356,76.959879,2025-04-16,5,6,4,37.2,emergency_only,1,active
D00761,Divya Pillai,41,M,O+,Gandhipuram,11.030722,76.973918,2024-04-28,3,5,2,33.1,anytime,0,active
D00762,Suresh Balan,38,M,O+,Kalapatti,11.092217,77.026571,2026-08-24,4,4,4,18.7,weekends,0,inactive
D00763,Suresh Iyer,25,M,B+,Podanur,10.926561,76.955855,2026-05-12,6,9,2,38.2,anytime,0,active
D00764,Geetha Raj,43,F,AB+,Singanallur,11.007789,77.058033,2025-07-02,3,6,4,28.2,anytime,0,active
D00765,Lakshmi Moorthy,52,M,B+,Kalapatti,11.050792,77.045928,2026-01-11,2,7,6,5.0,weekends,0,active
D00766,Arun Menon,41,M,A+,Podanur,10.934855,76.94238,2024-10-06,1,4,1,57.5,emergency_only,1,active
D00767,Dinesh Reddy,18,F,B-,Peelamedu,11.018003,77.025558,2025-07-06,3,4,2,46.4,anytime,0,active
D00768,Divya Rajan,30,F,A+,Coimbatore Central,10.981126,76.956658,2025-07-15,4,4,3,35.8,weekends,0,active
D00769,Lakshmi Krishnan,18,M,A-,Coimbatore Central,11.019427,76.956121,2024-04-17,5,8,3,44.4,anytime,1,active
D00770,Bhavani Sharma,28,M,B+,Kalapatti,11.060055,77.033578,2024-12-05,4,9,2,45.3,anytime,0,active
D00771,Prakash Subramani,56,M,O+,Coimbatore Central,10.972794,76.933744,2026-05-01,5,9,3,24.4,anytime,0,inactive
D00772,Vijay Balan,33,F,A+,Saibaba Colony,10.994165,76.963471,2024-11-27,4,9,5,30.9,weekdays,1,inactive
D00773,Prakash Subramani,41,M,A+,Saibaba Colony,11.037894,76.939489,2024-06-26,5,5,2,42.0,weekends,1,active
D00774,Revathi Sharma,25,M,O+,Podanur,10.97013,76.993143,2024-06-24,2,5,2,71.4,anytime,1,active
D00775,Arun Nair,48,M,A+,Kalapatti,11.075742,77.035365,2026-01-18,3,7,3,84.3,weekdays,0,active
D00776,Ganesh Moorthy,22,F,AB+,RS Puram,11.026774,76.971028,2024-06-05,5,5,4,59.8,weekends,1,active
D00777,Senthil Balan,28,M,B+,Vadavalli,11.037955,76.902178,2024-07-19,3,7,5,52.0,weekdays,0,active
D00778,Anitha Nair,35,M,A+,Gandhipuram,11.039083,76.937568,2026-09-12,3,3,2,58.0,weekends,1,active
D00779,Pooja Balan,38,M,O-,Vadavalli,11.005022,76.92649,2025-08-26,3,6,3,67.3,weekdays,0,active
D00780,Ganesh Reddy,29,M,AB-,Kalapatti,11.079213,77.067505,,0,2,2,31.5,anytime,0,inactive
D00781,Arjun Moorthy,31,M,O+,Gandhipuram,11.039874,76.955692,2025-02-02,4,5,3,61.5,weekdays,0,active
D00782,Revathi Moorthy,30,M,B+,Saibaba Colony,11.042179,76.921669,2024-10-07,3,4,3,59.0,weekends,1,active
D00783,Vikram Nair,39,F,O+,Coimbatore Central,10.973891,76.962877,2026-01-30,5,9,1,53.2,weekends,0,inactive
D00784,Nithya Pillai,33,M,A+,Singanallur,10.986674,77.010936,2024-08-18,6,6,0,22.8,anytime,0,active
D00785,Ganesh Moorthy,51,Other,AB+,Vadavalli,11.008531,76.891706,2026-01-22,2,4,2,70.8,anytime,0,active
D00786,Karthik Pillai,18,F,B+,Ukkadam,10.981629,76.943668,2024-07-04,6,6,4,19.9,emergency_only,1,active
D00787,Revathi Sharma,34,M,A+,RS Puram,11.021648,76.980129,2024-04-24,3,3,0,36.5,weekdays,1,active
D00788,Suresh Kumar,41,M,O+,Ukkadam,10.999753,76.946226,2025-02-06,2,5,1,37.7,anytime,0,active
D00789,Arjun Balan,26,M,O+,Ukkadam,11.017082,76.967415,2024-11-04,1,5,5,48.7,weekends,1,active
D00790,Dinesh Menon,29,F,B+,Kalapatti,11.040798,77.046657,2024-11-27,5,9,3,37.5,anytime,0,active
D00791,Swathi Kumar,33,M,A+,Coimbatore Central,10.98887,76.954702,2026-07-17,6,10,3,54.8,anytime,0,active
D00792,Manoj Subramani,36,M,A+,Kalapatti,11.085426,77.06253,2026-07-20,6,11,8,50.9,anytime,0,active
D00793,Senthil Menon,33,F,AB+,RS Puram,10.992865,76.961033,2024-08-14,5,7,3,39.2,weekends,1,active
D00794,Muthu Balan,37,M,O+,Saibaba Colony,11.048138,76.93371,2025-04-15,4,5,3,58.3,anytime,1,active
D00795,Karthik Nair,41,M,O+,Podanur,10.964701,76.993148,2024-10-02,3,8,4,57.5,weekdays,0,active
D00796,Kavya Rajan,41,F,A+,Singanallur,10.984404,77.042928,2026-06-07,4,8,2,20.1,anytime,1,active
D00797,Pooja Rajan,35,M,O+,RS Puram,11.014656,76.952858,2026-01-24,2,7,4,20.6,weekends,1,active
D00798,Arun Kumar,29,M,B+,Podanur,10.969543,76.984509,2024-12-13,4,4,4,34.1,weekends,1,active
D00799,Meena Pillai,24,F,O+,Singanallur,11.023585,77.049686,2025-06-25,4,5,5,54.9,anytime,1,active
D00800,Naveen Moorthy,44,F,B+,Coimbatore Central,10.983754,76.967489,2024-04-21,4,7,3,43.3,anytime,0,active
D00801,Geetha Gowda,44,M,A+,Coimbatore Central,10.979099,76.963085,2026-04-25,3,3,0,27.3,weekends,1,active
D00802,Anitha Kumar,27,Other,O+,Vadavalli,11.049057,76.908748,2026-09-09,2,2,2,20.4,emergency_only,0,inactive
D00803,Prakash Iyer,38,M,B+,Vadavalli,11.022823,76.936428,2026-02-25,4,8,3,52.4,anytime,1,active
D00804,Revathi Moorthy,44,F,O+,RS Puram,11.031301,76.959807,2024-09-15,4,5,1,47.2,anytime,1,active
D00805,Vikram Reddy,46,M,A+,Peelamedu,11.05238,77.05336,2024-05-24,1,1,0,38.8,weekdays,1,active
D00806,Dinesh Chandran,23,F,B-,Peelamedu,11.043803,77.025863,2024-10-16,5,5,2,61.1,anytime,1,inactive
D00807,Suresh Subramani,42,F,O+,Coimbatore Central,11.02241,76.971613,2025-04-16,4,5,0,77.0,weekends,1,active
D00808,Revathi Nair,25,M,A+,Saibaba Colony,11.007838,76.917716,2025-03-05,3,5,2,59.5,weekends,1,active
D00809,Geetha Rajan,31,M,O+,Peelamedu,11.036888,77.038739,2024-12-30,5,6,2,75.0,weekdays,1,active
D00810,Naveen Rajan,31,F,O+,Vadavalli,11.025119,76.891586,2025-03-14,4,4,3,20.8,weekdays,1,active
D00811,Naveen Pillai,18,F,O+,Peelamedu,11.032242,77.011724,2025-08-21,5,8,5,64.1,emergency_only,1,active
D00812,Revathi Rajan,33,F,O+,Saibaba Colony,10.994376,76.965388,2024-10-23,4,7,3,11.7,weekdays,0,active
D00813,Suresh Krishnan,31,M,O+,Kalapatti,11.078598,77.058318,2026-05-07,2,6,3,42.6,anytime,1,active
D00814,Priya Nair,25,F,A+,Peelamedu,11.022906,77.00467,2026-04-30,2,6,5,34.7,emergency_only,1,active
D00815,Ganesh Sharma,33,F,A+,RS Puram,10.986656,76.957299,2025-08-29,4,7,2,37.0,emergency_only,0,active
D00816,Muthu Reddy,35,F,A+,Coimbatore Central,11.005022,76.980441,2026-06-13,1,5,4,13.8,anytime,1,active
D00817,Arun Sharma,27,M,O+,Peelamedu,11.031758,77.01172,2026-05-14,6,6,3,55.6,emergency_only,0,active
D00818,Meena Nair,26,M,B+,Saibaba Colony,11.028808,76.928053,2024-04-17,7,10,9,32.5,anytime,0,active
D00819,Swathi Iyer,44,M,O+,Vadavalli,10.995848,76.904203,2024-10-28,3,4,3,58.6,anytime,1,active
D00820,Arun Kumar,36,F,A+,Peelamedu,11.055313,77.021896,2025-06-25,5,7,4,69.1,weekends,0,active
D00821,Divya Iyer,42,M,O+,Vadavalli,11.041687,76.907215,2026-01-25,7,10,6,70.3,anytime,0,active
D00822,Roja Rajan,20,M,AB+,Ukkadam,10.986186,76.954085,2024-04-25,2,4,1,40.0,weekends,1,inactive
D00823,Manoj Iyer,30,F,A-,Gandhipuram,11.019951,76.961561,2025-11-21,4,8,8,32.4,emergency_only,1,active
D00824,Vijay Reddy,28,F,O+,Ukkadam,11.013183,76.955424,2025-05-19,5,6,5,9.1,anytime,1,active
D00825,Swathi Balan,43,F,O+,Podanur,10.940976,76.945393,2026-05-31,4,8,6,55.4,anytime,0,inactive
D00826,Sandhya Balan,46,M,B+,Kalapatti,11.075277,77.027164,2025-04-24,4,6,6,25.0,weekends,1,active
D00827,Karthik Iyer,32,F,O+,Peelamedu,11.027016,77.026162,2025-08-31,3,6,5,30.7,anytime,1,active
D00828,Pooja Pillai,44,F,O+,Podanur,10.975771,76.985999,,0,4,0,69.7,weekends,0,inactive
D00829,Kavya Subramani,26,M,O+,Peelamedu,11.055229,77.005746,2026-07-17,4,8,1,54.7,weekdays,0,active
D00830,Arun Reddy,25,F,O+,Peelamedu,11.045767,77.022385,2026-06-15,5,8,4,47.9,emergency_only,1,active
D00831,Prakash Moorthy,29,F,O+,Coimbatore Central,11.02728,76.98147,2026-02-18,7,9,0,49.3,anytime,0,active
D00832,Prakash Balan,30,M,A-,Peelamedu,11.049311,77.01708,2026-02-25,5,7,4,72.8,weekdays,0,active
D00833,Geetha Balan,37,F,B-,RS Puram,10.994593,76.925059,2025-05-19,9,12,3,45.5,anytime,0,inactive
D00834,Anitha Rajan,41,F,O+,Coimbatore Central,10.980102,76.930716,2025-11-07,4,8,7,39.6,anytime,1,active
D00835,Meena Gowda,40,M,O+,Podanur,10.978117,76.960975,2025-04-07,8,8,6,34.1,weekdays,1,active
D00836,Sandhya Rajan,18,M,O+,Ukkadam,11.014309,76.963921,2024-06-12,3,6,6,45.6,anytime,1,inactive
D00837,Muthu Subramani,18,M,B+,Podanur,10.966898,76.980615,2025-10-03,4,7,5,15.6,anytime,0,inactive
D00838,Revathi Moorthy,37,F,AB+,Ukkadam,10.968392,76.943527,2026-06-07,6,8,5,44.3,weekends,1,active
D00839,Ramesh Sharma,34,M,O-,Ukkadam,11.008721,76.973473,2025-04-09,4,7,6,38.4,anytime,1,active
D00840,Ramesh Rajan,30,F,A+,RS Puram,11.009725,76.922468,2025-11-02,3,4,3,45.3,anytime,0,active
D00841,Nithya Krishnan,22,F,B+,Kalapatti,11.046544,77.016114,2024-12-22,6,10,10,72.9,weekends,0,active
D00842,Priya Sharma,31,F,B-,Vadavalli,11.015154,76.884858,2024-11-22,1,6,3,53.6,anytime,1,active
D00843,Priya Menon,38,F,O+,Singanallur,10.994129,77.016784,2026-03-04,1,3,2,54.2,anytime,1,active
D00844,Meena Chandran,37,M,O+,Kalapatti,11.083977,77.025293,2025-06-26,5,6,2,63.0,anytime,1,active
D00845,Deepa Chandran,27,M,A-,Ukkadam,10.997117,76.971641,2024-11-25,3,5,4,24.0,weekdays,0,active
D00846,Roja Moorthy,39,M,O+,Saibaba Colony,11.041034,76.934559,2026-01-27,7,9,7,19.1,emergency_only,1,active
D00847,Arjun Kumar,29,M,A-,Vadavalli,11.008231,76.889072,2026-04-15,6,11,10,70.6,emergency_only,1,active
D00848,Priya Balan,45,F,O+,Podanur,10.935336,76.96703,2024-05-11,5,6,5,44.9,emergency_only,1,active
D00849,Nithya Kumar,26,F,O-,RS Puram,11.015311,76.94636,2025-11-09,3,8,7,50.6,weekends,1,active
D00850,Prakash Gowda,21,F,A-,Vadavalli,11.008556,76.922342,2025-08-06,3,7,1,9.9,anytime,1,active
D00851,Senthil Gowda,38,F,O+,Saibaba Colony,11.048281,76.94762,2025-10-20,1,1,1,26.2,weekdays,0,inactive
D00852,Priya Raj,35,M,A+,Peelamedu,11.035696,77.012899,2026-08-29,5,6,4,39.5,weekdays,0,active
D00853,Arjun Raj,30,M,A-,Kalapatti,11.065246,77.019113,2025-10-23,4,7,1,55.4,anytime,0,active
D00854,Muthu Raj,41,F,B-,Ukkadam,10.989864,76.960575,2024-08-28,6,11,11,19.8,weekends,1,active
D00855,Lakshmi Iyer,37,M,O+,Singanallur,11.008693,77.049583,2024-06-17,7,9,2,18.6,weekdays,1,active
D00856,Vijay Balan,33,F,O+,Podanur,10.979104,76.971075,2025-07-18,4,8,6,30.2,anytime,0,active
D00857,Pooja Rajan,33,F,O+,Singanallur,11.025168,77.032312,2025-02-28,4,4,2,44.9,emergency_only,1,active
D00858,Vijay Iyer,37,F,A+,Vadavalli,11.011186,76.906859,2026-03-13,2,5,0,68.6,emergency_only,1,inactive
D00859,Lakshmi Moorthy,27,M,B+,Vadavalli,11.006714,76.926151,2025-02-06,6,9,5,61.8,weekends,1,active
D00860,Meena Moorthy,31,M,A-,RS Puram,10.994567,76.922379,2025-10-03,7,9,8,50.3,anytime,1,active
D00861,Dinesh Krishnan,47,M,O+,Peelamedu,11.002108,77.002308,,0,0,0,23.0,anytime,1,active
D00862,Senthil Reddy,24,F,O+,Saibaba Colony,11.028787,76.945753,2026-04-22,5,6,0,20.3,weekdays,0,active
D00863,Bhavani Raj,30,F,O-,Podanur,10.942891,76.962998,2025-09-03,3,7,2,34.4,weekdays,0,active
D00864,Nithya Chandran,38,M,A+,RS Puram,10.996011,76.975595,2025-10-07,2,5,3,75.5,anytime,1,active
D00865,Roja Raj,27,F,O+,Coimbatore Central,11.001644,76.943354,2026-07-10,8,11,5,50.6,weekdays,0,active
D00866,Prakash Chandran,19,M,O+,Kalapatti,11.057605,77.053072,2026-01-14,5,10,1,40.3,weekdays,1,inactive
D00867,Karthik Gowda,48,M,O+,Vadavalli,11.024613,76.918745,2026-02-06,3,3,3,18.1,weekends,1,active
D00868,Dinesh Rajan,31,M,B+,Podanur,10.978417,76.93729,2024-06-24,3,7,3,31.6,anytime,1,active
D00869,Manoj Reddy,44,F,O+,RS Puram,10.981895,76.960594,2026-06-06,3,6,3,61.4,emergency_only,0,inactive
D00870,Lakshmi Sharma,38,M,A+,Singanallur,10.995795,77.007723,2025-04-12,1,4,3,34.4,emergency_only,0,active
D00871,Ramesh Balan,32,Other,O+,Kalapatti,11.097814,77.023815,2026-03-01,4,4,4,27.6,weekdays,0,active
D00872,Ganesh Sharma,41,F,B+,Podanur,10.928795,76.973838,2024-12-21,5,9,6,21.7,weekends,1,active
D00873,Karthik Reddy,21,M,O+,Vadavalli,11.024105,76.924155,2025-10-13,3,5,2,75.5,weekdays,0,active
D00874,Senthil Moorthy,23,F,O+,Singanallur,11.013309,77.007405,2024-10-07,4,7,3,60.1,anytime,1,active
D00875,Vikram Menon,26,M,O+,Coimbatore Central,11.008906,76.949042,2026-02-08,4,8,2,53.9,weekdays,0,inactive
D00876,Meena Chandran,25,F,O+,Podanur,10.974046,76.960895,2026-01-05,2,4,2,44.4,anytime,1,active
D00877,Ganesh Menon,35,F,O+,Coimbatore Central,11.025976,76.937471,2026-05-18,4,6,5,52.4,anytime,0,active
D00878,Senthil Sharma,33,M,O+,Gandhipuram,11.010987,76.987121,2025-04-29,7,12,4,60.6,anytime,0,active
D00879,Vijay Kumar,26,F,A+,Gandhipuram,11.019197,76.94744,2026-03-07,2,2,0,27.9,weekdays,1,active
D00880,Pooja Sharma,38,M,O+,Podanur,10.953381,76.94513,2025-11-19,7,7,7,22.3,weekends,0,active
D00881,Lakshmi Kumar,26,M,A+,Coimbatore Central,11.006846,76.96424,2026-09-12,3,4,4,11.0,weekdays,1,active
D00882,Revathi Moorthy,42,F,A-,Kalapatti,11.087469,77.072218,2024-12-25,2,4,3,31.6,weekends,1,active
D00883,Ganesh Sharma,22,M,O+,RS Puram,11.012628,76.963347,,0,5,3,58.7,weekdays,0,active
D00884,Kavya Sharma,38,F,B+,Ukkadam,10.989401,76.959669,2025-03-30,4,6,2,63.8,anytime,0,active
D00885,Arjun Nair,35,M,O-,Kalapatti,11.070901,77.016335,2024-08-31,4,9,6,26.9,anytime,1,active
D00886,Sathish Krishnan,36,M,O+,Podanur,10.961224,76.966158,2025-11-08,1,5,4,65.0,anytime,1,active
D00887,Senthil Raj,34,M,A+,Vadavalli,11.042835,76.927846,2025-09-20,5,9,4,49.9,weekends,0,active
D00888,Suresh Chandran,42,F,O+,Peelamedu,11.037877,77.055853,2025-12-17,5,9,6,20.2,weekends,1,active
D00889,Manoj Raj,32,M,B+,RS Puram,11.01785,76.930707,2026-02-26,4,6,3,59.9,emergency_only,1,active
D00890,Priya Balan,39,M,O+,Podanur,10.959502,76.981453,2026-05-12,5,9,5,17.0,emergency_only,1,active
D00891,Sathish Sharma,34,F,AB+,RS Puram,10.98994,76.923755,2025-12-01,4,6,1,58.7,emergency_only,1,active
D00892,Deepa Reddy,35,F,A-,Saibaba Colony,11.039311,76.958623,2026-06-28,3,6,1,60.7,anytime,1,active
D00893,Priya Gowda,38,M,A+,Podanur,10.961954,76.956714,2025-05-05,5,7,0,54.7,weekdays,1,active
D00894,Swathi Chandran,48,F,O+,Gandhipuram,11.001763,76.988659,2026-03-09,3,3,3,39.7,weekdays,1,inactive
D00895,Arun Subramani,35,F,B-,Ukkadam,10.977402,76.942581,2024-05-04,3,6,2,39.0,weekdays,1,active
D00896,Suresh Krishnan,23,M,AB+,Gandhipuram,10.987854,76.992172,,0,1,1,23.4,anytime,0,inactive
D00897,Nithya Subramani,51,F,A+,Podanur,10.946713,76.988939,2025-06-28,3,7,5,5.0,anytime,1,active
D00898,Manoj Menon,37,F,AB+,Peelamedu,11.013505,77.002159,2025-03-28,9,13,3,71.9,weekdays,0,active
D00899,Anitha Rajan,30,M,O+,Podanur,10.941661,76.955204,2026-09-16,3,7,3,67.5,weekends,1,active
D00900,Sathish Gowda,18,M,A+,Ukkadam,11.006898,76.937483,2024-08-13,5,9,5,81.4,anytime,0,active
D00901,Divya Rajan,43,M,B+,RS Puram,11.011555,76.924199,2024-07-06,5,5,2,49.7,anytime,0,suspended
D00902,Deepa Chandran,38,F,O+,Ukkadam,11.012323,76.952812,2025-05-03,4,4,3,14.0,anytime,1,active
D00903,Geetha Iyer,41,M,B+,Gandhipuram,11.02927,76.967461,2025-04-22,3,8,1,54.0,emergency_only,1,active
D00904,Senthil Balan,34,F,A+,RS Puram,11.026142,76.935634,2026-07-27,6,10,9,50.8,emergency_only,1,active
D00905,Karthik Menon,35,F,O-,Coimbatore Central,10.98331,76.983741,2024-09-30,1,5,4,33.4,weekends,1,active
D00906,Revathi Pillai,20,F,O+,Peelamedu,11.034079,76.998671,2026-08-02,6,10,9,61.3,anytime,1,inactive
D00907,Priya Moorthy,35,M,A-,Podanur,10.923408,76.96514,2026-09-01,3,8,1,65.3,weekdays,1,active
D00908,Geetha Chandran,28,M,O+,Gandhipuram,11.023489,76.945492,2025-12-31,3,5,2,68.8,weekdays,1,active
D00909,Pooja Chandran,42,F,O+,Kalapatti,11.072015,77.070148,2025-07-04,3,7,2,56.5,anytime,0,active
D00910,Dinesh Pillai,39,M,O+,Coimbatore Central,11.014008,76.98187,2026-08-05,5,7,3,46.4,weekdays,1,active
D00911,Ganesh Iyer,25,F,O+,Coimbatore Central,10.997354,76.926013,2025-02-14,6,6,4,49.8,anytime,1,inactive
D00912,Karthik Iyer,21,M,O+,Kalapatti,11.092085,77.026157,2025-12-17,5,7,7,59.7,weekdays,1,active
D00913,Sandhya Iyer,27,F,A+,Ukkadam,11.004903,76.946796,2025-05-03,1,1,1,39.4,weekdays,1,active
D00914,Kavya Reddy,26,M,O+,Peelamedu,11.0141,77.004063,2025-03-28,7,9,0,25.2,weekdays,1,active
D00915,Meena Balan,32,F,A+,Kalapatti,11.095267,77.033392,2024-12-28,3,4,0,53.1,anytime,0,active
D00916,Nithya Nair,25,F,O+,Saibaba Colony,11.030937,76.949321,2026-02-06,7,9,4,47.2,anytime,1,active
D00917,Divya Krishnan,25,F,A+,Coimbatore Central,10.989366,76.941604,2024-09-16,2,7,3,33.6,weekends,1,active
D00918,Senthil Raj,22,M,A+,Gandhipuram,11.024611,76.978368,2025-04-05,2,5,4,47.9,weekends,1,active
D00919,Dinesh Iyer,34,F,B-,RS Puram,10.986241,76.925625,2024-12-01,5,10,4,41.7,emergency_only,1,active
D00920,Meena Rajan,30,Other,AB+,Coimbatore Central,11.028905,76.947169,2025-06-07,8,9,9,34.8,emergency_only,0,active
D00921,Swathi Raj,18,M,B-,Gandhipuram,11.021511,76.960762,2026-01-23,3,7,2,39.4,anytime,1,active
D00922,Ramesh Reddy,40,F,O+,Peelamedu,11.032288,77.041794,2026-05-15,6,9,8,5.0,weekdays,1,inactive
D00923,Muthu Menon,28,M,O+,RS Puram,11.025132,76.935197,2024-06-29,3,8,0,91.3,weekdays,1,active
D00924,Kavya Sharma,18,M,O+,Peelamedu,11.042821,77.055518,2026-05-23,2,7,6,59.1,weekends,1,active
D00925,Muthu Chandran,18,F,A+,Kalapatti,11.097571,77.056332,2026-07-19,2,2,0,68.7,weekdays,0,active
D00926,Swathi Nair,20,F,B+,Gandhipuram,11.032953,76.947294,2024-07-09,5,10,5,55.0,weekdays,1,active
D00927,Bhavani Reddy,25,M,B+,Coimbatore Central,11.020341,76.957477,2026-08-27,5,6,4,56.3,weekdays,0,active
D00928,Sandhya Chandran,30,M,O-,Gandhipuram,11.030379,76.974113,2025-09-30,3,4,1,64.5,weekdays,0,active
D00929,Ramesh Rajan,18,M,O+,Vadavalli,11.001135,76.902958,2024-10-17,3,5,3,31.4,weekdays,0,active
D00930,Arjun Reddy,39,F,AB+,Peelamedu,11.058655,77.04592,2025-02-05,1,6,6,49.6,anytime,0,active
D00931,Arjun Krishnan,35,Other,O+,RS Puram,11.01481,76.924523,2026-06-01,4,9,6,43.6,weekends,1,active
D00932,Roja Reddy,39,F,O+,Kalapatti,11.05925,77.017637,2026-06-06,8,13,2,109.8,weekdays,1,active
D00933,Geetha Iyer,37,F,A-,RS Puram,11.032865,76.936336,2025-09-23,2,4,3,45.0,anytime,1,active
D00934,Kavya Pillai,31,F,B+,Kalapatti,11.082188,77.051073,2026-07-20,3,4,4,34.9,anytime,0,active
D00935,Nithya Balan,35,F,A+,Coimbatore Central,11.017418,76.927916,2026-07-06,5,7,3,68.0,anytime,0,inactive
D00936,Vijay Krishnan,38,F,O+,Podanur,10.963951,76.966055,2025-07-22,6,6,3,76.6,weekdays,0,inactive
D00937,Bhavani Rajan,47,F,B-,Singanallur,11.012009,77.000574,2025-06-23,7,11,4,34.5,anytime,1,active
D00938,Naveen Iyer,28,F,O+,Podanur,10.950273,76.996716,2025-03-23,4,8,8,20.1,weekdays,0,active
D00939,Karthik Raj,31,M,A-,Peelamedu,11.026295,77.008524,2026-05-12,5,10,7,5.6,anytime,1,active
D00940,Sandhya Reddy,23,M,O+,Peelamedu,11.003281,77.028763,2024-09-08,3,8,4,44.1,anytime,1,active
D00941,Priya Reddy,40,Other,O+,Saibaba Colony,11.045466,76.958692,2025-02-19,5,10,1,34.7,weekdays,0,active
D00942,Suresh Balan,35,M,B+,Singanallur,10.997445,77.053541,2024-10-28,5,7,3,56.6,weekdays,1,active
D00943,Roja Kumar,29,M,B+,Vadavalli,11.045905,76.919413,2025-10-22,2,7,6,53.0,emergency_only,1,active
D00944,Divya Sharma,44,F,O+,Gandhipuram,11.037091,76.944684,2026-01-10,3,4,1,55.7,weekdays,1,active
D00945,Revathi Moorthy,33,F,A+,Vadavalli,11.048521,76.940333,2026-01-12,1,4,3,59.1,emergency_only,1,active
D00946,Divya Iyer,23,M,O+,Singanallur,11.025536,77.034018,2025-12-26,3,4,2,68.0,emergency_only,0,active
D00947,Naveen Subramani,44,F,A+,Vadavalli,11.040362,76.934343,2024-08-25,2,7,2,49.9,anytime,1,inactive
D00948,Sathish Sharma,39,M,O+,Gandhipuram,10.997292,76.950034,2025-09-19,4,8,3,14.4,weekends,1,active
D00949,Vikram Pillai,35,F,A-,Gandhipuram,11.000923,76.994636,2025-06-27,3,8,4,55.0,weekdays,1,active
D00950,Sandhya Sharma,36,F,AB+,Singanallur,11.004886,77.033545,2026-03-20,4,4,3,28.0,anytime,0,active
D00951,Naveen Sharma,36,M,B+,Vadavalli,11.012132,76.894566,,0,5,1,63.2,weekends,0,active
D00952,Ganesh Raj,44,M,B+,Gandhipuram,11.038196,76.93765,2024-12-19,5,7,1,66.5,anytime,0,active
D00953,Priya Menon,45,F,A+,Ukkadam,11.018536,76.935788,2025-01-09,4,6,3,50.1,emergency_only,0,active
D00954,Ramesh Krishnan,25,F,B-,Singanallur,11.000122,77.003643,2024-09-20,3,4,3,43.4,anytime,0,active
D00955,Roja Raj,22,M,O+,Peelamedu,11.021506,77.029277,2025-09-02,9,14,12,61.2,weekdays,0,active
D00956,Karthik Krishnan,19,M,A+,Saibaba Colony,11.045074,76.968864,2024-05-03,6,6,1,67.1,emergency_only,1,active
D00957,Arjun Balan,29,M,B+,Peelamedu,11.036961,77.028616,2024-04-17,4,4,3,86.0,weekends,1,active
D00958,Suresh Reddy,25,M,O-,Ukkadam,10.973264,76.985302,2025-04-03,6,11,6,10.2,anytime,1,active
D00959,Ganesh Krishnan,28,M,O+,Coimbatore Central,10.991007,76.963111,2024-05-22,5,6,4,54.9,weekdays,1,active
D00960,Vijay Nair,34,M,B-,Podanur,10.962656,76.989195,2026-02-05,4,6,4,24.6,anytime,1,active
D00961,Manoj Menon,20,Other,A+,Ukkadam,10.97593,76.979811,2024-10-12,6,8,2,32.1,anytime,1,active
D00962,Kavya Raj,18,M,A+,Singanallur,11.006988,77.018275,2025-06-06,3,3,0,63.9,anytime,1,active
D00963,Anitha Chandran,32,F,B+,Kalapatti,11.091394,77.046593,2024-11-08,8,12,7,36.0,weekends,1,active
D00964,Revathi Raj,28,M,O+,Vadavalli,10.996285,76.942829,2024-11-08,6,7,3,30.2,weekends,0,active
D00965,Karthik Gowda,40,F,A+,Podanur,10.970052,76.986225,2026-01-18,3,4,2,43.7,emergency_only,1,active
D00966,Prakash Subramani,27,M,A+,Saibaba Colony,11.028904,76.952622,2024-04-25,2,6,6,18.0,anytime,1,active
D00967,Suresh Reddy,46,M,O+,Ukkadam,10.970832,76.930838,2026-01-23,4,8,2,73.8,weekends,1,active
D00968,Pooja Subramani,50,M,O+,RS Puram,11.016462,76.95773,2024-05-03,1,6,3,47.2,weekdays,1,active
D00969,Swathi Sharma,39,M,B+,Ukkadam,10.973142,76.971253,,0,5,1,31.9,anytime,1,active
D00970,Muthu Chandran,31,F,O-,Peelamedu,11.054018,77.023052,2025-03-10,5,8,4,49.0,weekends,1,inactive
D00971,Vijay Chandran,31,M,A+,Vadavalli,11.03784,76.889301,2024-06-26,4,5,3,53.1,anytime,1,active
D00972,Naveen Rajan,42,F,O-,Singanallur,10.974523,77.055822,2026-01-01,5,5,2,41.5,anytime,1,active
D00973,Lakshmi Balan,32,M,O+,Saibaba Colony,11.041812,76.924984,2024-04-27,7,11,2,67.7,weekdays,0,active
D00974,Bhavani Chandran,23,M,B+,Gandhipuram,11.013959,76.988474,2025-12-27,4,5,0,35.0,anytime,0,active
D00975,Nithya Iyer,18,F,O+,Coimbatore Central,10.997695,76.958349,2026-05-30,5,8,5,32.2,anytime,1,active
D00976,Karthik Reddy,24,M,B-,Kalapatti,11.067494,77.04719,2025-08-17,2,6,3,27.1,anytime,1,active
D00977,Arun Raj,30,M,O-,Peelamedu,11.043097,77.014174,2025-01-23,6,11,1,26.3,weekdays,0,active
D00978,Revathi Moorthy,25,M,O+,Podanur,10.924801,76.994968,2024-12-25,3,7,2,63.7,anytime,0,active
D00979,Arjun Nair,29,M,B-,Saibaba Colony,11.039519,76.961396,2025-11-04,2,6,6,19.4,emergency_only,1,inactive
D00980,Swathi Raj,26,F,O-,Vadavalli,10.997786,76.887964,2024-10-10,2,5,5,28.4,emergency_only,0,active
D00981,Senthil Raj,33,M,O+,Saibaba Colony,10.997763,76.94179,2025-01-04,6,11,2,61.8,weekdays,1,active
D00982,Anitha Raj,29,M,A-,Singanallur,10.998457,77.044476,2024-08-24,5,10,0,52.2,weekdays,0,active
D00983,Karthik Rajan,28,F,O+,Saibaba Colony,11.030519,76.929052,2026-02-28,1,4,0,38.6,anytime,1,inactive
D00984,Swathi Balan,27,M,O+,Vadavalli,11.011738,76.890655,2026-08-21,3,8,7,18.0,anytime,1,active
D00985,Vikram Subramani,35,M,O+,Vadavalli,11.039895,76.896294,2025-01-10,4,4,0,86.1,anytime,1,active
D00986,Ramesh Reddy,39,F,O+,RS Puram,11.032959,76.972429,2025-11-29,3,8,5,71.8,weekends,1,active
D00987,Meena Iyer,30,M,B+,Singanallur,10.998931,76.999395,2024-08-05,3,4,0,36.5,weekdays,1,active
D00988,Meena Chandran,23,M,B+,Coimbatore Central,11.02344,76.928163,2024-08-02,8,9,3,52.5,weekends,1,suspended
D00989,Prakash Balan,32,F,A+,Kalapatti,11.067877,77.062205,2024-05-15,6,9,8,52.7,weekdays,1,active
D00990,Geetha Balan,40,M,O+,Peelamedu,11.048015,77.039985,2026-04-28,5,8,6,33.9,emergency_only,1,active
D00991,Roja Sharma,41,F,O+,Kalapatti,11.049233,77.035453,2024-11-07,5,9,8,28.4,emergency_only,1,active
D00992,Prakash Pillai,29,M,O+,RS Puram,11.006672,76.980099,2026-08-08,9,9,5,70.4,weekdays,1,active
D00993,Revathi Reddy,41,F,B+,Kalapatti,11.04457,77.027808,2025-09-19,4,6,4,89.2,anytime,1,active
D00994,Arun Krishnan,31,M,A+,Vadavalli,11.048174,76.93303,2025-07-05,4,7,1,8.1,emergency_only,1,active
D00995,Arun Krishnan,24,M,A+,Ukkadam,10.967311,76.974837,2024-06-29,2,6,3,60.2,weekdays,1,inactive
D00996,Senthil Kumar,36,F,B-,Coimbatore Central,10.985916,76.961911,2026-04-23,4,5,4,38.4,emergency_only,0,active
D00997,Meena Chandran,30,F,A+,Podanur,10.969122,76.983387,2026-01-29,9,13,9,56.9,anytime,1,active
D00998,Bhavani Menon,34,M,O+,Coimbatore Central,10.974493,76.982569,2026-03-29,3,8,7,38.8,weekends,1,active
D00999,Anitha Raj,47,M,A-,Podanur,10.959834,76.973004,2024-08-22,6,10,1,80.3,weekends,0,active
D01000,Swathi Iyer,38,M,O+,RS Puram,11.008327,76.946967,2024-08-15,1,4,1,55.6,anytime,1,inactive
D01001,Arjun Raj,36,F,A+,RS Puram,11.032033,76.95024,2025-12-23,2,5,2,52.6,anytime,0,active
D01002,Divya Kumar,18,F,O-,Vadavalli,11.043462,76.914831,2025-09-12,1,4,4,20.4,emergency_only,1,active
D01003,Arjun Menon,19,M,O+,Saibaba Colony,11.018142,76.967107,2024-08-01,3,5,1,56.5,weekdays,0,active
D01004,Suresh Moorthy,26,F,O+,Vadavalli,11.026998,76.926253,2026-04-03,3,4,0,5.0,weekdays,1,active
D01005,Manoj Moorthy,18,M,AB+,Gandhipuram,11.033526,76.981313,2025-08-28,6,10,0,56.1,weekdays,1,active
D01006,Prakash Moorthy,19,F,O+,Singanallur,11.017886,77.047895,2024-09-30,4,5,4,55.7,anytime,1,active
D01007,Geetha Subramani,38,M,A+,Kalapatti,11.08792,77.06612,2025-03-16,3,3,3,48.2,weekdays,0,active
D01008,Vijay Balan,31,M,AB+,Kalapatti,11.091543,77.015165,2025-07-07,8,9,3,28.2,emergency_only,1,active
D01009,Senthil Chandran,26,M,O+,Saibaba Colony,11.016084,76.961061,2025-02-18,7,9,4,22.5,weekdays,1,active
D01010,Ganesh Sharma,35,M,A+,Vadavalli,11.039239,76.892344,2024-12-10,3,8,3,52.0,emergency_only,1,active
D01011,Ganesh Rajan,18,M,A+,Peelamedu,11.009681,77.021079,2026-03-23,2,2,1,39.6,weekdays,1,active
D01012,Divya Chandran,45,F,A-,Peelamedu,11.032645,77.037307,2024-04-27,2,5,0,65.6,anytime,0,inactive
D01013,Swathi Krishnan,33,F,A+,Peelamedu,11.051686,77.018062,2025-07-03,3,7,2,62.1,anytime,0,active
D01014,Vikram Menon,41,F,A-,Kalapatti,11.082388,77.062594,2025-11-17,4,9,5,60.4,anytime,0,inactive
D01015,Arun Moorthy,32,M,A-,Podanur,10.977828,76.949901,2026-08-18,4,7,1,10.9,weekdays,1,inactive
D01016,Dinesh Gowda,30,F,B-,Peelamedu,11.000743,77.017926,2025-06-01,4,9,8,43.1,weekdays,1,active
D01017,Revathi Kumar,29,M,B+,Gandhipuram,11.046346,76.969837,2024-09-14,4,5,0,9.2,anytime,0,active
D01018,Arun Pillai,20,M,A+,Gandhipuram,11.013185,76.948171,2026-02-28,3,7,1,73.5,anytime,0,active
D01019,Vijay Iyer,38,M,O+,Coimbatore Central,11.003365,76.930404,2026-07-05,1,5,3,40.9,weekdays,1,active
D01020,Swathi Subramani,28,F,A+,Vadavalli,11.048863,76.911385,2025-02-04,5,7,7,61.0,emergency_only,0,active
D01021,Revathi Moorthy,53,M,A-,Peelamedu,11.031825,77.043379,2026-01-14,5,10,8,37.7,weekends,1,active
D01022,Ramesh Pillai,18,F,B+,Coimbatore Central,10.998945,76.940622,2025-12-09,6,9,4,50.9,anytime,1,active
D01023,Geetha Subramani,41,F,A-,Peelamedu,11.027813,77.047193,2026-04-02,6,8,5,42.6,emergency_only,0,active
D01024,Arun Pillai,40,M,AB+,Coimbatore Central,10.978332,76.976165,2024-06-19,3,3,2,59.9,anytime,1,active
D01025,Naveen Menon,42,F,B+,Saibaba Colony,11.02238,76.950903,2026-07-16,4,4,2,38.7,anytime,1,active
D01026,Ganesh Subramani,32,F,O+,Podanur,10.975363,76.99317,2025-05-31,4,6,2,53.5,anytime,1,active
D01027,Karthik Sharma,36,M,A+,Peelamedu,11.007188,77.038865,2024-04-20,6,9,5,43.5,anytime,1,inactive
D01028,Vijay Nair,18,M,B-,Saibaba Colony,11.005869,76.943523,2026-07-31,4,7,1,80.8,weekends,0,active
D01029,Sathish Iyer,24,F,O-,Singanallur,11.01235,77.000819,2026-04-17,5,8,7,37.8,anytime,1,active
D01030,Swathi Rajan,38,F,O+,RS Puram,11.021449,76.946177,2024-06-23,5,5,0,41.2,anytime,1,active
D01031,Ganesh Nair,41,F,B+,Kalapatti,11.077611,77.061669,2026-05-28,4,4,2,50.8,weekends,1,active
D01032,Geetha Sharma,37,M,O+,Saibaba Colony,11.001939,76.971284,2026-04-18,2,3,2,62.2,weekends,1,active
D01033,Kavya Gowda,24,F,O+,Podanur,10.944973,76.954613,2025-06-20,6,6,1,69.2,weekends,0,inactive
D01034,Naveen Kumar,22,M,O+,Podanur,10.964063,76.954374,2024-09-12,4,6,5,55.1,anytime,1,active
D01035,Naveen Balan,28,M,O+,Singanallur,10.984084,77.025313,2024-07-11,2,7,4,53.1,weekdays,1,inactive
D01036,Vijay Raj,26,F,O+,Peelamedu,11.036432,77.027257,2025-01-26,5,7,6,47.6,anytime,1,active
D01037,Muthu Rajan,40,F,O-,Podanur,10.938361,76.96528,2024-09-22,3,6,2,54.4,weekends,1,active
D01038,Arun Kumar,19,M,O-,Vadavalli,11.032347,76.921036,2025-06-08,6,6,4,52.5,anytime,1,active
D01039,Geetha Iyer,28,M,A-,Gandhipuram,11.038849,76.982503,2025-03-01,8,9,6,54.5,weekends,1,active
D01040,Anitha Menon,40,M,A+,Podanur,10.94419,76.937183,2026-03-03,3,8,5,92.3,anytime,0,active
D01041,Revathi Chandran,31,M,O+,Coimbatore Central,10.988542,76.95002,2025-07-03,4,6,4,5.0,anytime,1,active
D01042,Vijay Kumar,30,F,O+,Ukkadam,10.994977,76.989291,2024-11-03,6,7,2,14.6,weekends,1,inactive
D01043,Divya Subramani,38,M,O+,Gandhipuram,11.025235,76.965547,2024-04-24,2,7,4,23.9,anytime,1,active
D01044,Bhavani Rajan,31,M,B+,RS Puram,11.01762,76.938325,2025-08-26,6,11,3,87.8,weekdays,0,active
D01045,Suresh Gowda,31,F,O-,RS Puram,11.034517,76.967317,2024-09-04,3,3,3,36.1,anytime,1,active
D01046,Swathi Chandran,34,F,O+,Peelamedu,11.003172,77.048816,2024-09-17,2,4,4,34.9,weekdays,1,active
D01047,Naveen Nair,25,F,A+,Coimbatore Central,11.018361,76.963395,2025-01-29,4,9,6,90.6,weekends,0,active
D01048,Prakash Gowda,30,F,A+,RS Puram,10.984223,76.922746,2026-09-14,1,3,1,35.4,anytime,1,active
D01049,Roja Rajan,23,M,B+,RS Puram,11.02694,76.946173,2024-05-15,6,6,2,44.3,anytime,1,active
D01050,Karthik Reddy,24,M,B+,Kalapatti,11.04134,77.065232,2025-08-30,5,8,6,62.8,weekends,1,active
D01051,Swathi Sharma,33,M,B+,Gandhipuram,11.015127,76.993681,2026-03-28,5,9,5,67.7,weekdays,0,inactive
D01052,Manoj Raj,28,M,O+,Peelamedu,11.058046,77.001352,2025-03-20,5,10,7,57.6,anytime,0,active
D01053,Manoj Rajan,18,F,O+,Vadavalli,11.016051,76.940937,2025-10-15,2,2,1,71.4,weekdays,1,active
D01054,Arun Kumar,28,M,O-,Saibaba Colony,11.02267,76.937801,2026-03-03,8,13,10,42.6,anytime,1,active
D01055,Divya Kumar,51,M,A+,Ukkadam,10.969944,76.930357,2024-12-25,2,5,5,32.9,anytime,1,active
D01056,Manoj Kumar,41,F,O+,Ukkadam,10.972261,76.971091,2025-09-27,6,8,3,39.2,anytime,1,active
D01057,Manoj Moorthy,41,F,O-,Gandhipuram,11.045269,76.958528,2024-09-14,3,3,2,56.1,anytime,1,active
D01058,Prakash Gowda,31,F,A+,Coimbatore Central,11.012337,76.970627,2025-01-31,6,10,3,68.7,emergency_only,0,active
D01059,Senthil Kumar,25,F,A+,RS Puram,11.016703,76.968033,2025-03-23,6,6,0,28.1,anytime,1,active
D01060,Divya Gowda,26,M,A+,Singanallur,11.000935,77.03691,2026-06-18,3,4,1,36.9,weekdays,0,active
D01061,Prakash Pillai,32,M,O+,Saibaba Colony,10.997097,76.971121,2024-06-17,3,3,2,43.7,anytime,1,active
D01062,Senthil Subramani,36,M,A-,Podanur,10.954758,76.966778,2025-01-14,2,7,3,61.8,weekdays,1,active
D01063,Bhavani Nair,19,F,B+,Singanallur,11.02125,77.05179,2025-11-07,4,9,3,35.9,weekdays,1,active
D01064,Arjun Raj,28,M,A+,Gandhipuram,11.042506,76.975231,2026-05-30,2,7,5,48.5,anytime,1,active
D01065,Anitha Pillai,30,M,B+,RS Puram,10.97645,76.969491,2024-12-28,1,6,1,17.5,anytime,0,active
D01066,Naveen Balan,24,F,O+,Coimbatore Central,11.021047,76.969162,2026-09-06,2,6,4,48.9,weekdays,1,active
D01067,Lakshmi Krishnan,33,M,AB+,Vadavalli,11.04102,76.890608,2025-03-15,2,7,5,90.3,weekends,0,inactive
D01068,Sandhya Iyer,31,F,O+,Podanur,10.982162,76.983252,2025-10-18,5,8,2,44.7,anytime,0,active
D01069,Swathi Pillai,36,M,O+,Kalapatti,11.097077,77.063975,2026-02-20,5,5,2,34.5,weekends,1,active
D01070,Swathi Reddy,33,F,B+,Ukkadam,10.995415,76.951826,2026-01-07,4,7,5,14.4,weekends,1,active
D01071,Lakshmi Pillai,32,M,O+,Kalapatti,11.048085,77.070547,2025-05-26,3,4,2,40.0,weekends,0,active
D01072,Dinesh Sharma,37,M,O+,Vadavalli,11.036363,76.918492,2026-05-30,4,4,1,48.8,weekends,0,active
D01073,Sathish Balan,33,M,O+,Gandhipuram,11.010859,76.962042,2024-12-30,4,4,4,28.5,emergency_only,1,active
D01074,Muthu Menon,35,F,O+,Peelamedu,11.051077,77.038496,2025-11-30,3,5,4,58.2,anytime,1,active
D01075,Naveen Kumar,19,F,O+,Saibaba Colony,11.020777,76.967131,2026-04-21,8,10,3,5.0,emergency_only,1,active
D01076,Arun Kumar,19,M,O+,Podanur,10.933519,76.947418,2024-06-27,4,4,2,7.9,weekends,1,inactive
D01077,Sandhya Moorthy,18,M,B+,Vadavalli,11.011299,76.940864,2025-05-17,1,1,0,55.0,weekends,1,active
D01078,Ganesh Rajan,22,M,A+,Kalapatti,11.095036,77.013821,2025-08-22,8,8,6,51.3,anytime,1,active
D01079,Anitha Chandran,27,F,O+,RS Puram,10.981029,76.967562,2025-05-31,4,9,5,61.7,emergency_only,1,active
D01080,Priya Nair,24,F,B+,Singanallur,10.989457,77.033533,2025-07-23,3,3,0,47.1,emergency_only,1,inactive
D01081,Karthik Kumar,28,M,O+,Ukkadam,11.008257,76.93345,2025-12-19,4,8,6,75.5,weekends,1,active
D01082,Divya Nair,44,M,A+,Kalapatti,11.068674,77.035509,2025-04-21,9,9,5,7.0,anytime,1,active
D01083,Manoj Kumar,38,M,O+,Ukkadam,11.015344,76.932654,2024-11-22,5,9,4,45.6,anytime,1,inactive
D01084,Priya Chandran,36,M,O+,Vadavalli,11.015697,76.919999,2024-12-15,6,11,0,62.4,weekdays,0,active
D01085,Vikram Nair,34,M,O+,Peelamedu,11.046139,77.000919,2026-01-25,4,6,5,38.1,anytime,1,active
D01086,Roja Reddy,53,F,A+,Coimbatore Central,10.974357,76.973249,2026-05-03,4,9,2,22.1,weekdays,0,active
D01087,Naveen Iyer,26,F,O+,Singanallur,10.982844,77.005409,2026-06-13,3,8,1,17.2,weekdays,1,inactive
D01088,Kavya Sharma,35,Other,O+,Saibaba Colony,11.003153,76.935456,2026-07-28,4,8,7,50.9,emergency_only,0,active
D01089,Vijay Kumar,24,M,O+,Coimbatore Central,10.973003,76.951901,2025-07-24,6,11,7,46.2,weekends,0,active
D01090,Suresh Menon,31,F,A-,Gandhipuram,11.005049,76.984678,2024-05-24,6,9,6,58.1,anytime,1,active
D01091,Manoj Raj,36,M,O+,Saibaba Colony,11.041099,76.917383,,0,2,2,5.0,weekdays,1,active
D01092,Ramesh Nair,33,M,O+,Singanallur,10.998427,76.999119,2026-07-05,3,5,2,62.6,weekdays,1,active
D01093,Vikram Reddy,21,F,A+,Singanallur,11.006392,77.006875,2026-01-03,5,6,3,62.6,weekends,1,active
D01094,Muthu Menon,29,M,B+,Saibaba Colony,10.989681,76.921103,2025-02-23,3,8,4,60.0,emergency_only,1,suspended
D01095,Revathi Chandran,31,M,O-,Saibaba Colony,11.04757,76.926776,2026-02-06,1,5,3,33.1,weekdays,1,suspended
D01096,Senthil Sharma,39,M,O+,Vadavalli,11.024721,76.922653,2026-05-16,4,8,6,31.1,anytime,0,active
D01097,Bhavani Raj,31,F,O+,Singanallur,10.990473,77.054556,2024-05-21,4,9,8,21.4,anytime,1,active
D01098,Arjun Sharma,27,M,O+,Peelamedu,11.05054,77.038728,2025-09-24,5,6,5,56.8,weekdays,0,active
D01099,Divya Kumar,28,M,O+,Podanur,10.935386,76.984905,2025-11-30,5,5,5,35.5,anytime,1,active
D01100,Manoj Balan,25,M,B-,Ukkadam,10.986097,76.969793,2026-09-09,3,7,2,73.8,weekdays,1,active
D01101,Bhavani Pillai,23,M,O+,Podanur,10.927495,76.937659,2026-07-27,3,8,4,41.9,emergency_only,1,active
D01102,Priya Raj,31,F,O+,Podanur,10.943895,76.976053,2026-01-28,3,7,5,57.8,anytime,1,inactive
D01103,Priya Pillai,38,M,O+,RS Puram,10.977787,76.966045,2025-06-20,5,5,2,56.0,anytime,1,active
D01104,Dinesh Balan,40,M,O-,Coimbatore Central,11.018654,76.961772,,0,5,2,34.2,anytime,1,active
D01105,Senthil Subramani,18,M,O-,Coimbatore Central,10.972304,76.949907,2025-04-19,4,6,2,41.0,anytime,1,active
D01106,Deepa Rajan,52,M,O-,RS Puram,11.026289,76.971032,2024-08-12,4,9,8,25.6,weekdays,1,active
D01107,Lakshmi Menon,41,M,AB+,Gandhipuram,11.041519,76.955045,2025-03-02,1,2,1,66.4,anytime,0,suspended
D01108,Arun Raj,51,M,O+,Ukkadam,10.97527,76.956303,2024-04-23,2,5,4,37.3,weekends,1,active
D01109,Meena Menon,32,F,O-,Singanallur,10.999763,77.040555,2024-04-30,5,6,0,78.7,anytime,1,active
D01110,Revathi Menon,28,M,O-,RS Puram,11.013165,76.938074,2025-05-03,6,7,4,59.6,emergency_only,1,inactive
D01111,Lakshmi Sharma,34,F,O+,Peelamedu,11.036307,77.024417,2026-08-23,7,10,1,62.3,anytime,1,active
D01112,Pooja Krishnan,25,M,O+,Kalapatti,11.0462,77.06308,2025-12-24,5,6,2,29.7,anytime,1,active
D01113,Revathi Menon,35,M,A+,RS Puram,11.001528,76.948461,2026-04-20,5,5,3,40.8,anytime,0,active
D01114,Arjun Subramani,25,M,O+,RS Puram,11.03568,76.949501,2026-02-01,3,3,3,49.4,weekends,0,active
D01115,Swathi Krishnan,30,F,A+,Saibaba Colony,11.014253,76.929115,2024-09-16,4,6,5,19.7,weekdays,1,active
D01116,Prakash Iyer,31,M,B+,Vadavalli,11.023603,76.90102,2025-01-24,7,12,5,56.2,anytime,1,active
D01117,Anitha Balan,38,F,O+,Peelamedu,11.040656,77.019392,2025-05-19,2,3,2,82.9,anytime,0,active
D01118,Ganesh Rajan,25,F,O-,Peelamedu,11.04754,77.011986,2026-07-12,7,8,7,11.5,anytime,1,active
D01119,Prakash Gowda,18,F,O+,Saibaba Colony,11.005978,76.919997,2024-07-03,5,8,3,37.9,anytime,0,suspended
D01120,Sathish Subramani,39,F,O+,Podanur,10.927031,76.943146,2024-08-08,5,8,5,48.9,anytime,0,active
D01121,Sandhya Rajan,20,M,AB+,Gandhipuram,11.015931,76.984585,2026-05-03,4,5,0,50.1,anytime,0,active
D01122,Swathi Menon,27,F,O+,Ukkadam,10.963923,76.972426,2025-09-08,1,4,1,57.5,anytime,0,active
D01123,Manoj Menon,44,M,A+,Saibaba Colony,11.02076,76.964976,2026-02-07,5,8,8,62.3,weekends,1,active
D01124,Swathi Pillai,52,M,A+,Singanallur,11.003918,77.056994,2025-09-03,2,3,2,52.5,anytime,1,active
D01125,Deepa Balan,28,F,O+,RS Puram,11.008805,76.927304,2025-07-23,4,8,3,53.9,anytime,1,active
D01126,Anitha Chandran,29,F,A-,Kalapatti,11.062612,77.044346,2024-04-17,5,7,3,49.7,weekends,1,active
D01127,Nithya Sharma,47,F,O+,Coimbatore Central,11.011386,76.973387,2025-06-28,5,10,2,66.4,weekends,1,active
D01128,Deepa Subramani,42,M,AB+,Podanur,10.977249,76.944077,2025-05-07,3,5,4,26.9,anytime,1,active
D01129,Ramesh Nair,36,M,A-,Podanur,10.93061,76.961619,2026-02-13,3,7,6,43.5,anytime,1,suspended
D01130,Bhavani Reddy,36,M,O+,Ukkadam,11.002125,76.988352,2024-11-23,1,4,2,37.3,weekdays,1,active
D01131,Lakshmi Raj,28,M,AB+,Ukkadam,10.976102,76.966251,2025-07-03,7,9,2,46.3,anytime,0,active
D01132,Bhavani Raj,45,M,O-,Kalapatti,11.047878,77.045013,2026-02-27,9,14,6,51.8,anytime,1,active
D01133,Bhavani Rajan,36,M,B-,Coimbatore Central,10.99862,76.967798,2025-03-25,5,8,5,37.2,anytime,1,active
D01134,Prakash Krishnan,25,F,O+,Kalapatti,11.043761,77.040531,2025-03-24,4,4,1,36.7,emergency_only,0,active
D01135,Vijay Pillai,23,F,A+,Podanur,10.976158,76.98267,2024-05-30,6,8,7,43.0,anytime,0,active
D01136,Manoj Menon,18,F,A+,Kalapatti,11.068005,77.040939,2026-02-28,4,7,4,30.2,anytime,1,inactive
D01137,Muthu Moorthy,18,F,O+,Peelamedu,11.005752,77.055238,2026-08-31,4,7,3,44.8,anytime,0,active
D01138,Priya Reddy,46,M,O+,Gandhipuram,11.035092,76.976155,2025-12-29,5,9,4,41.9,weekends,0,active
D01139,Deepa Gowda,44,M,O+,Vadavalli,10.998377,76.91673,2025-05-28,2,6,3,49.9,anytime,0,active
D01140,Revathi Krishnan,30,M,O+,Gandhipuram,11.001341,76.951439,2025-09-29,2,5,2,32.9,weekends,1,active
D01141,Deepa Subramani,39,F,O+,RS Puram,10.994906,76.975281,2025-05-07,4,8,1,37.1,emergency_only,0,inactive
D01142,Deepa Krishnan,36,M,O+,RS Puram,11.004864,76.924631,2025-01-11,2,3,1,37.9,anytime,1,active
D01143,Prakash Pillai,28,F,A+,Vadavalli,11.040648,76.909082,2024-07-10,7,8,3,65.3,anytime,0,active
D01144,Sandhya Kumar,18,F,B+,Kalapatti,11.054202,77.039922,2026-08-14,4,7,4,33.0,weekends,1,active
D01145,Arjun Moorthy,32,M,O+,Gandhipuram,11.039154,76.972852,2025-04-05,4,5,2,56.4,anytime,0,active
D01146,Divya Reddy,27,M,A+,Vadavalli,10.994779,76.897982,2025-07-01,3,6,1,66.4,anytime,0,active
D01147,Nithya Pillai,31,F,A+,Peelamedu,11.003157,77.053093,2024-07-27,1,1,1,33.0,weekdays,1,active
D01148,Vijay Iyer,18,F,O+,Peelamedu,11.020944,77.042089,2026-05-14,8,13,0,61.2,weekdays,1,active
D01149,Manoj Nair,37,M,B-,Peelamedu,11.015459,77.044555,,0,2,2,45.6,anytime,0,active
D01150,Lakshmi Nair,35,M,B-,Peelamedu,11.017954,77.005171,2025-11-16,2,6,2,43.2,weekdays,1,active
D01151,Revathi Sharma,25,M,B-,RS Puram,11.026195,76.951678,2026-04-07,5,6,5,34.5,weekends,1,active
D01152,Kavya Krishnan,34,M,A+,Saibaba Colony,11.03328,76.943728,2025-04-07,5,7,5,34.2,weekends,1,active
D01153,Priya Pillai,46,F,B+,Kalapatti,11.075305,77.014608,2025-12-12,4,8,2,47.7,anytime,1,active
D01154,Arjun Nair,42,M,A+,Gandhipuram,11.026966,76.942773,2025-08-27,2,2,0,80.0,anytime,1,suspended
D01155,Sathish Raj,35,F,B-,Ukkadam,11.001057,76.976807,2025-05-21,5,6,0,65.8,weekends,1,active
D01156,Arun Balan,22,M,O+,Singanallur,11.007905,77.000606,2025-04-29,4,8,4,29.4,emergency_only,1,active
D01157,Priya Iyer,50,M,A+,Peelamedu,11.01987,77.02822,2024-10-15,6,7,1,55.0,anytime,1,active
D01158,Revathi Reddy,22,Other,B+,Ukkadam,10.985333,76.962845,2026-01-07,5,5,3,88.5,anytime,0,inactive
D01159,Senthil Pillai,34,M,A+,Podanur,10.973593,76.983554,2025-05-13,3,3,2,51.5,anytime,1,active
D01160,Vikram Chandran,18,M,AB+,Ukkadam,10.965194,76.951307,2026-03-22,5,5,0,109.6,emergency_only,1,active
D01161,Naveen Gowda,35,M,O+,Vadavalli,11.002736,76.898915,2024-06-04,3,7,0,53.7,weekdays,0,active
D01162,Deepa Kumar,35,F,O+,Vadavalli,11.008407,76.91374,,0,3,1,41.1,weekends,1,active
D01163,Revathi Rajan,18,M,A+,Peelamedu,11.050316,77.056172,2026-04-25,5,6,6,42.2,weekends,0,inactive
D01164,Sathish Nair,30,M,A+,Ukkadam,11.002669,76.943373,2025-06-14,9,11,7,48.5,emergency_only,1,active
D01165,Ganesh Moorthy,18,M,A+,Peelamedu,11.007707,77.011439,2025-02-21,1,5,3,50.5,weekends,1,active
D01166,Lakshmi Chandran,18,M,A+,Kalapatti,11.040237,77.048409,2024-05-01,1,5,5,6.7,weekends,1,active
D01167,Ramesh Menon,34,M,O+,Kalapatti,11.048345,77.061837,2025-07-12,5,5,0,46.2,emergency_only,1,active
D01168,Lakshmi Reddy,27,M,O+,Peelamedu,11.03582,77.033346,2026-09-07,3,6,3,85.9,anytime,0,active
D01169,Manoj Kumar,22,M,A-,Singanallur,11.01454,77.004748,2024-05-21,6,10,7,7.8,anytime,1,active
D01170,Karthik Raj,26,M,O+,Saibaba Colony,11.028817,76.972621,2026-06-11,9,14,12,21.1,emergency_only,1,active
D01171,Revathi Chandran,44,F,B+,Gandhipuram,10.989105,76.985523,2026-04-17,6,6,4,43.8,anytime,0,active
D01172,Muthu Menon,18,F,B-,Gandhipuram,11.00666,76.938247,2025-02-25,3,6,0,94.5,weekends,1,active
D01173,Naveen Moorthy,28,F,A+,Peelamedu,11.056726,77.022886,2026-04-21,5,9,2,36.2,emergency_only,1,active
D01174,Meena Menon,43,F,O+,Gandhipuram,11.047028,76.956392,2025-08-08,4,6,3,48.4,emergency_only,0,active
D01175,Roja Reddy,49,M,A+,Peelamedu,11.020043,77.054976,2025-11-12,4,4,3,79.5,weekends,1,active
D01176,Dinesh Kumar,24,M,O-,Gandhipuram,11.011047,76.970857,2025-03-18,7,11,3,26.3,weekends,1,active
D01177,Prakash Raj,28,M,A-,Gandhipuram,11.017807,76.958591,2026-02-26,3,3,2,70.1,emergency_only,1,active
D01178,Priya Balan,18,M,O+,Gandhipuram,11.009024,76.970063,2025-04-17,5,10,5,46.2,weekdays,0,active
D01179,Dinesh Kumar,36,F,O+,Vadavalli,11.010084,76.941586,2025-08-04,5,6,5,38.2,anytime,1,active
D01180,Priya Rajan,29,M,A-,Gandhipuram,11.005769,76.971287,2026-09-05,4,9,4,52.7,weekdays,0,active
D01181,Senthil Balan,34,F,A-,Peelamedu,11.023716,77.047892,2024-10-02,4,9,4,34.7,weekdays,1,active
D01182,Manoj Balan,23,M,O+,Coimbatore Central,10.975425,76.928786,2026-02-17,4,8,0,26.0,weekends,1,active
D01183,Kavya Moorthy,36,M,O+,Peelamedu,11.036179,76.999962,2025-03-16,4,4,1,53.4,anytime,1,active
D01184,Ganesh Menon,28,M,O+,Saibaba Colony,11.011876,76.927342,2024-08-26,7,11,4,27.3,weekdays,1,active
D01185,Divya Menon,21,F,B+,Peelamedu,11.041268,77.047047,2025-11-17,3,5,4,44.6,weekdays,0,active
D01186,Prakash Krishnan,49,M,AB+,Singanallur,10.984885,76.999187,2025-01-14,4,4,1,38.1,weekends,0,inactive
D01187,Ganesh Nair,47,M,A+,Singanallur,11.001919,77.035384,2024-06-08,4,6,4,42.3,weekends,0,active
D01188,Geetha Iyer,30,F,O+,Ukkadam,10.998384,76.980576,2024-10-30,6,6,4,42.3,weekdays,1,active
D01189,Bhavani Menon,18,M,O+,Coimbatore Central,10.994653,76.982257,2026-02-06,7,8,2,45.6,weekends,1,active
D01190,Revathi Gowda,29,M,O+,Vadavalli,11.051077,76.890112,2024-09-01,4,5,3,39.5,weekends,1,active
D01191,Priya Balan,35,F,O-,Singanallur,11.018219,77.012216,2024-09-26,3,5,5,20.1,anytime,0,active
D01192,Geetha Reddy,36,M,O+,Gandhipuram,11.024405,76.962744,2026-02-18,4,9,4,50.2,weekends,1,suspended
D01193,Suresh Raj,21,F,O+,Saibaba Colony,10.993445,76.949375,2024-11-29,6,6,3,30.8,weekends,0,active
D01194,Ganesh Krishnan,27,F,O+,Gandhipuram,11.006166,76.959634,2024-05-01,8,12,2,43.9,weekdays,0,active
D01195,Geetha Reddy,25,M,A+,Singanallur,11.023609,77.011769,2026-01-28,1,5,1,49.5,weekends,0,active
D01196,Ramesh Menon,24,M,A+,Ukkadam,11.007504,76.94847,2024-11-26,6,7,3,35.6,anytime,0,active
D01197,Roja Rajan,18,M,O+,Vadavalli,11.04728,76.91619,2025-12-27,5,10,7,32.0,weekends,1,active
D01198,Manoj Raj,38,M,O+,RS Puram,10.982849,76.971234,2025-06-22,8,11,2,60.1,anytime,1,active
D01199,Arjun Raj,35,M,A+,Kalapatti,11.076999,77.028741,2025-03-09,2,7,3,23.1,anytime,1,active
D01200,Naveen Subramani,34,M,O+,Coimbatore Central,10.99874,76.980623,2025-08-26,5,9,6,33.8,anytime,1,active
D01201,Ramesh Iyer,33,M,O+,Podanur,10.982241,76.976203,2025-06-07,2,3,1,41.5,weekdays,1,inactive
D01202,Roja Krishnan,32,M,A+,Vadavalli,11.026641,76.939621,2026-06-16,9,12,5,47.1,weekdays,1,active
D01203,Divya Reddy,18,M,O+,Coimbatore Central,11.030389,76.932609,2025-09-04,4,7,2,70.5,weekends,1,active
D01204,Arjun Gowda,26,F,O+,Ukkadam,10.985069,76.934585,2026-09-14,3,5,3,48.5,anytime,1,active
D01205,Sathish Reddy,28,M,B+,Kalapatti,11.093509,77.041097,2025-08-10,3,5,4,28.5,weekends,1,inactive
D01206,Ganesh Menon,20,M,A+,Vadavalli,11.013995,76.894737,2025-11-23,6,10,3,36.3,anytime,0,active
D01207,Pooja Moorthy,44,M,O+,Saibaba Colony,11.000861,76.934095,2025-11-17,4,8,7,38.1,emergency_only,1,active
D01208,Ramesh Raj,31,M,O+,RS Puram,10.988328,76.937641,2025-03-29,5,8,4,64.4,weekends,1,active
D01209,Suresh Chandran,33,M,O+,RS Puram,11.033515,76.970515,2025-07-22,4,7,3,37.1,weekdays,1,active
D01210,Karthik Iyer,45,M,O+,Podanur,10.953354,76.971241,2024-10-24,2,7,4,37.9,emergency_only,1,active
D01211,Senthil Balan,18,F,AB+,Vadavalli,11.038241,76.925565,2026-06-15,5,5,3,68.6,anytime,0,active
D01212,Arun Krishnan,41,M,A-,Vadavalli,11.050385,76.898728,2025-11-10,5,10,2,38.5,anytime,0,active
D01213,Karthik Iyer,21,M,B+,Singanallur,11.026176,77.055322,2026-09-07,3,7,5,58.6,anytime,1,inactive
D01214,Meena Balan,27,M,A+,Coimbatore Central,11.007082,76.954481,2025-12-07,6,11,6,45.5,anytime,0,active
D01215,Ganesh Kumar,33,M,A+,Kalapatti,11.066511,77.037481,2024-10-23,6,8,7,33.5,weekends,1,active
D01216,Divya Moorthy,24,F,O+,Gandhipuram,11.014643,76.955392,2026-05-11,3,7,2,94.4,anytime,1,active
D01217,Sathish Nair,43,M,A+,Coimbatore Central,11.006011,76.96923,2025-04-08,3,4,0,79.7,anytime,0,active
D01218,Swathi Kumar,26,F,O-,Podanur,10.951377,76.979796,2026-07-03,9,11,8,41.5,weekdays,1,active
D01219,Lakshmi Kumar,42,M,O+,Coimbatore Central,11.023865,76.947521,2025-06-01,5,7,1,16.2,anytime,1,active
D01220,Sandhya Moorthy,24,F,A-,Gandhipuram,11.01449,76.976443,2025-12-14,6,10,5,69.4,emergency_only,1,active
D01221,Revathi Menon,32,F,A-,Singanallur,10.996307,77.046777,2025-12-21,9,10,6,35.5,weekends,1,active
D01222,Arjun Moorthy,34,M,A+,Vadavalli,11.030735,76.903893,2025-04-25,7,7,4,62.7,anytime,1,active
D01223,Arun Gowda,34,M,B+,Kalapatti,11.07026,77.06768,2025-01-12,1,3,2,29.9,weekdays,1,suspended
D01224,Nithya Krishnan,54,F,A+,Gandhipuram,11.0275,76.943445,2026-09-10,5,7,4,26.9,anytime,1,active
D01225,Sandhya Balan,26,M,O+,Ukkadam,10.987972,76.941609,2024-06-29,10,13,6,39.7,weekdays,1,active
D01226,Ramesh Iyer,29,F,O+,Singanallur,10.997501,77.043006,2024-05-03,3,5,3,36.9,anytime,1,active
D01227,Sandhya Subramani,29,F,A+,Coimbatore Central,10.98584,76.972931,2025-03-24,5,9,3,91.3,anytime,1,active
D01228,Geetha Sharma,44,F,AB+,Peelamedu,11.013952,77.014077,2026-01-23,2,2,2,55.2,anytime,0,active
D01229,Meena Nair,19,F,B-,Vadavalli,11.022318,76.889237,2025-02-05,1,5,3,34.0,emergency_only,0,active
D01230,Arjun Rajan,36,M,AB-,Gandhipuram,11.025958,76.978647,2024-10-24,1,6,4,11.2,weekends,1,active
D01231,Priya Rajan,25,F,AB-,Gandhipuram,11.032375,76.973594,2024-09-29,5,6,4,47.0,emergency_only,1,active
D01232,Sathish Raj,20,F,O-,Gandhipuram,11.034317,76.944159,2025-01-29,6,7,6,35.7,emergency_only,0,active
D01233,Prakash Rajan,30,M,A+,Gandhipuram,11.008012,76.963493,2026-04-07,2,4,1,29.1,anytime,0,active
D01234,Naveen Iyer,47,M,A-,Gandhipuram,11.00544,76.963269,2025-08-27,5,5,3,31.2,weekends,1,active
D01235,Anitha Sharma,43,F,AB-,Vadavalli,11.019991,76.914979,2026-04-27,7,11,2,52.9,anytime,1,active
D01236,Manoj Sharma,39,F,O+,Vadavalli,11.034439,76.899593,2025-09-13,6,7,1,57.2,weekends,1,active
D01237,Deepa Reddy,38,F,O-,Podanur,10.929339,76.985686,2025-02-05,3,6,6,43.9,weekdays,1,inactive
D01238,Sathish Nair,36,M,O+,Coimbatore Central,10.985451,76.956845,2025-08-06,2,6,3,36.8,weekdays,1,active
D01239,Muthu Chandran,25,F,O-,Ukkadam,10.974568,76.987447,2025-09-20,1,1,1,56.0,weekdays,1,active
D01240,Anitha Gowda,36,M,O+,Peelamedu,11.010787,77.020484,2024-07-30,2,7,5,63.3,emergency_only,1,active
D01241,Nithya Raj,27,M,O+,Ukkadam,10.976389,76.934814,2026-06-10,4,6,2,72.4,anytime,1,active
D01242,Senthil Nair,43,F,O+,Gandhipuram,11.000565,76.951504,2026-02-18,10,11,5,45.6,weekends,1,active
D01243,Geetha Kumar,21,M,A-,Coimbatore Central,11.019473,76.940681,2025-02-04,6,7,0,45.5,weekends,1,active
D01244,Suresh Rajan,36,M,A-,Vadavalli,10.99892,76.938296,2024-10-11,7,8,3,64.7,anytime,1,active
D01245,Bhavani Rajan,34,F,A+,Coimbatore Central,11.015138,76.976723,2025-12-01,1,5,1,35.0,anytime,1,active
D01246,Pooja Kumar,33,F,O+,Coimbatore Central,11.028055,76.941957,2025-07-24,2,3,2,46.7,anytime,1,active
D01247,Bhavani Pillai,35,M,O+,RS Puram,11.003689,76.97185,2026-07-23,8,8,2,60.2,weekends,0,active
D01248,Kavya Sharma,23,F,B+,Coimbatore Central,11.025736,76.965243,2026-04-04,4,5,2,62.7,weekends,1,active
D01249,Roja Gowda,36,F,O+,Gandhipuram,11.043206,76.985123,2025-07-15,10,13,8,40.6,weekends,1,active
D01250,Arun Moorthy,24,M,O+,Podanur,10.96428,76.960757,2025-08-03,6,8,6,23.6,weekends,0,active
D01251,Bhavani Balan,31,M,A-,Kalapatti,11.087179,77.042308,2026-01-11,6,11,3,23.0,anytime,1,active
D01252,Karthik Raj,32,M,A+,RS Puram,11.012494,76.980383,2025-01-07,6,10,10,7.9,anytime,0,active
D01253,Deepa Sharma,31,M,A-,Podanur,10.967442,76.955676,2025-07-29,6,7,3,55.0,weekends,1,active
D01254,Muthu Gowda,28,F,O+,Peelamedu,11.004345,77.027778,2026-05-10,3,3,1,16.1,weekends,1,active
D01255,Lakshmi Balan,41,F,O+,Gandhipuram,11.037816,76.963285,2025-05-05,1,1,1,54.3,weekdays,0,active
D01256,Pooja Rajan,37,M,O+,Ukkadam,10.968725,76.97434,2026-07-29,1,1,0,32.2,anytime,1,active
D01257,Sandhya Chandran,40,M,O+,Vadavalli,11.046467,76.911301,2026-06-04,5,6,4,28.5,anytime,1,active
D01258,Lakshmi Raj,18,M,A+,Coimbatore Central,11.017617,76.960316,,0,4,4,31.1,anytime,1,active
D01259,Lakshmi Reddy,29,Other,A+,Podanur,10.966229,76.965168,2025-11-18,1,4,4,12.4,anytime,1,active
D01260,Ganesh Krishnan,35,F,A+,Ukkadam,11.018353,76.944468,2024-08-12,7,8,7,51.4,anytime,1,active
D01261,Anitha Moorthy,18,M,O+,Gandhipuram,11.005354,76.97591,2026-03-11,3,4,0,40.9,weekdays,1,active
D01262,Roja Moorthy,24,F,O+,Singanallur,10.9982,77.044457,2024-05-14,4,7,3,43.3,weekends,0,suspended
D01263,Prakash Pillai,46,F,A+,Ukkadam,11.008737,76.964436,2025-12-28,7,9,3,56.0,weekdays,1,active
D01264,Divya Balan,49,M,B+,Vadavalli,11.051435,76.931775,2026-07-18,6,8,2,48.0,weekends,1,inactive
D01265,Nithya Reddy,25,F,B+,Gandhipuram,11.020918,76.995715,2024-08-08,2,4,1,46.1,anytime,0,active
D01266,Kavya Chandran,40,M,AB+,Podanur,10.950258,76.995953,2026-04-17,3,8,4,35.1,weekdays,1,active
D01267,Kavya Pillai,19,M,O+,Singanallur,10.989296,77.053572,2026-08-05,6,7,6,51.2,anytime,1,active
D01268,Ganesh Chandran,30,F,O-,Saibaba Colony,11.023548,76.9438,2024-05-11,5,5,5,38.9,weekdays,1,active
D01269,Divya Raj,32,F,O-,Singanallur,11.017972,77.051274,2026-04-19,5,5,2,43.2,anytime,0,active
D01270,Geetha Nair,56,M,O-,Gandhipuram,10.994187,76.95825,2025-12-17,2,2,0,44.8,weekends,1,active
D01271,Arun Kumar,38,M,O+,Gandhipuram,11.028153,76.963943,2025-02-05,2,2,1,37.5,emergency_only,1,inactive
D01272,Prakash Raj,35,M,O-,Ukkadam,10.994553,76.985846,2024-06-03,3,5,0,89.6,weekends,1,active
D01273,Geetha Chandran,29,M,O+,Coimbatore Central,10.997642,76.929671,2025-03-12,4,4,0,50.3,weekdays,0,active
D01274,Dinesh Iyer,46,M,A+,Gandhipuram,11.007736,76.954177,2025-07-29,5,5,3,60.9,weekdays,0,active
D01275,Bhavani Kumar,18,F,AB-,Ukkadam,10.988144,76.937984,2025-03-20,5,8,5,37.7,emergency_only,1,active
D01276,Vikram Pillai,39,F,O+,Singanallur,10.984452,77.014678,2025-01-22,1,3,3,56.4,anytime,1,active
D01277,Revathi Rajan,24,F,O+,Gandhipuram,11.036827,76.947318,2026-03-30,4,5,0,52.1,emergency_only,1,active
D01278,Meena Menon,24,F,A+,Gandhipuram,11.024425,76.968489,2025-11-05,7,9,6,34.2,anytime,0,active
D01279,Meena Moorthy,46,M,O-,RS Puram,11.005368,76.964539,2024-08-19,4,4,4,42.7,weekends,1,inactive
D01280,Deepa Rajan,33,F,O+,Gandhipuram,11.047257,76.974195,2025-09-07,6,9,5,83.8,weekends,0,active
D01281,Divya Subramani,40,M,A+,RS Puram,11.020391,76.923801,2024-06-10,3,5,3,27.2,weekends,0,active
D01282,Sathish Krishnan,26,F,A+,RS Puram,11.002181,76.976725,2025-12-30,3,7,0,35.0,weekends,1,active
D01283,Revathi Chandran,19,M,O+,Peelamedu,11.034472,77.045101,2024-05-25,4,9,4,46.6,anytime,1,active
D01284,Deepa Balan,38,M,O+,Podanur,10.973813,76.947361,2026-08-16,3,7,7,69.3,anytime,1,active
D01285,Manoj Kumar,25,M,A+,Singanallur,10.9857,77.036583,2025-01-10,6,7,2,39.9,weekdays,1,active
D01286,Dinesh Pillai,33,Other,B+,RS Puram,11.034505,76.979056,2026-05-03,2,2,1,57.8,anytime,0,active
D01287,Senthil Menon,31,F,B+,Podanur,10.982997,76.960185,2025-05-26,8,11,3,48.1,weekdays,1,active
D01288,Naveen Raj,32,F,O-,RS Puram,10.978769,76.958054,2025-08-04,4,9,2,41.9,weekends,1,active
D01289,Bhavani Kumar,29,M,O-,Kalapatti,11.068165,77.057013,2025-10-20,5,9,2,52.3,anytime,1,active
D01290,Muthu Gowda,34,F,A-,Gandhipuram,11.018297,76.983231,2026-01-25,3,4,3,44.3,anytime,1,active
D01291,Meena Menon,38,M,O+,Kalapatti,11.056125,77.023003,2024-11-19,4,6,0,37.3,anytime,1,active
D01292,Revathi Gowda,50,M,A-,Podanur,10.928636,76.949154,2026-02-08,2,7,5,39.8,anytime,1,active
D01293,Geetha Moorthy,39,M,A+,Vadavalli,11.027503,76.924538,2025-02-12,6,9,5,37.9,anytime,0,active
D01294,Deepa Rajan,27,M,O+,Ukkadam,10.974121,76.970326,2024-10-11,8,8,3,55.3,anytime,1,active
D01295,Revathi Balan,32,M,O+,Coimbatore Central,11.009265,76.954964,2026-03-16,4,7,4,52.0,weekends,1,inactive
D01296,Divya Kumar,36,M,A+,Ukkadam,11.012609,76.932309,2025-03-04,3,3,3,16.7,anytime,1,active
D01297,Pooja Rajan,37,F,B+,Gandhipuram,11.039579,76.975353,2025-12-07,6,6,5,42.9,weekdays,0,active
D01298,Anitha Iyer,46,M,O+,Saibaba Colony,11.036117,76.953365,2024-10-04,4,5,1,65.1,anytime,1,active
D01299,Bhavani Rajan,41,M,O+,Peelamedu,11.001334,77.028843,2025-10-07,2,6,0,123.0,anytime,0,active
D01300,Bhavani Moorthy,33,F,A+,Gandhipuram,10.996206,76.982951,2024-11-07,4,6,0,35.3,weekends,1,active
D01301,Vijay Sharma,34,M,O-,Peelamedu,11.002556,77.021496,2024-05-18,4,4,0,15.1,weekdays,1,active
D01302,Sathish Chandran,48,F,O-,RS Puram,10.976788,76.923201,2024-05-03,5,6,0,37.7,weekends,0,active
D01303,Lakshmi Pillai,36,F,O+,RS Puram,11.035561,76.979624,2026-02-05,4,4,2,64.7,anytime,1,active
D01304,Anitha Moorthy,51,F,O+,Ukkadam,10.98138,76.975547,2026-03-27,4,6,3,60.8,anytime,0,active
D01305,Roja Gowda,30,Other,AB+,Saibaba Colony,10.998004,76.923461,2025-03-31,5,7,1,17.7,emergency_only,0,active
D01306,Swathi Balan,40,M,AB+,Saibaba Colony,10.998862,76.961103,2024-08-16,2,2,2,62.1,weekends,1,active
D01307,Arjun Krishnan,21,Other,A+,Gandhipuram,11.001251,76.949211,2026-08-21,6,7,7,14.2,emergency_only,1,active
D01308,Lakshmi Pillai,46,M,A+,Coimbatore Central,11.007028,76.98285,2025-12-10,1,5,2,52.3,weekdays,1,active
D01309,Muthu Moorthy,37,M,O+,Vadavalli,11.029912,76.898027,2024-11-07,5,9,4,47.4,weekdays,0,active
D01310,Swathi Krishnan,43,M,O+,Gandhipuram,10.996177,76.95779,2026-05-31,4,8,4,45.4,anytime,1,active
D01311,Anitha Sharma,33,F,A+,Gandhipuram,11.022804,76.948217,2024-07-30,6,8,2,46.5,anytime,1,active
D01312,Lakshmi Subramani,22,M,B+,Gandhipuram,11.012532,76.977669,2025-02-09,5,7,3,36.1,weekends,0,suspended
D01313,Meena Menon,24,M,O+,Saibaba Colony,11.022695,76.920184,2025-05-11,5,5,2,13.8,anytime,1,active
D01314,Ganesh Moorthy,19,M,A+,Ukkadam,11.017942,76.936654,2026-06-05,6,10,4,41.9,anytime,1,active
D01315,Prakash Menon,18,M,B+,Saibaba Colony,11.018418,76.926354,,0,1,0,43.9,anytime,1,active
D01316,Ramesh Pillai,32,M,A+,Kalapatti,11.044505,77.060629,2024-06-04,4,7,2,40.6,anytime,1,active
D01317,Senthil Gowda,24,F,A-,Coimbatore Central,10.975711,76.962257,2025-05-07,4,7,2,58.8,weekdays,1,active
D01318,Anitha Reddy,18,F,AB+,Gandhipuram,11.047094,76.95571,2026-04-04,1,3,2,42.6,weekdays,1,active
D01319,Ganesh Subramani,21,M,AB-,Podanur,10.944539,76.94933,2024-11-20,1,6,1,67.4,emergency_only,1,active
D01320,Prakash Raj,19,M,O+,Kalapatti,11.067662,77.066609,2025-01-20,4,5,3,20.9,anytime,1,inactive
D01321,Sandhya Nair,18,F,A+,RS Puram,11.004848,76.950941,2024-07-24,5,9,8,21.0,weekends,1,active
D01322,Bhavani Pillai,34,M,O-,Saibaba Colony,11.03342,76.95136,2026-08-27,3,3,0,38.7,emergency_only,0,active
D01323,Naveen Balan,18,M,B-,Coimbatore Central,10.988239,76.950499,2026-04-09,2,4,2,45.9,weekends,0,inactive
D01324,Prakash Moorthy,37,M,O+,Peelamedu,11.010814,77.04461,2024-12-20,4,4,4,47.8,anytime,0,active
D01325,Muthu Rajan,28,F,A-,Kalapatti,11.072597,77.023384,2024-09-19,5,5,4,70.5,anytime,1,active
D01326,Senthil Iyer,55,M,O+,Singanallur,10.975377,77.021745,2025-01-30,2,5,3,39.3,weekends,1,active
D01327,Revathi Raj,30,M,A+,Peelamedu,11.013547,77.043238,2026-07-06,4,4,4,41.1,weekends,1,active
D01328,Vijay Menon,47,F,O+,Peelamedu,11.000703,77.016122,2025-05-04,3,3,2,73.2,anytime,1,active
D01329,Divya Rajan,52,F,O+,Coimbatore Central,11.028304,76.95146,2024-12-11,4,7,5,64.4,weekdays,1,active
D01330,Prakash Nair,27,M,O+,Podanur,10.962357,76.96199,2026-05-01,6,6,4,5.0,anytime,1,active
D01331,Geetha Iyer,32,M,B+,Singanallur,11.019097,77.028402,2026-03-02,4,6,2,41.3,emergency_only,1,active
D01332,Suresh Rajan,32,M,O+,Gandhipuram,11.021681,76.954264,2025-04-16,11,13,6,60.7,weekends,1,active
D01333,Ramesh Reddy,24,M,O+,Vadavalli,11.006459,76.895762,2024-10-27,5,10,4,22.1,weekends,1,active
D01334,Sandhya Gowda,35,F,B+,Kalapatti,11.095922,77.035508,2025-03-21,1,5,2,66.8,weekdays,0,active
D01335,Meena Balan,18,M,B+,RS Puram,10.992806,76.961997,2025-07-05,3,6,2,77.4,anytime,1,active
D01336,Vijay Iyer,22,M,A+,Coimbatore Central,11.019488,76.939041,2025-01-26,2,2,0,38.6,anytime,0,active
D01337,Arjun Kumar,29,M,O+,Coimbatore Central,11.001229,76.967638,2025-03-31,2,7,0,38.6,anytime,0,active
D01338,Arjun Sharma,28,M,A+,Vadavalli,10.998805,76.905574,2026-04-20,6,8,0,58.9,weekends,0,active
D01339,Muthu Chandran,26,F,B+,Podanur,10.94151,76.984967,2026-03-10,4,9,4,41.6,weekdays,1,active
D01340,Sandhya Kumar,19,M,B+,Peelamedu,11.017508,77.023858,2025-07-22,3,4,0,59.5,emergency_only,0,inactive
D01341,Bhavani Pillai,28,M,B+,Kalapatti,11.044608,77.059983,2025-01-25,5,6,6,25.2,emergency_only,1,active
D01342,Geetha Pillai,57,M,A-,Coimbatore Central,11.008025,76.952345,2025-08-12,3,4,1,56.4,weekends,0,active
D01343,Prakash Iyer,30,M,AB+,Saibaba Colony,11.038979,76.940541,2024-11-08,2,2,1,106.0,anytime,0,inactive
D01344,Nithya Rajan,38,F,B+,Vadavalli,11.042443,76.918156,2026-07-28,2,5,1,25.6,weekends,1,active
D01345,Pooja Nair,34,M,O+,Kalapatti,11.047218,77.05837,2026-06-11,1,3,3,56.8,emergency_only,1,active
D01346,Muthu Balan,32,M,AB+,Podanur,10.975055,76.938424,2025-08-11,6,11,6,39.0,emergency_only,1,active
D01347,Karthik Nair,23,F,A+,Singanallur,10.987106,77.01989,2025-08-15,7,10,6,17.0,anytime,1,active
D01348,Anitha Pillai,33,F,B+,Podanur,10.948713,76.987003,2024-06-23,3,6,1,70.8,anytime,0,active
D01349,Suresh Balan,31,F,A+,Peelamedu,11.001893,77.041177,2026-06-12,2,3,1,33.2,weekends,0,inactive
D01350,Senthil Rajan,41,M,A+,Coimbatore Central,11.00012,76.98551,2024-10-17,5,6,2,63.3,weekends,0,active
D01351,Meena Kumar,27,M,AB-,Podanur,10.923273,76.987544,2025-09-29,7,11,7,41.5,weekdays,1,inactive
D01352,Manoj Krishnan,18,F,O+,Gandhipuram,11.008525,76.983966,2024-10-16,1,2,0,65.9,emergency_only,1,active
D01353,Lakshmi Chandran,31,F,O-,Vadavalli,11.038544,76.900983,2025-05-03,7,9,7,69.5,anytime,1,active
D01354,Bhavani Balan,26,F,O+,Gandhipuram,11.015494,76.941843,2025-07-01,3,4,4,31.9,anytime,1,inactive
D01355,Dinesh Rajan,33,M,O+,Ukkadam,11.007011,76.931721,2024-08-21,3,7,3,70.2,anytime,0,active
D01356,Arjun Reddy,25,M,O+,Saibaba Colony,11.024414,76.946125,2025-10-29,4,4,4,43.9,weekends,1,active
D01357,Deepa Nair,20,M,O+,RS Puram,11.014575,76.975681,2025-01-25,6,10,4,5.0,weekdays,1,active
D01358,Vikram Gowda,23,F,O+,Vadavalli,11.021324,76.916979,2025-12-10,6,8,3,24.4,emergency_only,0,inactive
D01359,Suresh Moorthy,26,F,B+,Podanur,10.936773,76.946481,2024-07-02,6,8,2,41.8,weekdays,0,active
D01360,Revathi Gowda,22,M,O-,Singanallur,11.018896,77.053065,,0,2,0,37.1,weekdays,0,active
D01361,Nithya Moorthy,18,M,O+,Peelamedu,11.036621,77.006362,2026-01-11,4,6,4,40.9,weekdays,0,active
D01362,Naveen Subramani,19,Other,A-,Peelamedu,11.007904,77.029642,2025-07-01,6,6,6,55.2,weekends,1,suspended
D01363,Pooja Krishnan,36,F,A-,Saibaba Colony,11.043921,76.941892,2025-08-02,2,4,0,63.5,weekdays,0,active
D01364,Sathish Iyer,25,M,A+,Ukkadam,10.983861,76.948328,2026-07-03,4,8,1,37.4,weekdays,0,inactive
D01365,Roja Sharma,27,F,B+,Podanur,10.980105,76.973427,2025-09-12,3,7,2,36.2,anytime,0,active
D01366,Nithya Menon,21,F,A+,Kalapatti,11.044577,77.043793,2026-06-04,1,1,0,44.3,emergency_only,1,active
D01367,Arun Sharma,30,M,AB+,Podanur,10.98095,76.989005,2025-05-11,4,5,2,34.4,emergency_only,0,active
D01368,Vikram Krishnan,38,F,O+,Singanallur,11.019124,77.026865,2026-05-11,6,10,4,59.3,anytime,1,active
D01369,Suresh Kumar,31,M,O+,Vadavalli,11.041147,76.922013,2025-07-16,3,3,0,56.7,anytime,1,active
D01370,Prakash Reddy,32,F,A+,Saibaba Colony,11.016662,76.942325,2025-11-07,3,4,3,81.0,weekends,1,active
D01371,Ganesh Chandran,46,F,O+,Saibaba Colony,11.029198,76.960647,2024-06-19,3,8,3,93.0,weekends,0,active
D01372,Sandhya Kumar,18,F,A-,Ukkadam,10.990905,76.961671,2026-06-28,4,6,3,63.8,weekends,1,active
D01373,Ganesh Menon,32,M,A+,RS Puram,11.023902,76.952971,2026-06-30,5,10,4,62.3,weekends,1,active
D01374,Anitha Iyer,31,M,O+,Gandhipuram,11.028185,76.977552,2025-04-20,3,6,3,37.8,anytime,0,active
D01375,Revathi Iyer,31,M,O-,Singanallur,11.007306,77.036606,2025-02-18,8,8,6,84.1,emergency_only,1,active
D01376,Sathish Rajan,21,F,A-,Singanallur,10.995478,77.044375,2026-02-19,3,4,1,73.5,anytime,0,active
D01377,Manoj Balan,27,F,B+,Singanallur,11.014663,77.013267,2024-11-01,4,7,3,64.2,anytime,1,active
D01378,Ramesh Kumar,34,M,O+,RS Puram,10.990662,76.967786,2024-05-28,4,8,8,28.8,weekends,0,active
D01379,Ganesh Pillai,42,F,A-,Vadavalli,10.996179,76.939446,2024-10-01,4,5,2,33.2,anytime,0,active
D01380,Swathi Gowda,30,M,O+,RS Puram,10.992117,76.939324,2025-01-05,6,6,3,60.5,anytime,0,suspended
D01381,Arjun Moorthy,30,M,O+,Gandhipuram,11.028801,76.970314,2024-07-03,3,3,3,5.0,weekends,0,active
D01382,Ganesh Pillai,32,M,A-,Vadavalli,11.031416,76.929314,2024-07-19,4,4,4,16.8,anytime,1,active
D01383,Dinesh Menon,23,M,A+,Podanur,10.926073,76.980602,2025-09-11,4,6,3,61.4,anytime,1,active
D01384,Naveen Kumar,30,M,O+,Singanallur,10.983114,77.053908,2025-03-18,4,4,1,62.8,weekdays,1,active
D01385,Revathi Krishnan,30,M,O+,Podanur,10.926824,76.960374,2025-12-17,5,5,5,32.0,anytime,1,active
D01386,Roja Krishnan,35,F,A+,RS Puram,10.983314,76.935788,2025-05-27,6,11,5,26.2,anytime,1,active
D01387,Priya Krishnan,22,M,B+,Ukkadam,10.986948,76.980699,2024-11-25,3,5,1,18.3,anytime,0,active
D01388,Vikram Menon,46,F,B+,Ukkadam,11.002013,76.972593,2024-07-27,3,5,0,44.8,anytime,0,active
D01389,Swathi Chandran,22,F,A+,Kalapatti,11.076042,77.05913,2024-09-12,5,10,10,72.2,weekends,1,active
D01390,Priya Gowda,35,M,O+,Coimbatore Central,11.000984,76.9798,2026-07-26,3,4,4,33.4,weekdays,1,active
D01391,Pooja Nair,37,M,O-,Saibaba Colony,11.039017,76.944423,2025-08-04,4,9,4,5.0,emergency_only,1,inactive
D01392,Manoj Gowda,39,M,O+,Peelamedu,11.011174,77.005808,2024-12-04,7,8,6,52.9,weekends,1,active
D01393,Priya Pillai,35,M,A+,Peelamedu,11.056596,77.025712,2025-08-09,8,8,8,40.2,emergency_only,1,inactive
D01394,Naveen Iyer,39,M,O+,Coimbatore Central,10.973024,76.927921,2026-07-13,6,7,5,50.6,weekdays,0,active
D01395,Nithya Sharma,28,M,A+,RS Puram,11.020411,76.92908,2024-05-19,7,10,5,53.8,weekdays,0,active
D01396,Lakshmi Nair,24,F,A+,Singanallur,11.018459,77.038207,2024-06-23,1,2,2,23.4,weekdays,1,active
D01397,Arjun Chandran,22,F,A+,Saibaba Colony,11.020326,76.973496,2026-06-22,4,8,2,72.4,weekdays,1,active
D01398,Arjun Rajan,23,M,A+,Kalapatti,11.039882,77.069407,2025-02-21,4,6,1,23.5,weekends,0,active
D01399,Arjun Subramani,39,M,O+,Podanur,10.956728,76.957428,2025-06-15,5,9,0,41.9,weekdays,0,active
D01400,Priya Krishnan,18,M,O+,Kalapatti,11.0864,77.024266,2025-09-13,5,10,7,36.0,weekends,1,inactive
D01401,Anitha Nair,22,F,A-,Coimbatore Central,11.023375,76.929476,2025-06-23,1,6,1,76.6,anytime,0,active
D01402,Vijay Iyer,28,F,A-,Kalapatti,11.072867,77.067069,2026-09-14,4,8,5,53.0,anytime,1,active
D01403,Prakash Balan,29,M,B+,Coimbatore Central,10.972429,76.951297,2026-01-15,8,9,5,54.1,emergency_only,1,inactive
D01404,Lakshmi Rajan,35,F,AB+,Podanur,10.978511,76.967788,2026-08-17,2,5,0,34.5,anytime,1,active
D01405,Suresh Balan,33,F,A+,Ukkadam,10.962095,76.98052,2026-05-21,4,7,2,5.0,weekdays,0,active
D01406,Prakash Balan,23,M,B+,Peelamedu,11.030551,77.045014,2025-01-16,5,7,2,45.3,emergency_only,0,active
D01407,Anitha Sharma,18,F,O+,Saibaba Colony,11.026037,76.94539,2026-02-11,4,8,5,5.0,weekends,0,active
D01408,Dinesh Nair,19,F,A+,Peelamedu,11.012746,77.043752,2026-07-18,2,6,3,22.4,anytime,1,suspended
D01409,Suresh Nair,32,M,A-,Podanur,10.982448,76.966164,2024-07-28,5,5,2,30.3,weekends,0,active
D01410,Vijay Menon,29,F,A+,RS Puram,11.015477,76.969787,2024-11-24,3,7,3,18.2,emergency_only,1,suspended
D01411,Pooja Raj,20,F,B+,Gandhipuram,11.002828,76.94292,2026-07-13,8,8,4,16.1,weekends,1,active
D01412,Arun Gowda,39,M,O+,Gandhipuram,11.030245,76.975043,2025-12-28,7,11,3,17.6,weekends,1,active
D01413,Naveen Nair,18,M,A+,Vadavalli,11.005505,76.93553,2025-10-21,3,8,2,71.9,weekends,0,active
D01414,Anitha Pillai,18,M,A+,Kalapatti,11.055287,77.014525,2025-08-20,5,10,3,52.0,weekdays,1,active
D01415,Anitha Raj,38,F,AB+,Podanur,10.945005,76.963016,2025-04-26,2,6,3,40.1,emergency_only,0,active
D01416,Suresh Subramani,49,F,A-,Vadavalli,11.026076,76.901276,2024-08-22,5,8,0,40.0,weekdays,0,active
D01417,Roja Sharma,33,M,A+,Singanallur,11.027192,77.036954,2024-09-17,2,5,5,19.0,emergency_only,1,active
D01418,Anitha Reddy,34,M,O+,Peelamedu,11.058204,77.045089,2025-01-02,4,6,1,54.4,anytime,1,active
D01419,Bhavani Kumar,22,M,A+,Peelamedu,11.00617,77.044283,2024-12-06,2,6,3,47.3,weekdays,1,active
D01420,Senthil Reddy,32,F,O-,Saibaba Colony,11.029216,76.921556,2025-08-12,2,6,4,83.3,weekdays,1,active
D01421,Pooja Rajan,43,M,O+,Coimbatore Central,10.992706,76.960647,2026-05-17,4,7,7,64.2,emergency_only,1,active
D01422,Divya Balan,22,M,B+,Saibaba Colony,11.029146,76.917569,2024-11-20,5,6,2,30.8,anytime,1,active
D01423,Manoj Raj,38,F,B+,Podanur,10.96942,76.943688,2024-10-11,9,9,1,69.8,emergency_only,0,active
D01424,Anitha Subramani,42,F,O+,Vadavalli,11.044277,76.883675,2024-12-12,6,9,7,25.4,anytime,1,active
D01425,Manoj Reddy,36,F,O+,Coimbatore Central,10.998375,76.933847,2024-08-01,5,7,3,16.6,anytime,0,active
D01426,Swathi Pillai,20,M,A+,Gandhipuram,11.026872,76.98281,2025-08-13,3,8,3,51.3,emergency_only,0,active
D01427,Karthik Kumar,34,M,A-,Ukkadam,10.972268,76.946594,2026-04-29,7,8,2,69.4,anytime,0,active
D01428,Dinesh Pillai,29,F,B-,RS Puram,10.99959,76.925577,2025-07-11,8,10,2,50.0,weekdays,1,active
D01429,Bhavani Rajan,43,M,A+,Vadavalli,11.028831,76.900133,2026-08-16,7,8,1,48.8,weekdays,0,active
D01430,Manoj Reddy,40,M,O+,Saibaba Colony,11.034945,76.956589,2024-11-12,4,4,4,63.1,anytime,1,active
D01431,Senthil Sharma,43,M,O+,RS Puram,10.996534,76.931077,2025-07-15,5,10,5,39.5,emergency_only,1,inactive
D01432,Pooja Balan,22,M,A+,Gandhipuram,10.988375,76.946844,2024-07-20,4,8,2,47.6,weekdays,0,active
D01433,Arun Moorthy,45,F,O+,Coimbatore Central,10.980684,76.937866,2026-08-17,3,4,2,88.0,anytime,1,active
D01434,Arjun Nair,26,M,O+,Saibaba Colony,11.042991,76.929681,2024-07-09,4,5,3,86.7,weekends,1,active
D01435,Sathish Moorthy,40,M,A-,RS Puram,10.997093,76.966198,2025-01-15,4,8,4,44.1,weekends,0,active
D01436,Roja Kumar,40,M,A+,Peelamedu,11.059058,77.014279,2025-05-21,4,4,2,23.8,emergency_only,1,active
D01437,Revathi Subramani,40,F,O+,Singanallur,10.970863,77.015047,2024-05-03,4,8,6,50.5,anytime,0,active
D01438,Ganesh Krishnan,32,M,O+,Singanallur,10.977339,77.030845,2026-06-01,3,5,3,23.2,anytime,1,active
D01439,Arjun Rajan,46,M,AB-,Ukkadam,10.961933,76.979472,2026-08-09,4,8,4,70.2,emergency_only,1,active
D01440,Priya Kumar,27,F,A-,Ukkadam,11.000096,76.933246,2025-10-23,7,11,6,80.9,emergency_only,0,active
D01441,Sandhya Pillai,42,M,O+,Ukkadam,11.016309,76.969508,2026-06-20,8,8,5,53.9,anytime,0,inactive
D01442,Ganesh Iyer,25,F,A+,Podanur,10.950753,76.965463,2024-10-01,4,4,3,44.6,weekdays,1,active
D01443,Manoj Krishnan,33,F,O+,Peelamedu,11.042109,77.018801,2025-03-18,4,7,3,21.5,weekdays,0,active
D01444,Vijay Chandran,18,F,A-,RS Puram,11.023671,76.922652,2024-09-26,6,7,0,54.4,weekends,1,active
D01445,Vikram Iyer,42,M,O+,Peelamedu,11.014628,77.01707,2026-03-04,4,6,4,54.1,weekends,1,active
D01446,Nithya Gowda,30,F,O-,Peelamedu,11.058288,77.012055,2025-04-21,10,11,9,5.0,anytime,1,active
D01447,Karthik Sharma,33,F,O+,Singanallur,11.006445,77.017079,2024-09-28,5,5,1,13.0,anytime,1,active
D01448,Lakshmi Reddy,23,F,A+,Peelamedu,11.012699,77.010238,2026-08-16,7,11,3,62.5,weekdays,0,active
D01449,Vikram Rajan,26,M,A+,Peelamedu,11.04309,77.019935,2026-05-10,3,5,1,67.1,anytime,1,active
D01450,Dinesh Sharma,27,F,O+,Kalapatti,11.053195,77.063768,2025-07-23,7,8,6,70.7,anytime,0,inactive
D01451,Geetha Krishnan,43,M,O+,Ukkadam,10.984832,76.967603,2026-07-03,5,7,6,34.5,anytime,1,active
D01452,Dinesh Nair,43,F,O-,Saibaba Colony,11.04589,76.962288,2024-06-01,3,8,5,57.3,weekends,1,suspended
D01453,Nithya Rajan,38,F,O+,RS Puram,11.016769,76.978428,2025-11-19,6,11,6,6.8,anytime,0,active
D01454,Manoj Subramani,37,M,O+,Singanallur,10.986524,77.03298,2026-01-28,3,5,3,32.1,weekends,1,active
D01455,Roja Krishnan,41,F,A+,Vadavalli,11.017681,76.925752,2026-06-18,1,2,1,52.1,emergency_only,1,active
D01456,Sathish Sharma,35,M,O-,Saibaba Colony,11.037872,76.926119,2025-12-02,7,9,3,60.4,anytime,1,inactive
D01457,Ramesh Menon,32,F,A+,Singanallur,11.022471,77.041552,,0,0,0,35.5,weekdays,1,active
D01458,Muthu Rajan,24,M,O+,Peelamedu,11.011407,77.004259,2024-09-08,5,5,3,6.5,anytime,1,active
D01459,Sandhya Pillai,42,F,O+,Gandhipuram,11.011764,76.953743,2025-12-21,1,4,3,49.9,weekends,0,suspended
D01460,Divya Iyer,23,F,A-,Gandhipuram,10.9925,76.965998,2026-07-20,5,10,0,31.2,weekends,0,active
D01461,Kavya Balan,39,F,O+,Saibaba Colony,11.040663,76.919645,2024-07-17,2,2,2,8.1,anytime,0,active
D01462,Deepa Nair,21,M,O+,RS Puram,10.9974,76.960605,2025-06-07,2,5,3,60.9,weekends,1,active
D01463,Prakash Reddy,28,M,AB+,Kalapatti,11.068392,77.022331,2024-12-11,3,6,2,74.9,anytime,1,active
D01464,Geetha Menon,46,M,O+,Coimbatore Central,11.00799,76.945338,2026-09-18,3,4,2,41.5,anytime,1,inactive
D01465,Vijay Rajan,35,M,A+,Coimbatore Central,10.996296,76.951867,2026-01-18,6,11,4,41.2,anytime,1,active
D01466,Prakash Kumar,38,M,A+,Coimbatore Central,11.012998,76.931452,2024-07-27,6,9,1,50.6,anytime,0,active
D01467,Ramesh Iyer,18,F,O-,Podanur,10.960435,76.988463,2026-06-18,4,7,4,46.7,anytime,0,active
D01468,Vijay Iyer,28,F,O+,Peelamedu,11.000846,77.05336,2025-07-16,8,9,0,13.0,weekdays,1,active
D01469,Sathish Subramani,27,F,A+,Coimbatore Central,11.010204,76.980725,2024-09-20,4,9,5,60.2,anytime,1,active
D01470,Muthu Raj,30,F,O+,RS Puram,11.013019,76.964595,,0,1,1,25.4,weekdays,1,active
D01471,Karthik Balan,35,M,A-,Ukkadam,10.996879,76.961155,2025-02-27,2,3,2,31.7,weekdays,1,active
D01472,Muthu Krishnan,32,M,A+,Kalapatti,11.085353,77.06767,2025-09-13,4,4,3,28.8,weekends,1,active
D01473,Sandhya Sharma,33,F,O+,Podanur,10.929891,76.96778,2025-11-15,6,7,7,32.3,weekdays,1,active
D01474,Arun Krishnan,34,M,O+,Kalapatti,11.078963,77.040726,2024-11-17,7,7,1,27.1,anytime,1,active
D01475,Dinesh Pillai,18,M,O+,Singanallur,10.98816,77.031713,2025-09-06,7,7,6,22.6,weekends,1,suspended
D01476,Geetha Menon,23,F,A-,Gandhipuram,11.018862,76.982163,2025-05-18,2,3,2,50.2,anytime,1,inactive
D01477,Nithya Menon,35,M,O+,RS Puram,10.99529,76.977769,2025-07-30,4,4,4,53.8,anytime,1,inactive
D01478,Swathi Moorthy,23,F,AB+,Kalapatti,11.085809,77.040057,2025-11-20,1,3,3,34.5,weekdays,1,active
D01479,Meena Nair,26,F,O+,Kalapatti,11.089102,77.070896,2024-09-23,3,5,5,56.3,anytime,1,active
D01480,Nithya Subramani,37,F,O+,Gandhipuram,11.028651,76.950282,2026-04-13,1,5,3,28.9,anytime,1,active
D01481,Divya Moorthy,29,M,B+,Gandhipuram,11.037774,76.946213,2025-10-09,5,5,2,97.0,anytime,1,active
D01482,Roja Krishnan,25,M,A+,Ukkadam,11.00094,76.976682,2024-05-11,4,4,2,51.2,emergency_only,0,active
D01483,Lakshmi Moorthy,39,F,AB+,Peelamedu,11.056505,77.035111,2024-08-03,3,7,6,44.0,weekends,1,active
D01484,Arun Pillai,22,F,A-,Singanallur,10.986419,77.050289,2026-04-14,6,10,10,27.3,weekdays,1,active
D01485,Muthu Rajan,31,M,O-,Vadavalli,11.010329,76.896437,2025-12-01,3,8,3,57.5,weekdays,0,active
D01486,Naveen Reddy,34,F,B+,Saibaba Colony,10.996224,76.965412,2025-06-14,1,5,3,27.3,anytime,1,active
D01487,Muthu Kumar,49,F,A+,Peelamedu,11.039976,77.023669,2026-07-09,6,6,1,37.9,anytime,1,active
D01488,Revathi Gowda,29,F,A-,Coimbatore Central,11.028362,76.930749,2024-06-25,1,3,3,40.0,weekends,0,active
D01489,Revathi Krishnan,25,F,A-,Kalapatti,11.053646,77.049694,2026-03-05,7,7,4,28.1,weekends,1,active
D01490,Lakshmi Reddy,45,F,A+,Vadavalli,11.038811,76.911595,2025-08-13,2,3,3,75.1,anytime,1,active
D01491,Divya Chandran,32,F,O+,RS Puram,10.977636,76.92876,2026-08-28,8,8,6,55.8,weekdays,1,active
D01492,Arjun Moorthy,30,M,AB+,Singanallur,10.97235,77.01021,2026-06-11,3,7,6,9.8,anytime,1,active
D01493,Meena Chandran,21,M,O+,Gandhipuram,11.021725,76.988056,2026-05-05,6,8,4,73.4,emergency_only,1,active
D01494,Divya Iyer,33,F,O+,Podanur,10.940063,76.95833,2025-08-26,2,2,2,16.4,weekdays,1,suspended
D01495,Vikram Raj,41,F,O+,Kalapatti,11.060592,77.046172,2026-07-07,5,7,5,8.2,emergency_only,0,active
D01496,Manoj Gowda,26,F,O+,Gandhipuram,11.03295,76.973469,2025-08-28,7,11,1,44.6,emergency_only,0,active
D01497,Priya Kumar,22,F,B+,RS Puram,11.034796,76.925474,2026-07-23,4,4,0,43.2,weekends,1,active
D01498,Arjun Raj,28,M,A-,Vadavalli,11.024184,76.913557,2025-08-03,7,7,3,30.2,weekends,1,active
D01499,Nithya Krishnan,32,M,A-,Peelamedu,11.012417,77.025994,2024-10-08,6,10,2,25.0,emergency_only,0,inactive
D01500,Nithya Pillai,30,F,B+,Podanur,10.98152,76.975239,2025-12-24,4,9,6,81.9,weekends,0,inactive
D01501,Vijay Gowda,30,M,O+,Saibaba Colony,10.992218,76.932916,2026-02-16,3,8,4,46.6,anytime,1,active
D01502,Arun Menon,36,M,AB+,Ukkadam,10.989677,76.985225,2025-03-05,3,4,1,39.6,anytime,0,active
D01503,Priya Raj,38,F,A+,Kalapatti,11.077914,77.036258,2026-05-03,5,10,5,33.2,anytime,1,active
D01504,Suresh Gowda,31,M,O-,RS Puram,11.007417,76.961199,2025-12-21,7,8,8,14.0,weekdays,1,active
D01505,Meena Krishnan,40,M,O+,Gandhipuram,11.010473,76.957483,2026-02-13,4,4,3,29.4,weekends,1,active
D01506,Vikram Reddy,32,M,B+,Ukkadam,10.993532,76.945637,2025-04-25,1,6,1,31.3,weekdays,1,active
D01507,Bhavani Nair,33,F,O+,RS Puram,11.025478,76.952878,2026-08-19,7,10,6,5.0,weekdays,1,active
D01508,Suresh Chandran,36,M,O+,Singanallur,11.006108,77.054992,2024-09-01,4,9,1,45.6,weekends,0,active
D01509,Karthik Chandran,31,M,O-,Ukkadam,10.99387,76.9715,2025-07-02,5,6,6,36.2,emergency_only,1,inactive
D01510,Swathi Balan,20,F,A+,Saibaba Colony,11.003966,76.938568,2026-08-20,4,7,6,80.2,emergency_only,0,active
D01511,Arun Nair,39,F,A+,RS Puram,11.002187,76.955767,2025-09-19,6,8,7,32.7,anytime,1,active
D01512,Senthil Reddy,32,F,AB+,Vadavalli,11.005838,76.90758,2024-10-17,5,8,3,37.2,weekdays,0,active
D01513,Dinesh Menon,27,F,O+,Singanallur,10.993016,77.022455,2026-09-03,1,3,2,5.0,weekdays,1,active
D01514,Vijay Chandran,18,M,A-,Kalapatti,11.053144,77.038876,2026-04-01,2,5,1,42.9,weekdays,1,active
D01515,Bhavani Sharma,18,M,O+,Gandhipuram,11.045045,76.963438,2025-04-14,5,8,8,16.0,anytime,1,active
D01516,Divya Chandran,40,F,A+,Gandhipuram,10.993945,76.955205,2024-12-12,3,8,6,14.4,weekdays,1,active
D01517,Swathi Iyer,38,M,AB+,Vadavalli,11.001897,76.8985,2026-06-07,7,11,7,19.6,emergency_only,1,active
D01518,Swathi Sharma,43,M,O+,Singanallur,11.018241,77.007829,2024-12-15,4,7,6,12.8,weekends,0,active
D01519,Swathi Krishnan,41,M,A-,Peelamedu,11.033395,77.048605,2025-01-25,5,10,5,19.3,emergency_only,1,active
D01520,Sandhya Raj,33,F,B+,Ukkadam,10.972867,76.955348,2024-07-12,6,8,8,19.0,weekdays,0,active
D01521,Swathi Subramani,28,F,O+,Gandhipuram,11.012631,76.975338,2026-07-10,4,5,0,49.3,anytime,1,active
D01522,Naveen Chandran,34,M,B-,Vadavalli,11.026983,76.932606,2026-06-30,2,6,6,5.0,emergency_only,1,active
D01523,Sandhya Iyer,36,Other,O+,Ukkadam,10.966785,76.942289,2024-08-06,5,9,3,59.7,anytime,0,active
D01524,Arun Kumar,28,F,B-,RS Puram,11.035366,76.924504,2024-08-14,4,9,7,22.5,weekends,1,active
D01525,Arjun Sharma,34,M,A+,Podanur,10.955221,76.954947,,0,1,1,15.2,anytime,0,active
D01526,Naveen Nair,18,M,A+,Podanur,10.965984,76.946642,2026-05-10,1,2,1,63.6,anytime,0,active
D01527,Kavya Krishnan,31,M,B+,Podanur,10.929672,76.99549,2024-08-30,3,5,2,66.5,anytime,1,active
D01528,Priya Krishnan,36,M,A-,Podanur,10.941115,76.968939,,0,0,0,45.9,weekdays,1,active
D01529,Swathi Sharma,52,M,A+,Peelamedu,11.014977,77.023613,2026-04-28,3,8,2,24.5,weekdays,1,active
D01530,Nithya Raj,38,F,A+,RS Puram,11.012146,76.973576,2024-12-28,3,4,4,40.3,anytime,1,active
D01531,Suresh Moorthy,40,M,O-,Coimbatore Central,10.993875,76.936844,2025-12-20,5,10,3,50.3,anytime,1,active
D01532,Meena Pillai,54,M,O+,Peelamedu,11.004537,77.053621,2025-06-07,3,4,1,69.1,anytime,1,active
D01533,Nithya Raj,31,M,O+,Gandhipuram,10.99177,76.996644,2025-10-24,2,6,3,49.6,weekends,0,inactive
D01534,Prakash Reddy,34,F,O+,Peelamedu,11.054969,77.048207,2026-05-11,2,7,7,28.5,emergency_only,1,active
D01535,Ramesh Kumar,23,M,A+,Podanur,10.955448,76.992508,2024-11-13,4,5,4,70.5,emergency_only,0,active
D01536,Vikram Rajan,33,M,O+,Coimbatore Central,10.986585,76.975081,2024-07-24,4,7,5,41.3,anytime,1,active
D01537,Anitha Menon,28,M,A-,Kalapatti,11.049825,77.044965,2025-03-29,5,7,4,90.4,anytime,1,active
D01538,Ganesh Reddy,18,F,O-,Ukkadam,11.007937,76.979596,2024-07-28,6,11,11,31.3,emergency_only,0,active
D01539,Priya Nair,34,M,A+,Ukkadam,10.973256,76.987054,2024-08-15,4,7,6,50.0,anytime,1,active
D01540,Kavya Pillai,48,F,AB+,Coimbatore Central,11.030847,76.982503,2024-09-27,2,4,2,33.2,anytime,1,active
D01541,Dinesh Nair,34,M,O+,Vadavalli,11.021995,76.916306,2024-12-17,2,5,4,47.0,weekdays,0,active
D01542,Ramesh Sharma,26,M,O+,Singanallur,10.983778,77.05116,2025-12-24,2,2,1,46.7,anytime,0,inactive
D01543,Muthu Reddy,28,F,O+,Gandhipuram,11.020118,76.985322,2024-06-15,5,8,6,51.1,anytime,1,active
D01544,Bhavani Nair,29,F,AB+,RS Puram,10.983311,76.960675,2026-01-23,7,10,8,44.9,anytime,1,active
D01545,Ganesh Balan,32,F,B+,Vadavalli,10.996348,76.898038,2026-03-15,2,3,3,73.2,anytime,1,active
D01546,Lakshmi Chandran,29,F,O-,Peelamedu,11.058558,77.014725,2025-10-19,3,4,1,56.8,weekdays,1,active
D01547,Lakshmi Pillai,41,M,A+,Podanur,10.95212,76.980716,2026-02-18,7,7,4,59.8,weekdays,1,active
D01548,Sandhya Reddy,30,M,O+,Saibaba Colony,11.005716,76.951816,2026-06-15,4,8,7,56.5,anytime,1,active
D01549,Bhavani Balan,34,M,A+,Saibaba Colony,11.045886,76.956169,2026-03-20,5,7,4,37.3,weekends,0,active
D01550,Revathi Subramani,27,F,B+,Coimbatore Central,11.013634,76.975035,2024-07-13,4,5,0,53.9,anytime,0,active
D01551,Ramesh Menon,20,M,A+,Ukkadam,10.982402,76.962816,2026-08-07,7,8,3,35.3,weekends,1,active
D01552,Karthik Balan,28,F,O+,Kalapatti,11.048231,77.047406,2024-09-21,4,4,4,8.9,anytime,1,active
D01553,Sandhya Rajan,38,M,O+,Gandhipuram,11.004512,76.961337,2026-04-12,3,3,1,9.8,anytime,1,active
D01554,Meena Reddy,45,M,A+,Peelamedu,11.024876,77.04665,2025-12-13,3,7,3,46.7,anytime,0,active
D01555,Senthil Sharma,22,M,B+,Gandhipuram,11.039171,76.940314,2025-04-12,2,3,3,23.0,anytime,1,active
D01556,Roja Menon,41,F,A-,Vadavalli,11.051896,76.908989,2025-04-08,2,4,1,6.7,anytime,1,active
D01557,Sandhya Moorthy,30,F,O+,Kalapatti,11.060279,77.068336,2025-06-28,2,5,2,76.6,weekdays,1,active
D01558,Manoj Balan,48,F,O-,RS Puram,10.976285,76.925965,2025-05-04,6,11,7,38.1,weekends,1,active
D01559,Swathi Sharma,32,F,O+,Peelamedu,11.047906,77.044515,2025-01-30,3,4,2,83.4,anytime,1,active
D01560,Lakshmi Krishnan,22,M,A+,Vadavalli,10.992433,76.904247,2025-05-01,4,5,3,20.2,anytime,1,active
D01561,Geetha Gowda,44,M,A+,RS Puram,10.981331,76.941905,2026-07-07,2,6,4,48.8,emergency_only,0,active
D01562,Bhavani Gowda,19,F,A+,Singanallur,11.009636,77.002741,2024-12-29,3,3,0,80.5,weekdays,1,active
D01563,Bhavani Reddy,30,M,A+,Ukkadam,10.971874,76.989683,2026-05-15,2,5,0,34.0,weekdays,1,suspended
D01564,Nithya Reddy,43,M,A-,Ukkadam,11.0026,76.951899,2025-04-15,3,5,3,46.4,weekends,1,active
D01565,Roja Menon,29,F,O-,Kalapatti,11.039226,77.014257,2025-02-17,5,6,4,68.5,anytime,1,active
D01566,Meena Nair,39,F,O+,Saibaba Colony,11.015304,76.954518,2024-07-07,7,12,10,26.4,anytime,1,active
D01567,Geetha Rajan,22,M,A+,Kalapatti,11.082012,77.047858,2026-07-15,6,10,2,44.0,emergency_only,0,active
D01568,Meena Gowda,31,F,A+,Vadavalli,11.025326,76.883523,2024-08-12,5,6,6,56.4,emergency_only,0,active
D01569,Ganesh Gowda,30,F,O+,Coimbatore Central,11.023683,76.976847,2025-11-06,4,9,9,35.1,weekends,0,inactive
D01570,Ganesh Gowda,18,F,O+,Peelamedu,11.038191,77.022258,2026-07-15,2,3,0,63.9,anytime,0,active
D01571,Lakshmi Moorthy,26,M,B+,Saibaba Colony,11.026118,76.921919,2025-02-08,4,7,4,68.3,anytime,1,active
D01572,Nithya Chandran,29,F,A+,Coimbatore Central,11.014574,76.937816,2024-06-03,1,1,1,67.7,weekends,1,active
D01573,Naveen Reddy,38,F,O+,Saibaba Colony,10.994389,76.926621,2024-06-07,2,6,2,60.2,anytime,1,active
D01574,Naveen Kumar,20,M,B+,Saibaba Colony,10.997165,76.926736,2024-05-06,3,5,3,35.8,anytime,1,inactive
D01575,Divya Krishnan,25,M,O+,RS Puram,10.983554,76.951362,2024-06-22,1,5,0,49.6,emergency_only,1,active
D01576,Vijay Reddy,30,M,A+,Coimbatore Central,10.982569,76.945179,2024-12-03,4,6,2,58.8,weekdays,0,active
D01577,Ramesh Krishnan,18,M,O+,Singanallur,11.006966,77.048854,2025-04-07,5,10,1,43.0,weekdays,1,active
D01578,Karthik Balan,30,M,AB-,Podanur,10.944259,76.986356,2024-07-31,1,4,2,74.2,weekdays,1,inactive
D01579,Sandhya Balan,33,M,AB+,Gandhipuram,11.018785,76.974984,2024-07-21,6,8,1,75.4,anytime,0,active
D01580,Deepa Reddy,35,M,O-,Podanur,10.951824,76.961624,2026-04-09,2,5,1,38.0,anytime,0,active
D01581,Bhavani Rajan,26,F,O+,Peelamedu,11.000829,77.030123,2024-12-11,6,7,3,87.0,weekends,0,active
D01582,Anitha Chandran,37,M,O+,RS Puram,10.997131,76.930523,2025-09-07,2,5,3,35.6,weekdays,0,active
D01583,Pooja Balan,23,F,O+,Ukkadam,10.983749,76.976548,2024-06-12,6,9,5,47.3,weekends,1,active
D01584,Revathi Krishnan,18,M,A+,Podanur,10.924556,76.993249,2024-06-07,3,3,3,5.0,anytime,1,inactive
D01585,Nithya Balan,34,M,A+,Gandhipuram,11.000445,76.940208,2026-03-29,4,9,5,5.6,weekends,0,inactive
D01586,Prakash Chandran,37,M,O+,Kalapatti,11.08988,77.067933,2026-02-05,2,3,2,46.8,weekends,1,active
D01587,Roja Reddy,38,M,O-,Vadavalli,11.011974,76.892007,2024-05-18,7,12,6,52.4,anytime,0,active
D01588,Pooja Menon,21,M,O+,Singanallur,10.982488,77.00292,2024-10-12,3,8,2,47.9,emergency_only,1,active
D01589,Anitha Subramani,18,M,A-,Ukkadam,10.964912,76.946226,2025-05-08,7,9,2,73.7,weekends,1,active
D01590,Roja Chandran,23,M,A+,Gandhipuram,11.003683,76.97074,2024-08-08,6,9,5,22.5,anytime,0,active
D01591,Priya Balan,36,M,A+,Coimbatore Central,10.988653,76.956597,,0,1,1,28.3,weekends,1,inactive
D01592,Karthik Sharma,18,F,O+,Vadavalli,11.049365,76.940578,2026-04-14,2,7,3,71.7,anytime,1,active
D01593,Geetha Raj,49,M,O+,Singanallur,10.993872,77.030081,2026-04-02,3,7,7,22.8,anytime,1,inactive
D01594,Karthik Nair,27,F,A+,Vadavalli,11.020794,76.889067,2025-09-05,5,6,1,38.6,anytime,0,active
D01595,Roja Rajan,29,F,B+,RS Puram,11.000449,76.957228,2026-06-19,4,8,4,22.1,anytime,1,active
D01596,Sathish Subramani,28,F,A+,Kalapatti,11.074865,77.049095,,0,5,4,119.1,weekends,1,active
D01597,Ganesh Raj,31,M,O+,Ukkadam,10.991584,76.947489,2026-02-22,1,1,1,36.1,emergency_only,1,active
D01598,Swathi Raj,32,F,O+,RS Puram,10.998798,76.929655,2026-09-01,7,7,6,36.2,anytime,1,active
D01599,Arjun Reddy,29,F,A+,Ukkadam,10.969302,76.94831,2024-11-27,3,8,1,85.2,weekends,0,active
D01600,Nithya Balan,40,M,B+,Saibaba Colony,11.038869,76.931451,2025-10-20,2,7,2,58.8,weekends,1,active
D01601,Naveen Gowda,26,F,O+,Vadavalli,11.006553,76.914169,2026-05-31,3,7,1,55.1,anytime,1,active
D01602,Meena Gowda,38,F,O-,Singanallur,11.008436,77.00254,2026-08-20,3,6,3,45.6,weekdays,1,active
D01603,Geetha Kumar,18,F,O+,Ukkadam,10.985237,76.965075,2026-07-18,3,6,3,44.3,anytime,1,inactive
D01604,Bhavani Reddy,25,M,B+,Podanur,10.929044,76.968107,2026-08-10,4,8,1,66.5,anytime,1,active
D01605,Ganesh Pillai,24,M,B+,Ukkadam,10.99704,76.968849,2025-07-08,6,11,4,102.2,anytime,1,inactive
D01606,Lakshmi Subramani,38,M,O+,Saibaba Colony,11.017607,76.961591,2026-06-01,1,4,2,24.1,weekdays,1,active
D01607,Revathi Menon,34,Other,A+,RS Puram,10.999992,76.922508,2025-01-23,8,8,1,33.1,weekdays,0,active
D01608,Ramesh Raj,22,M,A-,Singanallur,11.023426,77.046746,2025-11-24,4,4,4,46.1,weekends,1,active
D01609,Meena Balan,30,F,A+,Saibaba Colony,11.032382,76.934401,2026-03-07,2,2,2,94.7,anytime,1,inactive
D01610,Kavya Balan,41,F,O-,Coimbatore Central,11.016396,76.971684,2025-03-31,4,6,5,13.0,weekdays,1,active
D01611,Ganesh Raj,36,M,O-,Peelamedu,11.048236,77.0464,2026-08-31,5,9,2,53.8,weekdays,1,active
D01612,Lakshmi Subramani,22,F,B-,Podanur,10.963094,76.943664,2024-04-28,3,7,5,5.0,anytime,1,active
D01613,Vijay Nair,30,F,O-,Ukkadam,10.976675,76.944032,2026-05-06,3,3,2,52.3,anytime,0,active
D01614,Arjun Chandran,29,M,A+,Podanur,10.946863,76.984114,2024-05-20,2,6,1,41.8,weekdays,0,inactive
D01615,Manoj Raj,45,M,O+,RS Puram,11.013511,76.972362,2025-03-06,2,4,4,7.6,emergency_only,1,active
D01616,Deepa Nair,25,F,O+,Gandhipuram,10.999258,76.995438,2024-12-10,6,7,7,27.1,weekends,1,active
D01617,Karthik Gowda,18,F,A+,Ukkadam,10.977953,76.959289,2026-08-18,5,6,4,30.7,weekends,1,active
D01618,Priya Moorthy,20,F,A-,Saibaba Colony,11.027256,76.950821,2024-05-03,7,11,1,61.1,weekdays,0,inactive
D01619,Dinesh Balan,46,F,O+,Podanur,10.949607,76.972718,2025-06-28,4,9,2,5.0,anytime,1,active
D01620,Muthu Iyer,23,M,A+,Saibaba Colony,11.00796,76.924414,2025-03-06,7,12,1,80.7,anytime,1,active
D01621,Revathi Krishnan,30,M,O+,Gandhipuram,11.022859,76.986927,2024-12-01,5,7,6,14.5,anytime,1,inactive
D01622,Geetha Moorthy,33,F,A+,Peelamedu,11.047204,77.034343,2026-07-18,3,3,3,20.1,emergency_only,0,active
D01623,Naveen Moorthy,27,M,O+,Vadavalli,11.040574,76.903687,2026-05-01,4,6,3,21.5,weekends,1,active
D01624,Swathi Kumar,33,M,O+,Saibaba Colony,11.041356,76.949092,2026-03-14,3,6,6,25.9,weekdays,0,active
D01625,Vijay Nair,31,M,A+,Gandhipuram,11.036818,76.985497,2024-06-16,3,7,2,72.2,anytime,1,active
D01626,Dinesh Iyer,26,M,O+,Ukkadam,10.989807,76.980724,2025-01-22,7,7,5,59.0,weekends,1,active
D01627,Nithya Subramani,29,F,O+,Coimbatore Central,10.971751,76.962491,2026-06-26,3,4,3,25.4,anytime,1,active
D01628,Ramesh Sharma,37,F,AB+,Coimbatore Central,11.013619,76.981367,2024-05-30,3,4,4,23.6,weekends,1,active
D01629,Revathi Raj,29,M,O+,Ukkadam,10.976447,76.982956,2026-08-09,4,7,5,49.7,weekdays,1,active
D01630,Senthil Iyer,20,F,O-,Saibaba Colony,10.99532,76.95442,2024-10-04,3,8,4,53.1,emergency_only,1,active
D01631,Anitha Balan,19,F,A-,Saibaba Colony,11.001767,76.944016,2025-04-02,2,2,0,79.2,weekdays,1,active
D01632,Priya Krishnan,50,M,O-,Gandhipuram,11.04298,76.99056,2024-05-29,3,4,0,69.0,weekdays,0,active
D01633,Ganesh Chandran,22,M,A-,Peelamedu,11.042475,77.04817,2026-04-22,5,10,2,43.7,emergency_only,1,active
D01634,Vikram Rajan,39,M,A+,Singanallur,11.004764,77.003104,2025-02-11,5,9,6,88.8,anytime,1,active
D01635,Sandhya Subramani,25,F,O+,Vadavalli,11.011305,76.890743,2025-08-12,2,5,1,30.0,weekdays,1,active
D01636,Dinesh Pillai,40,F,O+,Vadavalli,11.035624,76.938739,2025-10-23,3,7,6,23.7,emergency_only,1,active
D01637,Revathi Chandran,28,M,A-,Peelamedu,11.028201,77.002066,2025-06-16,4,6,3,42.4,anytime,0,active
D01638,Ganesh Raj,33,M,B+,Singanallur,10.993351,77.039697,2025-04-24,7,9,5,80.7,anytime,0,active
D01639,Pooja Iyer,25,F,A+,Gandhipuram,11.014714,76.958974,2026-07-29,2,3,1,50.0,anytime,1,suspended
D01640,Ramesh Pillai,41,F,O+,Peelamedu,11.031715,77.051648,2024-09-20,2,6,4,33.9,anytime,1,active
D01641,Geetha Sharma,29,M,A+,Gandhipuram,10.99134,76.9937,2026-08-20,3,8,2,42.5,anytime,0,active
D01642,Pooja Reddy,36,F,A+,Podanur,10.976261,76.969424,2026-03-06,3,6,4,5.0,weekdays,0,active
D01643,Suresh Chandran,28,M,B+,Kalapatti,11.054023,77.069466,2024-06-29,8,8,5,47.3,weekends,0,active
D01644,Divya Menon,25,M,O+,Vadavalli,10.998561,76.94094,2025-09-08,6,10,2,58.7,anytime,1,active
D01645,Bhavani Pillai,23,F,A+,Ukkadam,11.001949,76.947957,2026-04-02,4,9,5,5.0,weekends,1,active
D01646,Prakash Moorthy,37,Other,B+,Gandhipuram,11.040914,76.94556,2026-03-17,7,12,2,50.1,emergency_only,0,inactive
D01647,Revathi Gowda,27,M,O-,Singanallur,11.018053,77.049812,2024-06-08,1,1,0,40.7,weekdays,0,active
D01648,Anitha Moorthy,34,F,O-,Vadavalli,11.029062,76.917541,2025-11-21,1,3,2,51.2,weekends,1,active
D01649,Swathi Reddy,25,M,A+,Gandhipuram,10.997618,76.978291,2025-06-01,4,6,3,22.5,weekdays,0,active
D01650,Prakash Iyer,25,M,B+,Coimbatore Central,10.979976,76.927041,2024-08-06,2,3,2,37.1,anytime,1,active
D01651,Vijay Pillai,37,M,O-,RS Puram,10.995271,76.968907,2025-01-23,3,7,3,76.7,weekdays,1,active
D01652,Kavya Raj,37,M,A+,Ukkadam,11.00252,76.974566,2025-05-11,8,11,9,44.4,anytime,1,active
D01653,Roja Nair,25,F,A+,Singanallur,11.028894,77.006305,2026-06-29,8,10,9,30.2,weekends,1,active
D01654,Bhavani Chandran,30,F,B+,Ukkadam,10.968697,76.979216,2024-07-11,3,3,0,35.4,weekends,1,active
D01655,Muthu Nair,27,M,AB-,Podanur,10.956238,76.968605,2024-11-02,4,7,6,35.9,weekends,0,active
D01656,Revathi Gowda,18,F,O+,Vadavalli,11.026611,76.913597,2026-05-28,2,7,4,24.3,weekdays,1,active
D01657,Kavya Nair,28,F,O+,Ukkadam,10.989527,76.984721,2025-09-04,4,7,5,43.4,anytime,1,inactive
D01658,Arun Krishnan,29,M,O+,Vadavalli,11.052198,76.922543,2025-06-08,3,4,1,72.7,emergency_only,0,active
D01659,Meena Gowda,41,M,A+,Kalapatti,11.075319,77.038616,2025-01-06,6,9,3,48.4,anytime,1,inactive
D01660,Arjun Moorthy,47,M,A+,Coimbatore Central,10.99665,76.982639,2025-12-02,7,7,4,29.4,anytime,1,active
D01661,Anitha Iyer,39,M,A+,Ukkadam,11.004855,76.955215,2024-06-04,5,6,3,64.6,anytime,0,inactive
D01662,Roja Raj,40,M,B-,Podanur,10.936402,76.949573,2026-06-27,7,7,6,8.7,anytime,1,active
D01663,Manoj Moorthy,18,M,B+,Saibaba Colony,11.016593,76.921695,2026-04-20,7,9,3,35.8,weekdays,1,active
D01664,Ramesh Menon,18,M,O+,Gandhipuram,11.01025,76.96937,2025-05-13,3,3,1,30.4,weekdays,0,active
D01665,Ramesh Moorthy,33,F,AB+,Vadavalli,11.045,76.887294,2025-07-10,5,7,4,62.0,emergency_only,1,active
D01666,Ramesh Pillai,18,M,AB-,Singanallur,10.99023,77.022957,2025-04-10,7,10,5,24.9,anytime,1,active
D01667,Kavya Iyer,27,M,A+,RS Puram,11.000496,76.938458,2024-04-21,5,8,6,30.4,weekends,1,inactive
D01668,Vikram Sharma,41,F,B+,Singanallur,11.010388,76.999664,2026-03-16,7,7,2,31.0,weekends,1,active
D01669,Karthik Balan,22,F,O+,Saibaba Colony,11.040466,76.948065,2025-07-15,6,7,0,35.7,emergency_only,1,active
D01670,Vikram Moorthy,18,F,A-,Podanur,10.980724,76.948843,2026-06-01,2,2,1,49.5,anytime,0,active
D01671,Bhavani Reddy,34,F,O+,Podanur,10.957615,76.981412,2025-11-14,6,10,4,53.5,emergency_only,1,active
D01672,Karthik Menon,38,M,A-,Saibaba Colony,11.000937,76.943661,2024-06-30,3,6,6,38.1,weekdays,1,active
D01673,Naveen Nair,27,M,O+,Singanallur,11.002265,77.010458,2024-11-23,6,6,5,83.0,weekdays,1,inactive
D01674,Nithya Chandran,32,F,AB-,Peelamedu,11.023183,77.004211,,0,0,0,91.9,weekends,1,active
D01675,Swathi Sharma,42,M,A-,Peelamedu,11.021508,77.015728,2026-08-29,8,12,12,31.1,anytime,1,active
D01676,Naveen Pillai,18,M,O+,Podanur,10.948666,76.95035,2024-05-16,5,9,4,42.8,anytime,1,active
D01677,Suresh Menon,28,F,O+,Podanur,10.969101,76.988541,2024-05-14,3,8,4,46.0,weekends,1,active
D01678,Swathi Pillai,27,M,B+,RS Puram,10.984917,76.974753,2026-01-18,4,6,3,29.5,weekends,1,active
D01679,Ganesh Pillai,26,M,O+,Ukkadam,10.980567,76.974954,2025-06-26,11,16,3,24.4,emergency_only,1,active
D01680,Bhavani Rajan,30,F,A+,Ukkadam,10.986412,76.989799,2025-08-23,2,2,2,11.3,anytime,1,active
D01681,Sathish Moorthy,31,F,O+,Coimbatore Central,11.027523,76.964162,2025-08-01,4,7,6,44.5,anytime,0,active
D01682,Lakshmi Rajan,36,M,B+,Podanur,10.949357,76.991429,2026-05-31,3,8,6,59.8,weekends,1,active
D01683,Prakash Krishnan,32,M,B+,Peelamedu,11.031173,77.038406,2024-12-24,5,5,4,52.1,anytime,1,active
D01684,Vijay Moorthy,29,M,O+,Coimbatore Central,11.027371,76.978526,2026-04-28,2,7,0,46.8,emergency_only,1,active
D01685,Swathi Rajan,21,M,O+,Ukkadam,10.980317,76.968377,2026-08-08,4,7,6,68.1,anytime,1,active
D01686,Pooja Kumar,26,M,A+,Gandhipuram,11.020399,76.978792,2025-12-30,2,6,4,51.5,emergency_only,1,active
D01687,Roja Gowda,39,F,A+,Coimbatore Central,10.981934,76.964886,2024-09-22,3,5,5,51.7,weekdays,1,active
D01688,Sandhya Nair,33,F,O+,Vadavalli,11.017047,76.890297,2025-01-16,2,5,0,69.9,weekdays,1,active
D01689,Sandhya Subramani,42,M,B+,Ukkadam,10.962461,76.958816,2024-12-19,2,2,2,65.5,anytime,1,active
D01690,Bhavani Balan,54,F,A+,Peelamedu,11.0434,77.004519,2024-08-29,6,6,2,76.4,weekdays,1,active
D01691,Dinesh Subramani,36,F,O+,Kalapatti,11.083784,77.070993,2025-05-14,5,5,1,39.8,anytime,1,active
D01692,Anitha Nair,35,F,B-,Kalapatti,11.083782,77.033203,2025-05-21,3,7,5,68.4,weekends,1,active
D01693,Vijay Subramani,38,M,O+,Vadavalli,11.044034,76.914602,2025-06-17,4,8,4,35.3,weekends,1,active
D01694,Ramesh Nair,23,F,A+,Peelamedu,11.022416,77.05076,2025-02-07,4,8,6,54.2,weekdays,0,active
D01695,Sathish Menon,37,Other,A+,Kalapatti,11.045879,77.037777,2025-04-24,4,4,3,46.5,anytime,1,active
D01696,Arun Reddy,24,F,B+,Vadavalli,11.033536,76.934733,2026-03-08,2,4,0,12.3,emergency_only,0,active
D01697,Deepa Gowda,36,M,O+,Coimbatore Central,10.976612,76.964156,2025-03-04,5,5,2,30.0,anytime,0,active
D01698,Divya Gowda,31,F,O+,Vadavalli,11.020339,76.911099,2025-03-25,2,3,3,16.5,anytime,1,active
D01699,Ramesh Rajan,41,F,B+,Saibaba Colony,11.029357,76.937428,2024-10-04,10,13,7,38.4,emergency_only,1,active
D01700,Divya Gowda,30,M,O+,Ukkadam,11.01152,76.966401,2024-06-14,4,8,4,50.4,emergency_only,1,inactive
D01701,Arun Reddy,18,M,B+,Vadavalli,10.994795,76.889857,2024-06-23,3,3,2,31.1,weekends,1,active
D01702,Priya Iyer,29,F,O+,Saibaba Colony,10.995646,76.947779,2024-11-21,4,5,2,38.7,anytime,1,active
D01703,Priya Rajan,34,M,O+,Peelamedu,11.058112,76.999888,2024-11-07,4,7,1,46.8,anytime,1,active
D01704,Vijay Balan,23,F,O+,Podanur,10.935271,76.940191,2024-07-24,3,7,4,29.5,weekdays,1,active
D01705,Manoj Raj,38,F,O-,Vadavalli,11.046752,76.915181,2025-04-10,5,7,7,57.4,weekdays,1,active
D01706,Meena Krishnan,18,M,A+,Coimbatore Central,11.004172,76.930388,,0,3,1,42.0,weekdays,1,active
D01707,Prakash Menon,29,M,A+,Kalapatti,11.086049,77.044629,2025-01-16,4,7,3,15.9,anytime,1,active
D01708,Muthu Raj,36,M,O+,Peelamedu,11.025813,77.043659,2025-08-03,8,9,2,100.0,emergency_only,1,active
D01709,Suresh Menon,36,M,A-,Gandhipuram,10.993253,76.952858,2025-04-11,5,6,0,51.4,weekends,0,active
D01710,Manoj Chandran,45,M,AB+,Vadavalli,11.01699,76.911668,2024-05-13,1,2,2,67.4,anytime,1,active
D01711,Geetha Balan,43,M,O+,RS Puram,10.991001,76.955698,2025-06-09,3,5,2,71.6,weekdays,0,inactive
D01712,Bhavani Kumar,43,F,O+,Ukkadam,10.973628,76.968012,2025-02-11,4,7,5,5.0,anytime,1,active
D01713,Anitha Kumar,33,M,O+,Kalapatti,11.044043,77.025864,2026-04-30,8,13,12,39.5,anytime,0,active
D01714,Dinesh Menon,57,M,A-,Ukkadam,11.008019,76.966446,2025-03-02,4,9,7,41.9,anytime,1,active
D01715,Pooja Raj,38,M,O+,Vadavalli,11.048099,76.911443,2026-09-17,9,9,4,46.3,anytime,0,active
D01716,Lakshmi Chandran,39,F,B+,Coimbatore Central,10.990236,76.943779,2025-04-16,6,9,6,55.5,anytime,0,active
D01717,Swathi Balan,43,F,B-,Ukkadam,10.967512,76.949235,2024-05-27,6,11,5,48.9,weekdays,1,inactive
D01718,Arjun Reddy,38,M,O+,Kalapatti,11.073716,77.062973,2024-07-04,3,5,2,58.4,weekends,0,active
D01719,Pooja Balan,18,F,AB+,Kalapatti,11.049903,77.014349,2026-01-09,3,5,0,45.8,anytime,1,active
D01720,Vijay Kumar,24,F,O+,Peelamedu,11.039006,77.010619,2025-12-21,3,3,3,11.8,anytime,1,active
D01721,Roja Iyer,26,M,O+,Gandhipuram,11.038065,76.981484,2024-10-03,7,10,6,42.1,weekends,0,active
D01722,Bhavani Subramani,31,M,A-,Singanallur,11.00454,77.049298,2026-06-11,2,5,2,58.2,weekends,1,active
D01723,Manoj Moorthy,31,F,B-,Coimbatore Central,10.976479,76.956433,2024-08-06,4,7,0,73.4,anytime,1,active
D01724,Arun Raj,29,F,AB-,Singanallur,11.030114,77.024022,2025-02-15,5,7,4,32.5,weekdays,1,active
D01725,Vikram Raj,34,F,O+,Vadavalli,11.035951,76.926707,2024-10-24,5,8,1,46.3,weekends,0,active
D01726,Suresh Raj,39,M,B+,Vadavalli,11.019612,76.886314,2026-06-03,6,7,2,84.7,anytime,1,active
D01727,Muthu Krishnan,33,M,B+,Singanallur,10.980634,77.044493,2024-11-11,9,10,6,30.1,emergency_only,1,active
D01728,Anitha Reddy,39,M,O+,Peelamedu,11.006476,77.020027,2025-10-26,3,3,2,56.3,anytime,0,active
D01729,Arjun Chandran,39,M,B+,Coimbatore Central,10.996915,76.929692,2026-04-23,4,7,2,47.5,weekends,1,active
D01730,Karthik Balan,22,F,O-,Saibaba Colony,11.032519,76.93519,2025-09-23,3,5,3,59.3,anytime,0,active
D01731,Meena Nair,35,M,O+,Podanur,10.939134,76.973572,2024-09-30,5,6,6,54.8,weekends,0,active
D01732,Manoj Kumar,24,M,A-,Ukkadam,10.965239,76.976944,2026-02-10,3,6,3,72.5,emergency_only,1,active
D01733,Naveen Rajan,43,M,B+,Kalapatti,11.084878,77.041855,2026-03-11,6,6,5,28.5,anytime,1,active
D01734,Sathish Raj,26,M,A+,RS Puram,11.025617,76.974469,2026-08-15,2,4,1,57.7,anytime,1,inactive
D01735,Muthu Gowda,24,F,O+,RS Puram,11.032082,76.925418,2024-06-18,4,8,7,54.3,anytime,1,active
D01736,Dinesh Kumar,42,F,O+,Coimbatore Central,10.991537,76.927686,2025-07-21,2,4,3,53.5,weekends,1,active
D01737,Bhavani Raj,30,M,AB-,Kalapatti,11.044733,77.071756,2024-05-29,6,8,7,73.3,weekdays,1,active
D01738,Pooja Raj,32,M,A+,Singanallur,11.013639,77.04731,2024-06-22,1,3,2,61.7,weekends,1,active
D01739,Meena Krishnan,27,F,A+,Vadavalli,11.027896,76.91193,2026-09-05,6,9,7,54.8,weekdays,1,inactive
D01740,Manoj Balan,22,M,B+,Coimbatore Central,11.02121,76.945793,2025-12-24,3,7,0,58.6,anytime,0,inactive
D01741,Manoj Gowda,24,M,A+,Kalapatti,11.04476,77.028622,2026-04-24,4,8,3,69.5,weekdays,0,active
D01742,Prakash Chandran,22,M,B+,Singanallur,11.030336,77.044369,2025-10-27,6,9,6,57.2,anytime,0,active
D01743,Dinesh Chandran,55,M,O+,Saibaba Colony,11.040217,76.917232,2025-01-03,4,4,3,78.7,anytime,1,active
D01744,Anitha Menon,43,M,O+,Kalapatti,11.090488,77.01676,2026-09-05,5,7,2,63.6,anytime,0,active
D01745,Lakshmi Gowda,27,F,O-,Ukkadam,10.99575,76.946772,2025-11-15,2,5,4,38.3,anytime,1,active
D01746,Manoj Subramani,32,M,B+,Kalapatti,11.085767,77.055833,2025-10-10,3,6,1,37.9,weekdays,0,active
D01747,Roja Moorthy,40,F,O+,RS Puram,10.991402,76.975485,2026-01-16,7,9,5,19.6,anytime,1,active
D01748,Vikram Raj,24,F,O+,Gandhipuram,10.993329,76.994864,2026-02-16,5,6,3,54.6,weekends,1,active
D01749,Anitha Kumar,20,F,O+,Kalapatti,11.042804,77.045492,2025-10-29,3,3,2,9.9,anytime,1,active
D01750,Divya Krishnan,40,Other,A+,Coimbatore Central,10.974886,76.972154,2024-10-19,3,8,2,50.0,anytime,1,active
D01751,Kavya Rajan,45,F,AB+,Singanallur,10.975135,77.031158,2026-06-19,4,6,2,30.1,emergency_only,0,active
D01752,Divya Nair,18,F,A+,Kalapatti,11.088918,77.067041,2026-07-20,2,3,1,37.9,anytime,1,suspended
D01753,Bhavani Pillai,24,M,O+,RS Puram,11.008924,76.943253,2024-05-08,3,6,5,22.1,weekends,0,active
D01754,Revathi Chandran,35,F,A+,Kalapatti,11.039183,77.04662,2026-06-21,8,13,5,55.6,weekends,0,active
D01755,Arun Reddy,34,F,O+,Peelamedu,11.032591,76.996777,2026-01-20,9,9,6,39.2,anytime,1,suspended
D01756,Ramesh Krishnan,18,M,A+,Peelamedu,11.006103,77.004871,2024-12-06,7,11,8,29.5,emergency_only,1,active
D01757,Manoj Reddy,36,F,A-,Vadavalli,11.048832,76.926206,2025-10-02,4,4,1,41.3,anytime,0,active
D01758,Ramesh Moorthy,41,M,O+,Coimbatore Central,11.031297,76.933947,2024-08-20,3,6,2,21.2,weekdays,1,active
D01759,Muthu Sharma,52,M,B+,RS Puram,10.978465,76.975977,2026-04-27,7,11,2,53.1,weekends,0,active
D01760,Prakash Moorthy,21,F,O-,Saibaba Colony,10.996975,76.937419,2026-09-11,3,7,0,53.1,weekends,0,active
D01761,Suresh Iyer,29,M,A+,Podanur,10.970398,76.993248,2025-10-29,5,10,7,61.4,anytime,0,active
D01762,Sathish Gowda,38,M,B-,Vadavalli,11.009217,76.892038,2024-06-01,3,3,2,81.1,weekdays,0,inactive
D01763,Naveen Nair,33,M,A+,RS Puram,10.985618,76.930175,2026-03-24,2,4,1,70.7,anytime,0,inactive
D01764,Meena Iyer,31,F,A+,Ukkadam,10.992469,76.964211,2026-07-25,3,6,0,93.9,weekdays,1,active
D01765,Sandhya Chandran,18,M,O+,Gandhipuram,11.003118,76.988371,2026-06-18,1,1,1,13.7,anytime,1,active
D01766,Anitha Reddy,30,F,O+,Ukkadam,11.00065,76.940998,2024-10-02,8,8,4,28.3,emergency_only,0,active
D01767,Ramesh Balan,31,F,A+,Singanallur,10.98974,77.04271,2025-05-19,5,7,3,32.0,weekdays,1,active
D01768,Lakshmi Sharma,30,F,O+,Saibaba Colony,11.031015,76.949202,2025-12-08,1,1,0,59.5,weekdays,1,active
D01769,Kavya Nair,30,F,A-,Gandhipuram,11.046882,76.975976,2025-03-27,6,9,4,67.5,weekdays,1,inactive
D01770,Manoj Subramani,22,F,O+,Kalapatti,11.095047,77.017068,2026-06-05,5,8,1,53.0,weekdays,1,active
D01771,Sathish Kumar,34,M,O+,Singanallur,11.024364,77.034045,2025-08-03,3,8,2,27.5,anytime,1,active
D01772,Ganesh Gowda,36,F,O+,Ukkadam,10.986948,76.940091,2026-03-07,4,6,2,90.2,anytime,1,active
D01773,Vikram Kumar,22,M,O-,Kalapatti,11.085887,77.067797,2026-04-01,1,3,0,15.2,anytime,0,active
D01774,Muthu Pillai,20,F,O+,Coimbatore Central,10.972558,76.958934,2025-03-08,3,5,5,31.2,emergency_only,1,active
D01775,Vikram Subramani,35,M,O+,Podanur,10.976068,76.990194,2025-06-18,3,6,0,65.1,weekdays,1,active
D01776,Suresh Nair,18,Other,A-,Saibaba Colony,11.039131,76.922514,2024-07-04,1,1,1,19.5,weekends,1,active
D01777,Dinesh Gowda,36,F,O+,Kalapatti,11.053044,77.072892,2024-08-07,2,6,0,60.4,weekdays,0,active
D01778,Dinesh Rajan,26,F,A+,Coimbatore Central,11.028431,76.957042,2025-06-09,3,4,0,69.2,emergency_only,0,active
D01779,Deepa Raj,28,F,B+,Peelamedu,11.046349,77.040391,2024-10-04,5,6,5,89.5,weekends,1,active
D01780,Bhavani Menon,39,M,A+,Kalapatti,11.05462,77.050785,2026-08-16,3,4,2,39.7,anytime,0,active
D01781,Arjun Pillai,32,M,B+,RS Puram,11.003866,76.951025,2024-07-21,7,8,2,86.7,anytime,1,active
D01782,Suresh Sharma,45,M,O+,Singanallur,10.996711,77.047104,2025-01-21,7,10,8,42.9,anytime,0,active
D01783,Divya Pillai,32,M,A+,Vadavalli,11.024967,76.89406,2026-08-13,4,5,3,52.7,anytime,0,active
D01784,Dinesh Menon,25,F,A-,Vadavalli,11.008986,76.942017,2026-06-09,3,6,4,41.4,weekdays,1,active
D01785,Bhavani Krishnan,37,F,A-,Vadavalli,11.005701,76.913663,2025-12-07,2,7,2,29.8,anytime,1,active
D01786,Arun Menon,39,M,B+,Coimbatore Central,10.982429,76.945443,2026-07-18,1,3,0,13.7,weekdays,0,active
D01787,Arun Iyer,18,M,O+,Podanur,10.944512,76.9903,2025-12-04,2,4,3,58.2,anytime,1,active
D01788,Lakshmi Rajan,25,F,O+,Vadavalli,11.031759,76.897432,2024-04-20,1,3,2,14.5,weekends,0,active
D01789,Meena Raj,35,F,A-,Vadavalli,11.022171,76.94102,2026-08-15,4,4,2,5.0,anytime,0,active
D01790,Manoj Balan,18,F,O+,Singanallur,11.028083,77.057368,2026-09-12,6,8,6,28.4,anytime,1,active
D01791,Kavya Menon,30,M,A+,Kalapatti,11.082614,77.063908,,0,2,1,62.8,weekdays,1,active
D01792,Revathi Nair,18,F,O+,Vadavalli,11.013038,76.920966,2024-05-01,4,7,5,55.6,weekdays,0,active
D01793,Senthil Krishnan,47,M,B+,RS Puram,10.988448,76.961078,2025-09-23,4,6,0,41.5,weekends,0,active
D01794,Ganesh Kumar,33,M,B+,RS Puram,11.019625,76.93217,2025-10-13,3,7,1,58.4,anytime,0,inactive
D01795,Vikram Raj,30,M,B-,Gandhipuram,10.994581,76.938217,2026-04-27,3,6,3,13.8,emergency_only,1,inactive
D01796,Divya Rajan,26,F,O-,Coimbatore Central,11.013325,76.962141,2025-11-13,5,6,0,78.8,weekdays,1,active
D01797,Dinesh Menon,25,F,B+,Peelamedu,11.039919,77.045819,2025-10-25,2,5,3,80.5,anytime,1,inactive
D01798,Manoj Balan,31,M,A+,Podanur,10.955217,76.950119,2026-06-12,4,6,3,51.4,anytime,1,active
D01799,Suresh Menon,18,M,A+,Vadavalli,11.016448,76.92461,2025-09-14,8,10,5,7.6,anytime,1,inactive
D01800,Bhavani Subramani,22,M,O-,Singanallur,10.999555,77.034758,2025-12-11,6,11,6,67.6,weekdays,1,active
D01801,Sandhya Kumar,36,M,O+,Podanur,10.927469,76.964541,2026-01-18,4,9,9,19.8,emergency_only,1,active
D01802,Swathi Nair,39,F,O+,Saibaba Colony,11.039034,76.939082,2025-03-26,2,2,1,64.8,weekends,0,active
D01803,Senthil Raj,52,F,A+,Gandhipuram,10.987977,76.938439,2025-01-22,1,5,5,58.9,weekends,0,active
D01804,Divya Iyer,35,F,O+,Podanur,10.944564,76.972318,2025-04-19,3,4,3,35.8,anytime,0,active
D01805,Deepa Pillai,26,F,O+,Ukkadam,10.974854,76.953449,2026-03-01,8,9,4,48.9,anytime,0,active
D01806,Vijay Reddy,31,F,O-,Coimbatore Central,11.02285,76.937893,2026-04-14,5,8,5,65.9,anytime,1,inactive
D01807,Nithya Gowda,43,M,A-,Vadavalli,11.051246,76.904403,2024-07-16,1,5,4,26.6,anytime,1,active
D01808,Kavya Pillai,35,F,B+,RS Puram,11.034647,76.978382,2024-09-28,4,5,1,40.6,anytime,1,active
D01809,Swathi Raj,34,F,B+,Singanallur,10.992256,77.015,2026-02-07,4,8,6,49.8,weekdays,0,active
D01810,Vikram Chandran,18,M,O+,Vadavalli,11.006691,76.894833,2025-10-25,8,13,4,45.2,weekends,1,active
D01811,Arjun Nair,46,M,O-,Gandhipuram,11.044066,76.990499,2025-10-14,2,2,1,73.7,weekdays,1,active
D01812,Nithya Sharma,50,F,A+,Vadavalli,11.042123,76.936292,2024-09-02,1,2,0,71.6,weekends,1,active
D01813,Geetha Reddy,38,M,A+,RS Puram,11.014193,76.925232,2025-02-10,1,4,1,19.0,weekends,1,active
D01814,Ganesh Nair,33,M,A-,Peelamedu,11.050659,77.05025,2024-05-20,2,4,0,33.3,emergency_only,0,active
D01815,Roja Sharma,22,M,O+,Peelamedu,11.004003,77.02807,2026-02-19,3,5,5,33.2,weekdays,1,inactive
D01816,Naveen Balan,34,F,A-,Kalapatti,11.097022,77.043037,2025-09-03,4,4,2,51.7,anytime,1,active
D01817,Naveen Raj,41,F,A+,Ukkadam,10.979933,76.9382,2024-08-20,4,9,7,5.0,emergency_only,0,active
D01818,Roja Pillai,24,F,O-,RS Puram,10.989052,76.952595,,0,1,0,62.7,weekdays,1,active
D01819,Manoj Rajan,32,M,A+,Peelamedu,11.026288,77.028581,2026-03-11,1,1,0,44.0,emergency_only,0,active
D01820,Arun Moorthy,18,M,O+,Ukkadam,10.963533,76.959207,2026-08-24,1,2,1,11.6,weekends,0,active
D01821,Arjun Pillai,46,F,O+,Gandhipuram,11.020916,76.966652,2025-04-23,3,7,5,42.8,anytime,0,active
D01822,Sandhya Krishnan,18,M,O+,Singanallur,10.992016,77.046333,2024-05-06,8,8,0,83.9,anytime,0,active
D01823,Prakash Chandran,30,M,O+,Singanallur,11.020281,77.021022,2026-03-21,9,10,5,85.3,weekdays,0,active
D01824,Sandhya Pillai,29,M,A+,Saibaba Colony,11.03094,76.939282,2026-03-20,5,9,6,5.0,weekends,1,active
D01825,Dinesh Chandran,32,M,A+,Peelamedu,11.039503,77.036453,2024-12-07,4,7,5,40.1,anytime,1,active
D01826,Prakash Kumar,32,F,B+,Vadavalli,11.011639,76.884035,2026-04-09,2,5,2,44.7,anytime,1,active
D01827,Divya Chandran,27,M,O+,Ukkadam,10.972921,76.941423,2025-05-23,6,11,3,41.8,weekdays,0,active
D01828,Lakshmi Balan,38,F,A-,Vadavalli,11.029591,76.920869,2026-01-19,5,5,1,42.8,emergency_only,1,active
D01829,Arun Menon,31,F,O+,Ukkadam,11.015924,76.944219,2026-09-14,3,6,3,21.2,emergency_only,0,active
D01830,Deepa Menon,36,F,A+,RS Puram,10.993304,76.955433,2024-11-06,4,4,3,57.1,anytime,0,active
D01831,Divya Rajan,20,F,A+,Saibaba Colony,11.036916,76.929864,2026-01-24,8,11,3,62.7,weekdays,0,active
D01832,Lakshmi Menon,27,M,A+,Singanallur,11.026571,77.028959,2024-07-07,8,11,3,13.1,anytime,1,inactive
D01833,Kavya Moorthy,20,F,O-,Peelamedu,11.045092,77.012798,2025-10-01,2,4,2,44.8,weekdays,1,active
D01834,Deepa Raj,34,M,A+,Singanallur,11.010893,77.027953,2026-06-15,8,11,5,69.5,anytime,1,active
D01835,Swathi Sharma,51,F,AB+,Kalapatti,11.097681,77.01798,2024-05-25,4,9,1,69.4,anytime,1,active
D01836,Swathi Pillai,39,M,O+,Gandhipuram,10.997264,76.988408,2025-04-26,2,7,5,38.7,anytime,0,active
D01837,Roja Menon,35,M,O-,Peelamedu,11.050279,77.019977,2026-05-03,4,9,7,9.7,weekdays,1,active
D01838,Ramesh Subramani,42,M,A+,Podanur,10.975281,76.951431,2026-09-02,1,1,0,23.6,anytime,0,active
D01839,Pooja Krishnan,21,M,B+,Saibaba Colony,11.009878,76.958374,2026-04-27,4,8,6,32.2,anytime,0,active
D01840,Manoj Sharma,32,M,O+,Peelamedu,11.018934,76.997921,2025-11-16,7,10,4,73.5,weekdays,1,active
D01841,Karthik Nair,41,M,A+,Kalapatti,11.057624,77.069243,2025-05-05,6,8,5,49.4,emergency_only,0,active
D01842,Revathi Menon,45,M,A+,Vadavalli,11.013007,76.935538,2024-07-30,3,8,7,5.9,emergency_only,1,active
D01843,Meena Subramani,19,F,A+,RS Puram,11.032784,76.977444,2024-09-06,7,11,2,71.7,anytime,1,active
D01844,Geetha Nair,29,M,O+,Podanur,10.931995,76.980189,2024-06-14,8,8,2,27.2,weekdays,1,active
D01845,Manoj Moorthy,39,F,O-,RS Puram,11.033107,76.948962,2024-07-30,2,4,4,58.0,weekdays,1,inactive
D01846,Arjun Krishnan,35,M,A+,Saibaba Colony,11.043193,76.935907,2026-09-04,6,9,7,38.3,anytime,1,active
D01847,Meena Subramani,26,M,B+,Podanur,10.9745,76.973539,2026-05-27,3,6,5,30.3,anytime,1,active
D01848,Meena Pillai,38,F,B+,Peelamedu,11.038846,77.001405,2025-07-06,4,5,4,54.2,weekdays,1,active
D01849,Manoj Subramani,30,F,O-,Vadavalli,11.028152,76.908513,2025-07-11,1,1,1,19.3,anytime,1,active
D01850,Nithya Pillai,40,F,O+,Vadavalli,11.007039,76.921324,2025-01-16,2,2,0,42.2,emergency_only,0,active
D01851,Meena Subramani,37,M,B-,Coimbatore Central,11.024389,76.97631,2026-05-20,6,10,5,91.8,weekends,0,active
D01852,Divya Subramani,39,F,O+,Podanur,10.961261,76.967031,2025-10-19,2,6,1,55.8,anytime,1,inactive
D01853,Ramesh Rajan,37,F,O+,Gandhipuram,11.020518,76.938539,2025-10-20,5,10,8,18.0,anytime,1,active
D01854,Roja Moorthy,43,M,A+,Vadavalli,11.036287,76.93895,2025-10-09,5,9,7,69.7,anytime,1,active
D01855,Vikram Gowda,31,F,A+,Saibaba Colony,11.04509,76.938134,2025-12-13,1,5,3,67.8,weekends,1,active
D01856,Sathish Menon,24,M,A+,Peelamedu,11.01044,77.021456,2026-08-08,3,7,4,29.6,emergency_only,0,active
D01857,Nithya Subramani,27,M,O+,Podanur,10.944969,76.972069,2024-08-30,3,5,3,7.3,weekends,0,active
D01858,Karthik Subramani,43,F,O+,RS Puram,10.986346,76.937676,2025-09-20,4,5,3,53.2,emergency_only,0,active
D01859,Naveen Chandran,34,F,A-,Coimbatore Central,10.986144,76.97674,2024-08-23,3,3,0,30.6,weekdays,1,active
D01860,Naveen Moorthy,40,M,O+,Vadavalli,11.035962,76.918666,2026-08-26,2,4,2,22.9,anytime,1,active
D01861,Divya Sharma,34,F,O+,Saibaba Colony,10.994668,76.963438,2024-08-26,3,7,6,45.9,weekends,1,active
D01862,Revathi Raj,34,M,A-,Ukkadam,10.968742,76.95664,2025-10-04,4,9,4,34.6,anytime,0,active
D01863,Naveen Kumar,30,M,A+,Saibaba Colony,11.042134,76.974456,2026-06-23,3,8,5,55.7,anytime,1,inactive
D01864,Bhavani Pillai,30,M,A+,Peelamedu,11.035725,77.045883,2024-07-16,5,9,6,34.1,emergency_only,1,active
D01865,Swathi Raj,26,M,A+,Vadavalli,11.003377,76.889725,2025-09-17,3,6,6,35.7,anytime,0,active
D01866,Swathi Subramani,23,M,O+,Podanur,10.933989,76.984673,2025-09-19,5,5,3,23.9,emergency_only,0,active
D01867,Geetha Subramani,35,M,O+,RS Puram,11.003126,76.981136,2026-01-03,3,4,0,66.4,anytime,1,active
D01868,Kavya Gowda,33,F,O+,RS Puram,10.993193,76.924733,2026-09-04,4,7,0,36.9,anytime,0,active
D01869,Vikram Menon,28,M,O+,RS Puram,11.016496,76.960486,2026-01-27,4,9,1,37.3,anytime,1,active
D01870,Ramesh Sharma,36,M,A+,Ukkadam,10.992564,76.976349,2024-08-06,5,9,7,40.0,anytime,1,active
D01871,Revathi Subramani,23,F,B+,Coimbatore Central,11.021236,76.951946,2025-09-15,7,7,5,29.7,weekdays,1,active
D01872,Divya Kumar,32,F,O+,Singanallur,11.013805,77.02722,2025-11-27,5,8,4,79.4,weekends,1,active
D01873,Bhavani Krishnan,27,M,O+,Vadavalli,11.049729,76.890275,2024-09-24,8,8,1,58.0,weekends,1,active
D01874,Sathish Pillai,23,F,A-,RS Puram,11.019088,76.970699,2026-01-08,4,9,4,59.2,weekends,1,active
D01875,Arun Reddy,20,F,A+,Ukkadam,11.018186,76.979064,2026-01-28,1,1,0,47.0,anytime,1,active
D01876,Karthik Sharma,18,Other,A+,Gandhipuram,11.013053,76.996753,2026-03-21,7,8,4,18.6,anytime,1,active
D01877,Manoj Raj,37,M,O+,Coimbatore Central,11.029202,76.970139,2025-09-20,2,3,2,29.9,emergency_only,1,active
D01878,Anitha Kumar,34,M,B+,Vadavalli,11.006277,76.938908,2025-12-25,5,8,4,43.3,emergency_only,1,active
D01879,Muthu Reddy,21,M,A+,Saibaba Colony,11.032391,76.937878,2024-09-08,3,4,3,72.2,anytime,1,active
D01880,Priya Gowda,18,F,O+,RS Puram,11.020484,76.959719,2026-02-07,7,11,9,12.9,weekdays,0,active
D01881,Swathi Pillai,26,F,A+,Ukkadam,10.965464,76.950831,2026-02-16,3,5,3,29.2,weekends,1,active
D01882,Dinesh Chandran,35,M,A+,Kalapatti,11.074131,77.064009,2025-07-09,4,4,0,41.0,weekends,0,active
D01883,Sandhya Sharma,34,F,O-,Kalapatti,11.091194,77.02527,2025-08-13,7,12,9,48.9,weekdays,1,active
D01884,Karthik Raj,36,F,A+,Gandhipuram,10.994282,76.964447,2025-11-21,3,4,2,39.1,anytime,1,active
D01885,Vikram Sharma,33,M,A-,Podanur,10.938759,76.971971,2024-05-07,3,3,3,43.4,anytime,1,active
D01886,Kavya Nair,30,F,A-,Vadavalli,11.041968,76.93715,2024-12-17,2,4,3,31.5,anytime,1,inactive
D01887,Nithya Gowda,39,M,B+,Kalapatti,11.086712,77.045189,2025-03-09,4,4,0,77.8,weekdays,0,active
D01888,Priya Rajan,23,M,AB+,RS Puram,11.002463,76.922638,2026-06-19,2,2,2,58.1,emergency_only,1,active
D01889,Prakash Nair,18,M,B-,Coimbatore Central,10.994572,76.937497,2026-08-23,2,6,3,36.8,anytime,1,inactive
D01890,Sathish Iyer,25,F,B+,Podanur,10.971118,76.985889,2025-12-15,4,8,3,8.1,emergency_only,1,inactive
D01891,Senthil Rajan,19,M,B+,Vadavalli,10.999229,76.900737,2025-04-06,5,10,7,88.5,weekdays,1,active
D01892,Muthu Rajan,26,F,O+,Ukkadam,11.011144,76.987401,2025-01-05,5,10,5,46.2,weekends,1,active
D01893,Arjun Moorthy,21,M,B+,RS Puram,11.024143,76.942453,2024-10-11,1,2,1,67.9,anytime,0,active
D01894,Senthil Pillai,24,F,O+,Singanallur,11.007138,77.014681,2024-09-26,2,6,5,38.6,anytime,0,inactive
D01895,Vijay Kumar,40,F,O+,Singanallur,10.971111,77.007527,2024-08-15,4,5,4,37.1,emergency_only,1,active
D01896,Ramesh Sharma,39,M,O+,Peelamedu,11.031444,77.030787,2024-09-02,5,5,2,22.9,weekends,1,active
D01897,Manoj Rajan,32,F,A+,Saibaba Colony,10.989131,76.922411,2024-07-19,4,5,5,45.3,weekends,1,active
D01898,Revathi Sharma,33,F,A+,Ukkadam,10.99457,76.95725,2024-05-08,2,5,3,51.7,anytime,1,active
D01899,Nithya Kumar,40,M,O+,Saibaba Colony,11.047268,76.921497,2026-05-10,3,6,5,29.1,anytime,1,active
D01900,Ramesh Raj,39,F,O+,Podanur,10.972233,76.940797,2026-03-16,4,8,8,54.6,anytime,1,active
D01901,Divya Gowda,40,M,B+,Peelamedu,11.037025,77.038773,2026-07-08,6,10,8,17.5,anytime,0,inactive
D01902,Anitha Raj,40,M,B+,Gandhipuram,11.043255,76.951721,2025-09-10,1,3,1,74.1,weekends,1,active
D01903,Naveen Sharma,47,M,A+,Ukkadam,10.961601,76.945324,2024-08-26,3,3,3,42.6,weekdays,1,active
D01904,Ramesh Rajan,25,M,B-,Coimbatore Central,11.019799,76.936597,2024-07-26,4,8,8,58.0,weekdays,0,active
D01905,Geetha Iyer,35,F,B+,Vadavalli,11.030441,76.936987,2025-06-10,1,6,3,23.4,weekdays,1,active
D01906,Naveen Kumar,41,F,A+,Kalapatti,11.05415,77.048082,2024-11-23,4,6,1,22.5,anytime,0,inactive
D01907,Vijay Rajan,31,M,B+,Coimbatore Central,11.013074,76.974807,2026-08-31,2,6,0,54.4,emergency_only,0,active
D01908,Prakash Chandran,24,M,A-,RS Puram,10.990981,76.953294,2025-10-31,6,11,5,54.9,anytime,1,active
D01909,Revathi Subramani,47,F,O+,Ukkadam,10.996302,76.951252,2026-01-12,5,10,6,34.0,anytime,0,active
D01910,Arun Nair,26,F,A-,Kalapatti,11.074049,77.060669,2025-04-04,6,8,3,5.0,emergency_only,1,inactive
D01911,Manoj Iyer,27,M,O+,Coimbatore Central,10.993188,76.984555,2026-04-05,6,8,6,52.3,emergency_only,1,active
D01912,Prakash Reddy,24,F,O+,RS Puram,11.031412,76.939629,2025-01-21,1,2,0,28.9,weekdays,1,active
D01913,Naveen Krishnan,43,F,O+,Coimbatore Central,11.021273,76.972997,2024-07-13,8,12,5,60.8,emergency_only,1,active
D01914,Ganesh Reddy,50,F,A+,Vadavalli,11.012716,76.918592,2025-04-28,5,10,6,51.6,weekends,0,active
D01915,Sandhya Chandran,32,M,B+,Vadavalli,11.021138,76.905512,2026-03-16,4,7,2,34.5,weekends,1,active
D01916,Lakshmi Sharma,31,M,A-,RS Puram,11.033215,76.92666,2024-04-29,6,10,5,49.0,weekdays,1,active
D01917,Arun Nair,21,F,O-,Singanallur,10.988799,77.02227,2025-02-12,1,4,4,39.2,weekdays,0,active
D01918,Sathish Rajan,37,M,A+,Singanallur,11.018583,77.000325,2025-07-10,4,8,4,5.0,anytime,1,active
D01919,Naveen Iyer,31,F,O-,Vadavalli,11.046143,76.884109,2024-06-29,5,5,4,52.3,weekdays,1,active
D01920,Pooja Iyer,31,M,O+,Ukkadam,10.967457,76.938057,2025-08-18,7,10,9,59.7,anytime,0,active
D01921,Sandhya Raj,32,M,O+,Saibaba Colony,11.013007,76.975128,2025-05-25,3,3,2,61.5,weekdays,1,active
D01922,Roja Kumar,28,M,O+,Vadavalli,11.025803,76.895913,2026-03-12,5,7,7,24.4,emergency_only,0,active
D01923,Vikram Balan,40,M,A-,Kalapatti,11.059254,77.038304,2024-09-30,5,5,4,64.1,anytime,0,active
D01924,Naveen Pillai,29,F,O-,Gandhipuram,11.046507,76.965146,2025-01-03,5,10,3,21.4,anytime,0,active
D01925,Sandhya Kumar,19,M,O+,Saibaba Colony,11.033414,76.93381,2025-03-21,7,10,6,64.7,anytime,1,active
D01926,Manoj Krishnan,18,F,O+,Singanallur,11.026006,77.021758,2024-11-30,2,5,0,48.5,weekdays,0,active
D01927,Nithya Moorthy,20,M,A+,Singanallur,10.990753,77.058233,2026-08-12,5,7,4,75.9,weekdays,1,inactive
D01928,Meena Chandran,27,F,A+,Ukkadam,10.995751,76.972607,2025-06-17,4,9,8,37.7,anytime,1,active
D01929,Anitha Krishnan,35,F,A+,Saibaba Colony,11.012864,76.919371,2025-10-07,6,6,2,71.5,anytime,0,active
D01930,Vikram Balan,36,M,B+,Saibaba Colony,10.991578,76.938642,2024-10-27,4,5,5,35.6,anytime,1,active
D01931,Geetha Iyer,27,M,O+,Coimbatore Central,11.006616,76.935755,2024-06-22,2,6,6,5.0,weekends,0,active
D01932,Divya Reddy,40,F,O-,Coimbatore Central,11.015103,76.935225,2026-09-09,6,8,5,80.5,weekdays,0,active
D01933,Lakshmi Nair,27,M,O+,Vadavalli,10.999233,76.899529,2024-10-08,6,6,3,43.7,weekends,1,inactive
D01934,Deepa Krishnan,21,M,A+,RS Puram,10.993762,76.928128,2025-05-28,2,7,4,29.1,emergency_only,0,active
D01935,Nithya Rajan,48,F,O+,Saibaba Colony,11.010443,76.925866,2026-08-24,6,10,2,60.3,weekends,0,active
D01936,Senthil Menon,18,M,O+,Saibaba Colony,11.027463,76.934199,2024-10-21,9,12,4,38.4,weekdays,1,active
D01937,Roja Pillai,26,M,B+,Podanur,10.96585,76.970211,2026-06-23,5,5,5,38.7,weekends,0,inactive
D01938,Priya Krishnan,39,M,AB+,Peelamedu,11.034574,77.01685,2025-08-03,5,5,2,5.0,weekends,0,active
D01939,Muthu Sharma,24,M,A+,Coimbatore Central,10.972091,76.983052,2024-12-25,3,5,2,5.0,anytime,1,inactive
D01940,Lakshmi Gowda,34,F,O+,Coimbatore Central,11.008544,76.929998,,0,3,0,9.4,weekdays,0,inactive
D01941,Divya Rajan,42,M,O+,Coimbatore Central,11.001153,76.978588,2024-10-01,5,10,10,59.5,weekdays,1,active
D01942,Anitha Sharma,50,F,A+,Saibaba Colony,11.03994,76.966992,2026-01-11,2,6,2,80.8,anytime,1,active
D01943,Muthu Subramani,37,F,O+,Podanur,10.953396,76.986706,2025-06-10,5,7,5,31.7,anytime,0,inactive
D01944,Dinesh Menon,18,M,O-,Peelamedu,11.045338,77.044718,2024-07-10,1,4,2,68.4,anytime,0,active
D01945,Dinesh Balan,43,F,O-,Singanallur,11.013174,77.029785,2025-06-25,3,8,2,64.6,weekends,1,active
D01946,Sandhya Nair,29,M,AB+,RS Puram,10.989159,76.934053,2024-10-02,3,4,2,65.3,weekends,1,inactive
D01947,Muthu Gowda,21,M,A-,Peelamedu,11.015494,77.012267,2024-04-30,5,10,9,16.0,anytime,1,active
D01948,Arjun Iyer,38,M,A-,Vadavalli,10.999182,76.905314,2025-06-11,5,8,2,20.1,weekends,0,active
D01949,Ramesh Balan,33,F,A+,Kalapatti,11.058217,77.057153,2026-09-09,5,10,0,73.4,weekdays,1,active
D01950,Prakash Rajan,41,F,A+,Kalapatti,11.044256,77.021715,2025-03-11,7,10,3,36.3,weekdays,0,active
D01951,Dinesh Nair,32,F,O+,Coimbatore Central,10.977205,76.984072,2025-06-24,1,5,2,43.8,anytime,0,active
D01952,Roja Raj,28,F,O+,Gandhipuram,10.998853,76.978675,2025-05-22,3,4,3,41.9,emergency_only,1,active
D01953,Vikram Kumar,30,F,O+,Singanallur,11.023849,77.047959,2024-08-03,6,8,1,5.0,weekends,0,active
D01954,Divya Raj,18,F,B+,Coimbatore Central,10.988746,76.979918,2026-04-22,3,4,0,55.3,anytime,1,suspended
D01955,Pooja Raj,33,F,O+,Saibaba Colony,11.001276,76.929522,2026-06-17,1,5,3,43.2,anytime,1,active
D01956,Nithya Sharma,41,F,A+,Coimbatore Central,10.989861,76.952566,2026-07-10,5,8,7,65.9,weekdays,1,active
D01957,Priya Pillai,38,M,O-,Coimbatore Central,10.974476,76.934033,2024-07-02,5,5,2,11.7,weekdays,1,inactive
D01958,Dinesh Krishnan,28,F,B-,Ukkadam,10.990693,76.982169,2024-05-25,4,4,3,24.1,weekends,1,active
D01959,Muthu Menon,30,M,O+,Vadavalli,11.012035,76.913597,2026-07-05,3,6,2,40.9,anytime,0,inactive
D01960,Vijay Nair,18,M,B+,Gandhipuram,10.988402,76.977826,2026-08-04,2,4,3,35.7,weekends,1,inactive
D01961,Prakash Iyer,33,M,A-,Kalapatti,11.048361,77.069226,2024-07-21,1,3,2,73.4,anytime,0,active
D01962,Swathi Iyer,34,F,O+,Singanallur,10.986475,77.034541,2024-08-27,3,7,0,44.1,anytime,1,active
D01963,Manoj Moorthy,23,F,A-,Peelamedu,11.033331,76.998447,2025-10-04,6,7,3,36.4,emergency_only,0,inactive
D01964,Ramesh Iyer,21,F,A+,Singanallur,11.024969,77.054735,2025-03-20,1,5,2,9.0,weekdays,1,active
D01965,Karthik Krishnan,37,F,A+,Saibaba Colony,11.044705,76.942821,2024-12-30,6,10,6,32.7,weekdays,0,active
D01966,Bhavani Rajan,31,M,A+,Saibaba Colony,11.029452,76.968958,2024-07-12,5,6,2,36.1,weekdays,1,active
D01967,Vikram Moorthy,29,M,A+,Coimbatore Central,10.975333,76.942836,2024-06-28,2,5,3,49.0,anytime,1,active
D01968,Divya Nair,43,M,O+,Ukkadam,11.009939,76.95829,2026-08-24,2,6,4,48.2,anytime,0,active
D01969,Vikram Menon,29,F,B-,RS Puram,10.981749,76.93219,2024-09-05,6,6,3,49.7,anytime,0,active
D01970,Geetha Gowda,48,F,A+,Kalapatti,11.069131,77.068463,2026-07-20,7,11,4,80.5,weekdays,0,active
D01971,Roja Iyer,30,F,O+,RS Puram,10.988109,76.96551,2026-03-09,1,6,1,42.6,weekends,1,active
D01972,Pooja Krishnan,26,F,B+,Peelamedu,11.03412,77.038937,2025-08-27,7,12,5,54.4,weekends,1,active
D01973,Bhavani Reddy,41,F,O-,Saibaba Colony,11.018154,76.976236,2024-11-25,4,6,0,47.6,anytime,1,active
D01974,Vikram Pillai,33,F,O+,Vadavalli,11.047129,76.917031,2026-09-15,8,8,2,64.6,weekends,0,suspended
D01975,Vikram Pillai,32,M,O+,Singanallur,10.98689,77.055767,2024-08-21,2,2,1,38.7,emergency_only,1,active
D01976,Bhavani Raj,39,F,O-,Gandhipuram,11.025091,76.952527,2024-09-24,3,6,5,39.7,weekdays,1,inactive
D01977,Priya Balan,38,M,O-,Singanallur,11.010376,77.053839,2024-10-05,5,6,3,43.3,weekends,1,active
D01978,Ganesh Pillai,32,F,A+,Vadavalli,11.018021,76.901427,2026-07-24,10,15,10,22.9,anytime,1,active
D01979,Naveen Rajan,28,M,O+,Coimbatore Central,10.98328,76.977971,2025-05-07,5,8,4,7.5,weekdays,1,active
D01980,Pooja Menon,30,F,O+,Vadavalli,11.007297,76.913453,2024-06-26,6,7,5,63.8,anytime,1,suspended
D01981,Senthil Raj,38,F,B-,Peelamedu,11.001395,77.04508,2026-01-05,3,5,2,58.4,anytime,0,active
D01982,Prakash Sharma,19,M,O+,Singanallur,10.997625,77.016228,2025-12-12,3,4,4,60.5,weekdays,1,inactive
D01983,Manoj Raj,19,M,B+,Ukkadam,10.964585,76.98599,2025-09-15,2,5,2,47.9,anytime,1,active
D01984,Lakshmi Menon,42,F,B+,RS Puram,11.010979,76.970207,2025-12-29,1,6,1,57.2,anytime,0,inactive
D01985,Arjun Gowda,33,M,A+,Gandhipuram,11.031205,76.983225,2024-12-03,6,11,3,23.9,weekdays,1,active
D01986,Geetha Subramani,33,F,A+,Gandhipuram,10.992108,76.988641,2025-12-27,6,7,5,39.3,emergency_only,0,suspended
D01987,Suresh Nair,23,F,A+,Ukkadam,11.011879,76.962655,2024-07-01,4,6,6,28.2,anytime,1,active
D01988,Sathish Pillai,39,F,A+,Podanur,10.970769,76.959917,2025-08-29,1,3,1,73.2,anytime,1,active
D01989,Divya Raj,36,M,O+,Kalapatti,11.079752,77.033034,2024-09-08,3,3,3,49.0,weekends,1,active
D01990,Priya Sharma,31,M,B-,Vadavalli,11.0209,76.886855,2026-03-13,4,9,6,39.2,weekends,0,active
D01991,Arun Nair,42,M,A+,Singanallur,11.013897,77.019031,2026-04-02,3,7,4,86.6,weekdays,0,inactive
D01992,Swathi Gowda,30,M,A-,Peelamedu,11.042308,77.000245,2024-07-28,2,7,5,48.5,anytime,1,active
D01993,Geetha Reddy,18,M,A-,RS Puram,10.990227,76.948095,2025-08-17,3,4,0,42.9,anytime,1,active
D01994,Arun Chandran,34,M,A-,Singanallur,10.990751,77.023083,2026-08-11,2,3,2,5.0,weekdays,1,active
D01995,Bhavani Balan,28,F,A-,Ukkadam,10.962793,76.932262,2025-07-20,5,8,6,55.9,weekdays,0,active
D01996,Pooja Chandran,21,M,O+,Kalapatti,11.073049,77.022103,,0,1,1,80.7,anytime,0,inactive
D01997,Prakash Rajan,34,F,O+,Gandhipuram,10.999913,76.952724,2025-10-28,2,3,1,65.1,weekends,1,active
D01998,Roja Balan,37,F,A-,Saibaba Colony,11.016079,76.91864,2025-03-12,6,7,2,20.3,weekdays,0,active
D01999,Manoj Pillai,30,F,AB+,Vadavalli,11.002424,76.902611,2025-01-29,1,6,4,57.0,anytime,1,active
D02000,Geetha Krishnan,32,M,A+,Coimbatore Central,11.011849,76.928881,2024-06-02,2,2,1,55.0,weekdays,1,active
D02001,Revathi Rajan,19,F,O+,Coimbatore Central,11.016732,76.94109,2026-08-22,7,9,3,36.6,anytime,0,active
D02002,Bhavani Nair,37,M,A-,Kalapatti,11.07164,77.024322,2025-09-23,5,6,4,41.1,weekdays,1,active
D02003,Divya Balan,37,M,A-,Kalapatti,11.080445,77.017975,2025-11-22,6,6,6,22.4,anytime,1,active
D02004,Roja Krishnan,51,M,AB+,Singanallur,10.994485,77.05627,2026-02-27,6,11,7,36.6,emergency_only,1,active
D02005,Nithya Chandran,28,M,A+,Podanur,10.928181,76.947866,2025-05-24,3,8,8,31.5,anytime,1,active
D02006,Meena Raj,26,M,O+,Gandhipuram,11.015254,76.944113,2024-09-04,4,6,5,59.9,weekends,1,active
D02007,Meena Subramani,30,F,O-,Peelamedu,11.046973,77.054536,2026-08-19,6,7,4,5.0,emergency_only,1,active
D02008,Revathi Rajan,42,F,A+,RS Puram,10.982114,76.97946,2026-06-28,5,5,1,62.8,weekends,1,active
D02009,Vijay Nair,37,M,A+,Kalapatti,11.059374,77.044199,2026-05-21,2,5,5,25.8,weekends,1,inactive
D02010,Deepa Gowda,22,F,A+,Podanur,10.981134,76.964909,2025-09-30,4,5,1,59.3,anytime,0,active
D02011,Bhavani Moorthy,41,F,O+,Singanallur,11.006325,77.036037,2026-02-22,7,7,0,70.3,emergency_only,1,active
D02012,Vijay Chandran,37,M,O+,Saibaba Colony,11.012144,76.932006,2024-12-06,3,5,2,59.0,anytime,1,active
D02013,Vikram Pillai,31,F,O+,Ukkadam,11.003346,76.93179,2025-03-18,3,5,2,72.9,emergency_only,0,active
D02014,Arun Kumar,25,M,O+,Peelamedu,11.026957,77.016355,2025-04-19,2,5,3,54.7,weekends,1,active
D02015,Karthik Menon,38,M,O+,Vadavalli,11.007502,76.886405,2025-04-01,6,7,2,34.7,anytime,0,active
D02016,Manoj Reddy,18,M,O+,Coimbatore Central,10.973266,76.942614,2024-09-22,3,7,6,28.0,emergency_only,0,active
D02017,Kavya Pillai,42,M,O+,Coimbatore Central,11.012479,76.950208,2024-08-16,2,6,1,11.5,weekends,0,active
D02018,Naveen Balan,28,M,B+,Coimbatore Central,11.019713,76.936015,2026-06-27,3,8,5,54.8,weekdays,1,active
D02019,Geetha Chandran,27,M,A-,Vadavalli,11.008751,76.900186,2026-08-05,4,9,1,77.8,weekends,1,suspended
D02020,Deepa Rajan,20,M,O+,RS Puram,10.982699,76.941267,2026-05-09,5,8,4,22.1,anytime,1,inactive
D02021,Naveen Rajan,44,F,B-,RS Puram,11.013193,76.94549,2025-11-08,7,10,3,109.2,anytime,1,active
D02022,Meena Sharma,29,M,O+,Peelamedu,11.000267,77.040536,2024-04-25,6,7,5,67.0,anytime,1,active
D02023,Ramesh Gowda,27,M,O+,Podanur,10.953024,76.945306,2026-05-14,4,8,6,38.4,anytime,0,active
D02024,Vijay Balan,33,M,O+,Peelamedu,11.058315,77.023306,2025-07-19,3,4,4,35.9,anytime,0,inactive
D02025,Sandhya Nair,44,M,A+,Saibaba Colony,11.045536,76.956578,2026-06-18,4,8,3,14.5,emergency_only,0,active
D02026,Arjun Sharma,42,M,O+,Peelamedu,11.032307,77.028892,2025-03-14,3,7,6,88.7,anytime,1,inactive
D02027,Karthik Chandran,18,F,O+,Saibaba Colony,11.012588,76.958737,2026-07-24,5,9,3,43.7,weekdays,1,active
D02028,Naveen Chandran,26,M,O+,Coimbatore Central,10.99475,76.972526,2025-10-06,4,5,3,28.2,emergency_only,1,active
D02029,Divya Nair,42,F,A+,Ukkadam,10.967614,76.978212,2024-06-24,1,3,2,39.4,weekdays,0,active
D02030,Suresh Moorthy,47,F,O+,Gandhipuram,10.996487,76.944303,2025-08-10,3,4,2,32.4,emergency_only,0,inactive
D02031,Suresh Iyer,32,M,B+,Peelamedu,11.048195,77.024446,2026-08-03,6,11,8,23.2,weekends,1,active
D02032,Anitha Reddy,38,F,O-,Podanur,10.937883,76.973816,2025-08-09,3,3,2,38.4,anytime,1,inactive
D02033,Manoj Kumar,38,M,B+,Kalapatti,11.064855,77.014209,2024-06-10,1,4,1,23.7,emergency_only,1,active
D02034,Sathish Chandran,44,F,O+,Singanallur,10.97633,77.026626,2026-06-10,3,7,4,15.5,anytime,1,inactive
D02035,Lakshmi Kumar,18,F,A+,Coimbatore Central,11.001153,76.926932,2025-12-23,5,5,3,5.0,anytime,1,active
D02036,Arun Kumar,29,M,O+,Gandhipuram,11.030389,76.973761,2026-07-28,3,6,0,55.7,weekends,1,active
D02037,Anitha Gowda,35,F,O+,Singanallur,10.981106,77.048944,2026-07-09,4,6,3,39.3,weekends,1,active
D02038,Dinesh Balan,18,F,O+,Kalapatti,11.091628,77.028241,2025-03-31,3,6,2,62.6,weekends,1,active
D02039,Sathish Rajan,21,F,AB+,RS Puram,10.992981,76.930249,2024-05-06,5,7,3,51.5,weekdays,0,active
D02040,Bhavani Sharma,34,F,O+,Vadavalli,10.994062,76.913135,2026-07-21,3,7,0,71.9,weekends,1,active
D02041,Sathish Gowda,40,F,O+,Gandhipuram,11.028538,76.988987,2026-01-19,3,8,7,25.2,weekends,1,inactive
D02042,Sandhya Rajan,19,F,B+,Vadavalli,10.994093,76.918461,2025-09-30,4,7,2,35.6,weekdays,1,active
D02043,Sathish Iyer,30,F,B+,Singanallur,10.979991,77.000493,2025-05-18,2,2,2,24.8,emergency_only,1,active
D02044,Arjun Gowda,26,F,A+,Peelamedu,11.035974,77.05201,2025-07-02,5,10,6,44.3,weekdays,1,active
D02045,Priya Subramani,46,F,O+,Peelamedu,11.051103,77.0565,2025-09-21,1,1,0,47.6,weekdays,0,active
D02046,Kavya Sharma,19,F,B+,RS Puram,11.007651,76.979807,2026-09-01,4,9,1,57.5,weekdays,1,active
D02047,Vikram Nair,23,M,O+,Peelamedu,11.004255,77.054517,2025-08-09,6,7,2,52.4,anytime,1,active
D02048,Pooja Menon,27,F,AB-,Coimbatore Central,11.019479,76.937956,2026-08-19,3,4,4,40.7,anytime,1,inactive
D02049,Nithya Menon,30,M,B-,Singanallur,10.976435,77.003881,2024-06-25,3,5,2,63.8,anytime,1,active
D02050,Nithya Raj,24,Other,O+,Singanallur,10.980529,77.032218,2025-02-04,5,8,7,10.5,anytime,0,active
D02051,Karthik Sharma,36,M,O+,Peelamedu,11.021376,77.036829,2024-09-05,3,8,4,50.8,anytime,1,active
D02052,Pooja Krishnan,27,F,O+,Saibaba Colony,10.993115,76.974546,2024-10-13,4,7,0,58.6,weekdays,1,inactive
D02053,Deepa Sharma,36,F,O+,RS Puram,11.022275,76.96474,2025-12-15,7,12,4,47.1,emergency_only,1,inactive
D02054,Ramesh Menon,40,F,O-,Coimbatore Central,11.027009,76.953194,2024-05-04,1,4,3,52.9,weekends,1,active
D02055,Vikram Subramani,44,M,AB-,Singanallur,11.005015,77.021221,2026-05-14,2,6,6,40.7,anytime,0,active
D02056,Naveen Nair,38,M,A-,Peelamedu,11.054593,77.032611,2025-08-06,3,6,3,57.7,anytime,1,active
D02057,Revathi Pillai,31,F,A-,Coimbatore Central,10.98042,76.947591,2026-08-30,5,7,1,78.5,emergency_only,1,inactive
D02058,Anitha Nair,19,M,A+,Peelamedu,11.059466,77.014726,2024-09-11,9,12,7,69.7,anytime,1,suspended
D02059,Arjun Moorthy,37,M,O+,Kalapatti,11.075084,77.04448,2024-11-05,4,4,0,58.2,weekdays,0,active
D02060,Geetha Balan,27,F,O+,Gandhipuram,10.989033,76.975301,2024-10-23,5,5,4,58.0,weekdays,1,inactive
D02061,Arjun Balan,42,F,A+,Gandhipuram,11.003277,76.972924,2025-11-04,6,7,4,48.2,weekdays,0,active
D02062,Bhavani Reddy,29,Other,O+,Gandhipuram,11.044345,76.961923,2025-07-06,3,5,5,14.0,weekdays,1,inactive
D02063,Ramesh Kumar,29,M,O-,Peelamedu,11.040651,77.03084,2026-06-13,1,4,1,50.9,weekends,1,active
D02064,Ramesh Subramani,43,F,A+,Ukkadam,10.993405,76.959874,2026-05-06,2,7,3,55.1,emergency_only,0,active
D02065,Vijay Iyer,35,F,O-,Gandhipuram,11.047377,76.9417,2026-05-23,3,6,2,51.8,anytime,0,active
D02066,Vikram Moorthy,23,M,B-,Podanur,10.970669,76.964279,2025-10-14,6,8,0,44.6,anytime,0,active
D02067,Karthik Iyer,32,M,A-,RS Puram,11.020065,76.937911,2025-07-20,3,3,0,33.3,weekends,1,inactive
D02068,Deepa Pillai,46,M,B+,RS Puram,10.985841,76.937901,2024-08-30,6,6,3,51.0,anytime,0,active
D02069,Sandhya Rajan,18,M,AB+,Vadavalli,11.004746,76.940986,2024-12-05,6,7,3,12.2,anytime,1,active
D02070,Ramesh Chandran,18,F,O+,Gandhipuram,11.014874,76.968001,2025-07-10,5,9,2,40.3,weekdays,0,active
D02071,Divya Pillai,18,M,B-,RS Puram,11.019984,76.952936,2024-05-22,3,6,1,21.7,weekdays,0,active
D02072,Priya Sharma,18,F,AB+,Coimbatore Central,11.009584,76.960522,2024-12-12,3,3,2,56.7,weekends,1,active
D02073,Muthu Iyer,47,F,B+,Saibaba Colony,11.008299,76.928461,2024-09-07,9,13,9,30.2,emergency_only,0,active
D02074,Sandhya Pillai,26,M,O+,Peelamedu,11.054053,77.044903,2026-01-24,5,8,4,80.5,weekends,1,active
D02075,Swathi Nair,18,F,A-,Ukkadam,11.00305,76.936083,2025-11-30,2,7,2,50.6,anytime,1,active
D02076,Suresh Moorthy,29,M,A-,Saibaba Colony,11.000564,76.973373,2025-01-07,4,4,2,46.1,anytime,0,active
D02077,Prakash Kumar,20,M,O-,Podanur,10.964233,76.967224,2024-10-05,5,6,3,31.0,anytime,0,active
D02078,Karthik Sharma,40,M,O-,RS Puram,11.013913,76.933263,2025-04-28,6,11,5,20.2,anytime,1,suspended
D02079,Pooja Menon,27,M,A+,Ukkadam,10.985702,76.968099,2024-12-26,2,3,0,21.6,weekends,1,active
D02080,Anitha Moorthy,27,F,A+,Kalapatti,11.062342,77.040554,2025-03-22,7,9,2,55.2,weekdays,1,active
D02081,Divya Subramani,34,M,AB+,Saibaba Colony,11.038827,76.932001,2026-09-15,5,7,3,71.1,anytime,0,active
D02082,Divya Subramani,31,M,O+,Vadavalli,11.001827,76.921797,2026-07-28,3,5,2,47.1,emergency_only,1,active
D02083,Nithya Moorthy,36,M,A-,Ukkadam,11.016094,76.95777,2026-09-15,6,10,8,28.2,weekdays,1,active
D02084,Revathi Moorthy,28,F,O-,Peelamedu,11.038328,77.047391,2024-07-17,5,5,3,43.1,anytime,0,active
D02085,Sathish Subramani,28,F,O-,RS Puram,10.985348,76.946429,2024-09-04,1,6,5,5.4,weekdays,0,active
D02086,Meena Gowda,37,F,B+,Saibaba Colony,11.00069,76.924234,2024-06-06,5,10,5,72.0,weekdays,0,active
D02087,Sandhya Gowda,45,F,O+,Peelamedu,11.049752,77.044192,2025-04-14,2,6,5,34.0,weekdays,0,active
D02088,Deepa Gowda,21,F,A+,Coimbatore Central,11.008309,76.985661,2024-06-28,3,5,4,12.8,weekdays,1,active
D02089,Vijay Iyer,32,F,A+,RS Puram,11.025607,76.946671,2025-04-09,2,4,1,40.1,weekends,1,active
D02090,Nithya Moorthy,31,M,O+,Vadavalli,11.05205,76.934561,2025-03-01,4,9,5,62.8,weekends,1,active
D02091,Sathish Menon,29,M,B-,Gandhipuram,11.03576,76.956051,2026-06-25,5,5,4,15.6,anytime,1,active
D02092,Sandhya Raj,18,F,A+,Kalapatti,11.060271,77.070732,2024-11-08,2,5,5,30.3,weekdays,1,active
D02093,Ramesh Kumar,29,F,O+,Saibaba Colony,11.034422,76.967997,2025-02-11,5,10,7,34.9,weekends,0,active
D02094,Lakshmi Kumar,34,M,O+,Vadavalli,11.03777,76.892939,2025-08-04,5,10,6,74.7,anytime,1,active
D02095,Senthil Chandran,20,M,A+,Vadavalli,11.003741,76.915183,2025-04-08,5,9,4,48.1,weekdays,0,active
D02096,Prakash Raj,40,F,O+,Singanallur,11.003408,77.029707,2024-05-17,4,6,2,31.3,weekends,1,active
D02097,Naveen Nair,40,Other,A+,Ukkadam,10.963039,76.949954,2025-10-17,5,5,4,62.6,weekends,0,active
D02098,Karthik Nair,29,M,O-,Coimbatore Central,10.974766,76.959382,2024-08-06,4,6,6,42.6,anytime,1,active
D02099,Roja Nair,27,M,O-,Singanallur,11.016419,77.020629,2024-11-06,5,10,6,34.6,emergency_only,1,inactive
D02100,Arjun Menon,45,M,O+,Peelamedu,11.012352,77.000796,2024-11-18,6,9,4,49.2,anytime,1,inactive
D02101,Ganesh Kumar,47,M,O+,RS Puram,10.978327,76.979229,2024-12-22,2,5,1,31.4,anytime,1,active
D02102,Geetha Rajan,34,M,O+,Peelamedu,11.016019,77.018031,2025-07-29,5,8,6,31.4,weekdays,1,active
D02103,Arjun Menon,42,M,AB+,Gandhipuram,11.023077,76.980736,2025-02-10,4,8,4,35.0,weekdays,1,active
D02104,Lakshmi Kumar,34,M,A+,Gandhipuram,11.013259,76.945043,2025-01-01,3,5,3,14.2,weekdays,1,active
D02105,Dinesh Subramani,43,F,A+,Kalapatti,11.058351,77.040462,2026-04-12,3,4,0,76.5,anytime,1,active
D02106,Kavya Iyer,29,F,A+,Peelamedu,11.030881,77.00985,2025-10-23,4,7,1,51.3,anytime,0,active
D02107,Kavya Rajan,26,M,B+,RS Puram,10.987266,76.972241,2025-01-30,8,12,4,59.9,anytime,1,active
D02108,Manoj Sharma,27,F,A+,Saibaba Colony,11.003309,76.9264,,0,2,1,58.2,anytime,1,active
D02109,Muthu Kumar,42,F,O+,Gandhipuram,11.016182,76.963558,2026-04-11,5,7,6,47.7,weekends,1,active
D02110,Nithya Rajan,31,F,O+,Gandhipuram,11.009865,76.942983,2025-08-08,4,6,1,10.5,weekends,1,active
D02111,Vijay Chandran,19,F,O+,Ukkadam,10.968548,76.946881,2026-07-26,3,4,4,56.5,weekends,1,active
D02112,Kavya Balan,44,M,O+,Vadavalli,11.012473,76.93746,2026-03-20,7,9,7,74.7,weekends,1,active
D02113,Dinesh Rajan,33,M,O+,Ukkadam,10.969547,76.963035,2026-07-23,4,4,1,72.7,anytime,1,active
D02114,Suresh Krishnan,29,M,A+,Gandhipuram,11.003239,76.948384,2024-11-13,7,10,5,44.8,weekdays,1,active
D02115,Anitha Raj,22,M,A+,Kalapatti,11.043268,77.06,2024-05-30,2,5,2,34.8,emergency_only,1,inactive
D02116,Anitha Reddy,24,F,A+,Peelamedu,11.004883,77.019011,2024-10-26,3,8,4,54.4,weekends,0,active
D02117,Anitha Nair,24,M,O+,Singanallur,10.990978,77.015337,2025-12-12,7,11,11,18.6,weekends,1,active
D02118,Roja Balan,24,M,O+,Podanur,10.92797,76.977131,2025-04-08,4,6,6,28.3,anytime,1,active
D02119,Pooja Rajan,43,F,A+,Singanallur,11.021396,77.014404,2026-08-08,6,8,5,13.6,emergency_only,0,active
D02120,Muthu Sharma,34,F,O+,Singanallur,10.997268,77.047502,2024-09-26,3,3,3,13.6,weekends,1,active
D02121,Kavya Gowda,34,M,O+,Gandhipuram,11.045952,76.989254,2026-08-12,4,6,2,95.0,anytime,0,active
D02122,Vikram Subramani,24,F,A+,Kalapatti,11.093918,77.04436,2026-03-06,4,9,6,66.6,emergency_only,1,active
D02123,Suresh Rajan,33,M,B+,Kalapatti,11.05573,77.044505,2024-05-16,6,8,3,46.0,weekends,0,active
D02124,Vijay Moorthy,41,M,O+,Ukkadam,11.006333,76.962518,2025-10-14,3,5,2,58.2,weekends,1,active
D02125,Divya Kumar,33,M,A+,Podanur,10.933044,76.985764,2026-09-18,10,14,11,22.8,weekends,1,active
D02126,Deepa Krishnan,31,M,A-,RS Puram,10.979349,76.949991,2025-04-03,4,5,3,74.5,emergency_only,1,active
D02127,Arjun Sharma,20,M,O+,Podanur,10.949247,76.974474,2024-12-15,4,8,2,59.5,weekends,1,active
D02128,Nithya Pillai,22,M,A-,Peelamedu,11.054996,77.006587,2026-04-10,6,9,4,5.0,anytime,0,active
D02129,Arun Balan,39,M,B+,Kalapatti,11.057542,77.055167,2025-10-19,5,5,4,5.0,weekends,0,active
D02130,Vikram Gowda,26,F,B+,Vadavalli,11.052229,76.934932,2025-01-19,2,6,0,52.3,emergency_only,1,active
D02131,Deepa Kumar,37,M,O+,Podanur,10.936397,76.954837,2024-08-09,3,6,4,40.6,anytime,1,active
D02132,Karthik Balan,36,F,O+,Peelamedu,11.035541,77.040555,2026-06-08,6,10,7,36.3,anytime,1,active
D02133,Lakshmi Balan,25,F,B-,Saibaba Colony,10.995882,76.934847,2024-10-10,2,3,0,41.9,anytime,1,inactive
D02134,Roja Iyer,31,F,O+,Singanallur,11.02584,77.023106,2026-02-26,9,10,7,52.8,weekdays,1,active
D02135,Roja Iyer,39,F,O+,RS Puram,10.980344,76.957267,,0,3,2,61.7,weekdays,0,active
D02136,Divya Moorthy,35,F,A+,Gandhipuram,11.0259,76.952629,2026-05-05,3,8,6,57.7,weekends,1,active
D02137,Arun Kumar,25,M,A+,Gandhipuram,11.022639,76.958482,2025-08-23,7,9,5,60.2,weekdays,0,active
D02138,Suresh Chandran,34,M,A+,Peelamedu,11.023067,77.019505,2025-01-14,7,10,5,59.4,anytime,1,active
D02139,Vijay Menon,40,Other,O+,Kalapatti,11.070303,77.0132,,0,2,2,32.3,weekdays,1,active
D02140,Meena Subramani,38,M,O+,RS Puram,11.028109,76.943288,2025-05-22,4,8,4,62.5,anytime,1,inactive
D02141,Swathi Sharma,42,M,A-,Coimbatore Central,10.993665,76.946105,2026-03-30,3,6,1,27.6,anytime,1,active
D02142,Deepa Nair,24,F,O-,Singanallur,10.971595,77.041108,2024-10-07,5,6,2,68.5,weekdays,1,active
D02143,Prakash Menon,42,M,A+,Singanallur,11.008822,77.011006,2025-11-08,1,3,2,17.6,emergency_only,0,active
D02144,Divya Raj,18,M,A-,Singanallur,10.983425,77.038229,2025-07-19,3,8,7,50.4,weekends,1,suspended
D02145,Priya Nair,31,M,AB+,Podanur,10.962334,76.963624,2026-04-17,8,10,7,5.0,weekends,1,active
D02146,Prakash Iyer,50,F,A+,Saibaba Colony,11.030345,76.940399,2026-01-26,2,3,2,25.1,anytime,1,active
D02147,Lakshmi Subramani,24,Other,O-,Peelamedu,11.049493,77.040926,2025-06-04,3,3,1,52.9,weekends,1,active
D02148,Dinesh Subramani,26,M,O+,Saibaba Colony,10.995942,76.951165,2025-12-02,6,11,2,23.4,emergency_only,1,active
D02149,Vikram Kumar,34,M,O+,Singanallur,11.010757,77.001214,2025-03-31,6,10,3,6.5,emergency_only,0,active
D02150,Prakash Rajan,36,M,O+,Ukkadam,11.009053,76.952518,,0,1,0,43.7,anytime,1,inactive
D02151,Priya Raj,38,F,O+,Saibaba Colony,11.031426,76.941214,2024-05-10,10,14,11,22.4,weekends,1,active
D02152,Karthik Krishnan,31,M,B+,Podanur,10.975727,76.947367,2025-06-03,2,5,2,16.2,weekdays,1,active
D02153,Arun Reddy,18,M,O+,Peelamedu,11.042624,77.050697,2026-05-10,4,6,0,36.8,weekends,0,active
D02154,Anitha Subramani,32,F,B+,Ukkadam,11.006432,76.958962,2025-11-12,5,5,1,119.2,weekends,1,active
D02155,Deepa Gowda,27,F,O+,Gandhipuram,11.033996,76.943332,2025-05-03,5,9,6,64.4,anytime,1,active
D02156,Priya Menon,31,M,AB+,Ukkadam,10.988287,76.953438,2025-07-24,3,3,0,49.0,weekdays,0,inactive
D02157,Karthik Menon,32,F,A+,Vadavalli,11.032738,76.924819,2026-08-23,4,6,1,40.9,weekends,0,active
D02158,Priya Raj,18,M,A-,Singanallur,11.028921,77.015297,2024-08-22,8,13,5,10.5,anytime,1,active
D02159,Roja Pillai,38,M,O+,Peelamedu,11.008025,77.032516,2025-12-03,10,11,7,8.5,weekdays,0,active
D02160,Arjun Kumar,28,M,O-,Ukkadam,10.977119,76.955391,2025-10-09,3,3,2,5.0,weekends,0,active
D02161,Anitha Kumar,48,M,B-,Saibaba Colony,11.01286,76.972284,2024-07-20,4,6,3,54.3,anytime,1,inactive
D02162,Anitha Chandran,23,M,O+,Vadavalli,11.008211,76.932487,2024-08-20,1,4,3,31.6,anytime,1,inactive
D02163,Dinesh Iyer,20,F,O+,Kalapatti,11.092196,77.015026,2025-08-18,6,8,6,25.0,anytime,0,active
D02164,Sathish Rajan,21,F,O-,Kalapatti,11.094797,77.038439,2026-03-11,4,4,3,35.8,anytime,1,inactive
D02165,Lakshmi Pillai,30,M,AB+,Podanur,10.942647,76.949037,2025-10-07,4,8,8,5.0,anytime,0,inactive
D02166,Anitha Krishnan,46,M,B+,Coimbatore Central,11.00434,76.944457,2026-07-17,1,4,2,53.9,weekends,0,active
D02167,Kavya Balan,51,M,O+,Podanur,10.974166,76.975839,2024-09-18,10,14,9,58.0,anytime,1,active
D02168,Lakshmi Balan,51,M,A+,Saibaba Colony,11.004742,76.962875,2025-02-15,3,3,1,56.6,weekends,1,active
D02169,Ganesh Moorthy,23,M,A-,Singanallur,11.007899,77.029563,2025-02-18,2,6,4,37.9,weekdays,0,inactive
D02170,Pooja Reddy,30,M,O-,Ukkadam,10.962491,76.948043,2024-08-23,1,3,1,64.9,anytime,0,active
D02171,Arjun Moorthy,37,F,O+,Podanur,10.968899,76.969097,2025-10-10,1,6,5,19.0,anytime,0,inactive
D02172,Bhavani Krishnan,34,F,O+,Kalapatti,11.047343,77.015492,2024-12-21,3,6,6,36.1,anytime,0,inactive
D02173,Bhavani Subramani,32,M,B+,Kalapatti,11.082778,77.037313,2026-08-02,4,8,7,32.9,anytime,0,active
D02174,Manoj Chandran,20,F,O+,Gandhipuram,10.989037,76.952297,2026-06-12,4,6,3,56.2,anytime,0,active
D02175,Revathi Moorthy,51,M,O+,Peelamedu,11.033534,77.054538,2024-12-05,6,8,3,62.1,weekdays,1,active
D02176,Vijay Kumar,26,M,B-,Peelamedu,11.019259,77.015858,2026-08-04,4,5,2,33.5,anytime,1,active
D02177,Pooja Iyer,31,M,O-,Vadavalli,11.0355,76.911127,2025-11-07,7,7,2,25.7,anytime,1,active
D02178,Arjun Moorthy,26,M,B+,Peelamedu,11.021902,76.999598,2025-03-23,5,5,3,27.6,weekdays,0,active
D02179,Revathi Subramani,48,M,O-,Saibaba Colony,11.045866,76.932377,2025-04-15,1,2,1,69.5,anytime,0,active
D02180,Ramesh Raj,18,M,A+,Peelamedu,11.015624,77.036859,2025-03-24,4,8,5,50.4,emergency_only,1,active
D02181,Muthu Krishnan,25,M,A+,RS Puram,11.028058,76.978881,2026-08-31,3,5,3,14.1,anytime,1,active
D02182,Suresh Menon,27,M,A+,Vadavalli,10.997327,76.930018,2025-12-23,4,9,3,47.6,emergency_only,0,active
D02183,Meena Iyer,29,M,A-,Vadavalli,11.00554,76.928064,2025-04-10,6,11,1,53.3,weekends,1,active
D02184,Revathi Iyer,25,M,AB+,Kalapatti,11.061786,77.041945,2026-09-04,6,11,2,58.5,weekends,1,active
D02185,Priya Gowda,41,M,A-,Peelamedu,11.005205,77.013352,2025-05-27,3,5,0,52.5,weekdays,0,active
D02186,Prakash Balan,29,M,A-,Coimbatore Central,10.995414,76.975686,2025-02-03,2,2,1,9.8,anytime,1,active
D02187,Ganesh Kumar,20,F,O+,RS Puram,11.006551,76.927677,2026-04-14,9,9,3,55.4,anytime,0,active
D02188,Divya Iyer,34,F,O-,Vadavalli,11.039807,76.916718,2024-06-06,4,8,2,43.4,anytime,1,suspended
D02189,Meena Moorthy,32,M,O+,Coimbatore Central,10.981263,76.948661,2026-01-09,4,5,3,28.5,anytime,1,active
D02190,Revathi Nair,33,M,B-,Coimbatore Central,11.020897,76.928247,,0,1,0,43.9,weekdays,1,active
D02191,Anitha Iyer,18,F,O+,RS Puram,10.978356,76.951857,2026-09-18,4,9,1,75.0,weekends,1,active
D02192,Manoj Gowda,29,M,A+,Ukkadam,11.007075,76.945338,2026-08-14,3,5,1,41.7,anytime,1,active
D02193,Ganesh Krishnan,21,M,AB+,Ukkadam,11.018505,76.937957,2026-02-17,7,11,9,60.7,weekends,1,active
D02194,Vijay Kumar,35,F,O-,Gandhipuram,10.991877,76.979863,2025-03-05,2,5,5,20.8,weekdays,1,active
D02195,Suresh Balan,23,F,AB+,Kalapatti,11.096078,77.057755,2025-06-09,5,7,2,42.0,anytime,1,active
D02196,Ganesh Kumar,44,F,O-,Singanallur,10.974559,77.004827,2024-05-19,11,14,9,33.4,anytime,1,active
D02197,Pooja Sharma,27,M,O+,Podanur,10.930609,76.98331,2026-03-03,2,6,3,29.8,anytime,1,active
D02198,Arjun Raj,23,F,O+,Coimbatore Central,11.016962,76.944431,2025-05-25,3,5,3,76.1,anytime,0,active
D02199,Manoj Rajan,22,F,A+,Peelamedu,11.009479,77.030143,2025-09-08,2,5,1,59.8,anytime,1,active
D02200,Suresh Sharma,26,M,O+,Singanallur,10.977855,77.053244,2024-06-03,3,5,2,54.8,anytime,1,active
D02201,Vijay Sharma,30,F,O+,Singanallur,11.018901,77.023662,2024-11-23,3,3,0,42.3,anytime,1,active
D02202,Swathi Reddy,22,M,O+,Podanur,10.954672,76.971923,2025-06-20,5,10,5,38.4,anytime,1,active
D02203,Nithya Chandran,34,M,A+,Kalapatti,11.039125,77.045516,2024-11-17,3,6,1,17.7,anytime,1,active
D02204,Meena Menon,34,M,B+,Gandhipuram,11.046989,76.972934,2024-05-01,6,8,2,51.5,emergency_only,1,active
D02205,Vikram Menon,30,F,O+,Gandhipuram,11.041319,76.973316,2024-10-26,1,3,0,97.0,weekdays,1,active
D02206,Lakshmi Chandran,37,M,O-,Kalapatti,11.047512,77.0714,2026-02-22,9,9,9,74.7,weekdays,1,active
D02207,Geetha Raj,21,F,O+,Kalapatti,11.059512,77.053273,2024-06-14,4,9,7,26.4,anytime,1,active
D02208,Swathi Iyer,35,M,A-,Ukkadam,10.97949,76.966854,2025-06-14,2,4,0,44.6,anytime,1,active
D02209,Revathi Rajan,20,F,A+,Singanallur,11.018397,77.024309,2024-09-11,5,5,3,19.2,anytime,1,active
D02210,Suresh Rajan,23,M,O+,Saibaba Colony,11.009657,76.943332,2025-05-09,3,8,5,62.4,anytime,1,active
D02211,Ramesh Balan,18,F,O-,Saibaba Colony,11.004096,76.929149,2025-10-20,10,12,6,13.0,weekends,1,active
D02212,Karthik Chandran,26,F,O+,Saibaba Colony,11.03218,76.944197,2024-07-21,1,2,2,37.4,anytime,0,active
D02213,Ganesh Moorthy,23,M,B+,Saibaba Colony,10.995589,76.937815,2026-09-09,4,7,6,33.3,anytime,1,active
D02214,Kavya Pillai,26,Other,A+,Coimbatore Central,10.996059,76.963477,2026-02-14,4,7,1,47.9,emergency_only,0,active
D02215,Geetha Krishnan,31,M,AB+,Vadavalli,11.039709,76.917534,2024-11-26,4,6,1,42.3,weekends,0,active
D02216,Karthik Pillai,30,M,A+,Vadavalli,11.013286,76.916357,2026-08-06,5,6,4,23.2,anytime,0,inactive
D02217,Sandhya Gowda,41,M,A+,Podanur,10.948896,76.941794,2024-09-01,4,7,2,39.4,anytime,1,inactive
D02218,Vijay Iyer,23,M,A+,Peelamedu,11.020061,77.031669,2026-04-12,1,2,0,57.4,anytime,0,active
D02219,Revathi Pillai,24,F,O+,Ukkadam,10.997769,76.955184,2026-08-29,7,11,10,31.2,emergency_only,0,active
D02220,Divya Balan,36,M,AB-,RS Puram,11.024586,76.946861,2026-03-24,4,9,9,28.0,weekends,0,active
D02221,Ganesh Pillai,37,F,A+,RS Puram,11.031346,76.97542,2024-08-24,5,9,1,47.6,emergency_only,0,active
D02222,Meena Moorthy,45,M,O+,Peelamedu,11.05181,77.05596,2026-04-07,3,4,2,9.9,weekdays,1,active
D02223,Sathish Rajan,25,F,A+,RS Puram,11.014673,76.925376,2025-02-04,2,2,1,52.8,anytime,1,suspended
D02224,Bhavani Balan,37,M,O+,Saibaba Colony,11.029432,76.937357,2024-08-17,1,5,3,73.8,emergency_only,1,active
D02225,Vijay Menon,35,F,O+,Saibaba Colony,11.019253,76.947484,2025-07-07,1,2,1,68.1,weekends,0,active
D02226,Vijay Rajan,19,F,A+,Singanallur,11.009161,77.03527,2025-08-01,9,10,9,51.9,weekdays,1,active
D02227,Muthu Iyer,37,M,O+,Coimbatore Central,11.022161,76.966234,2024-08-12,7,7,4,54.2,weekdays,1,suspended
D02228,Suresh Subramani,33,M,A+,RS Puram,10.9944,76.942917,2025-07-04,3,6,1,81.7,emergency_only,1,active
D02229,Revathi Menon,27,F,O+,Ukkadam,11.011702,76.978552,2025-10-06,6,11,6,17.4,weekends,1,active
D02230,Manoj Pillai,38,F,O+,Gandhipuram,11.015241,76.996801,2025-08-11,2,2,1,22.7,anytime,1,active
D02231,Suresh Sharma,39,F,A-,Vadavalli,11.043539,76.917159,2025-11-27,4,4,0,69.0,anytime,1,suspended
D02232,Anitha Gowda,41,M,B+,Ukkadam,10.976176,76.946993,2026-08-16,4,4,4,44.0,weekdays,0,inactive
D02233,Lakshmi Menon,18,F,A+,Coimbatore Central,10.999781,76.960047,2024-05-24,5,10,4,72.0,anytime,1,active
D02234,Vikram Chandran,27,F,A-,Saibaba Colony,11.023694,76.967402,2025-12-29,7,11,1,26.7,weekdays,1,active
D02235,Meena Balan,41,F,O+,Kalapatti,11.076629,77.069251,2024-09-28,3,3,2,46.8,anytime,1,active
D02236,Sathish Krishnan,25,M,AB+,Gandhipuram,11.047468,76.960511,2025-12-30,4,8,7,23.2,weekends,0,active
D02237,Geetha Nair,39,F,A+,Vadavalli,11.001952,76.918903,2025-07-21,6,7,3,55.9,weekdays,0,active
D02238,Vijay Pillai,20,M,O+,Ukkadam,10.966701,76.964539,2025-10-13,4,6,3,9.6,emergency_only,0,active
D02239,Divya Kumar,28,M,AB+,Ukkadam,10.969108,76.943753,2025-10-05,5,10,3,57.4,weekdays,0,active
D02240,Nithya Moorthy,22,F,O-,Podanur,10.939922,76.940706,2025-11-03,5,8,3,10.4,anytime,1,active
D02241,Manoj Rajan,21,M,B+,Gandhipuram,11.034523,76.980598,2025-12-23,1,5,1,65.1,anytime,1,active
D02242,Senthil Kumar,24,M,B+,Kalapatti,11.041806,77.070942,2026-04-07,8,9,7,38.5,weekdays,1,active
D02243,Sathish Pillai,31,M,A-,RS Puram,10.998728,76.965533,2025-09-30,6,11,10,59.9,anytime,0,active
D02244,Deepa Balan,21,F,A-,Coimbatore Central,10.995325,76.954554,2024-09-29,4,7,4,5.6,weekdays,1,active
D02245,Priya Balan,49,F,O+,Podanur,10.977733,76.984309,2024-07-26,4,7,6,12.9,emergency_only,0,active
D02246,Nithya Rajan,41,F,AB+,Kalapatti,11.049985,77.064116,,0,1,1,17.8,weekends,1,active
D02247,Sathish Menon,32,F,O+,Ukkadam,11.013553,76.943591,2024-09-23,1,4,3,34.9,anytime,1,active
D02248,Lakshmi Krishnan,34,M,O+,RS Puram,11.001121,76.953445,2026-01-09,6,7,4,41.1,emergency_only,1,active
D02249,Meena Balan,44,F,O+,RS Puram,11.031534,76.932954,2025-12-10,5,9,2,79.0,weekends,1,active
D02250,Sandhya Subramani,24,M,O+,Kalapatti,11.072806,77.038645,2025-12-19,4,6,6,69.2,anytime,1,active
D02251,Suresh Rajan,39,F,O+,Gandhipuram,11.045448,76.953892,2024-12-28,3,6,2,62.0,emergency_only,0,inactive
D02252,Naveen Gowda,30,M,B-,Ukkadam,10.958828,76.96094,2024-10-06,4,8,4,69.9,weekends,1,active
D02253,Kavya Rajan,21,M,AB+,Vadavalli,11.046116,76.904816,2024-07-31,2,7,5,42.2,weekends,1,active
D02254,Revathi Rajan,19,F,A+,Ukkadam,10.9764,76.976627,2025-11-23,3,6,4,63.4,weekdays,1,active
D02255,Nithya Reddy,34,F,O-,RS Puram,11.015688,76.931942,2025-07-09,3,4,4,26.2,anytime,0,active
D02256,Deepa Gowda,30,M,A+,Ukkadam,10.985841,76.970377,2026-06-02,5,5,5,5.0,anytime,1,active
D02257,Sandhya Nair,37,M,O+,RS Puram,10.980531,76.940804,2024-07-20,8,10,4,31.4,weekdays,0,active
D02258,Arjun Krishnan,18,M,O+,Singanallur,10.97292,77.026682,2026-09-11,5,5,3,37.9,anytime,0,active
D02259,Dinesh Krishnan,21,M,O+,Kalapatti,11.070919,77.026367,2025-12-18,4,8,6,46.0,anytime,1,active
D02260,Senthil Moorthy,40,M,O+,Podanur,10.951462,76.975374,2025-11-29,7,7,5,59.1,weekdays,1,active
D02261,Ramesh Moorthy,37,M,O+,Ukkadam,11.006903,76.951705,2024-04-18,6,10,3,48.4,weekends,1,active
D02262,Priya Iyer,18,M,A+,Vadavalli,11.028219,76.935521,,0,4,2,44.6,weekdays,1,active
D02263,Geetha Sharma,31,F,O+,Coimbatore Central,10.991831,76.94778,2024-08-01,4,9,4,11.0,weekdays,1,active
D02264,Karthik Gowda,24,M,A+,Kalapatti,11.061389,77.036129,2024-04-27,2,7,1,63.0,anytime,1,active
D02265,Sandhya Sharma,24,M,O+,Ukkadam,10.969913,76.982461,2025-10-16,6,10,9,52.3,anytime,1,active
D02266,Pooja Krishnan,18,M,A+,Coimbatore Central,10.985932,76.952893,2025-12-02,6,6,5,76.0,anytime,1,inactive
D02267,Manoj Sharma,20,F,O+,Ukkadam,10.993045,76.972776,2026-02-12,5,8,5,34.5,weekends,1,active
D02268,Muthu Reddy,34,M,A-,Podanur,10.979092,76.937524,2025-06-04,6,7,4,32.0,weekdays,1,inactive
D02269,Bhavani Pillai,45,F,AB+,Ukkadam,10.996374,76.963966,2025-04-13,6,6,5,5.0,anytime,0,active
D02270,Vijay Raj,23,M,A+,Vadavalli,11.039499,76.93524,2024-11-04,4,8,5,45.8,anytime,1,suspended
D02271,Nithya Reddy,44,F,A-,RS Puram,11.011486,76.940122,2026-08-06,3,3,0,60.0,anytime,1,active
D02272,Bhavani Chandran,26,M,A+,Peelamedu,11.03973,77.037658,2024-12-11,3,8,4,24.1,anytime,1,active
D02273,Roja Iyer,36,F,AB+,Saibaba Colony,10.991626,76.935673,2026-01-30,3,6,5,55.6,emergency_only,1,active
D02274,Nithya Krishnan,35,F,A+,Singanallur,10.981357,77.002606,2026-02-22,3,7,2,49.3,emergency_only,0,active
D02275,Dinesh Moorthy,38,M,O+,Vadavalli,10.997426,76.908432,2026-05-04,6,8,6,50.7,weekdays,1,active
D02276,Vikram Sharma,38,M,O-,Coimbatore Central,10.973477,76.943505,2024-08-18,4,4,3,85.3,weekdays,0,active
D02277,Vikram Gowda,22,M,O+,Podanur,10.952717,76.947145,2025-03-02,1,2,1,85.8,anytime,0,active
D02278,Revathi Krishnan,41,M,O-,Vadavalli,11.047124,76.917472,2025-01-14,6,8,4,61.6,weekdays,1,inactive
D02279,Senthil Reddy,33,M,O-,Gandhipuram,11.031797,76.979176,2025-09-09,11,12,8,33.9,weekdays,0,active
D02280,Priya Moorthy,33,F,O+,Saibaba Colony,10.992495,76.922856,2024-06-19,5,5,2,44.4,anytime,0,active
D02281,Revathi Menon,28,M,O+,RS Puram,11.01891,76.923982,2025-02-03,8,8,5,5.0,emergency_only,1,active
D02282,Roja Raj,38,M,B+,Podanur,10.975303,76.964715,2025-01-13,6,6,5,8.9,anytime,1,active
D02283,Deepa Sharma,24,F,O-,Coimbatore Central,11.019327,76.983024,2025-02-17,5,5,4,45.8,weekdays,1,active
D02284,Prakash Chandran,23,M,A+,Vadavalli,11.051096,76.892302,2025-08-02,4,6,3,49.6,anytime,1,active
D02285,Lakshmi Krishnan,34,F,O+,Singanallur,11.002151,77.024714,2024-05-05,4,8,6,48.0,anytime,1,active
D02286,Dinesh Reddy,20,M,O+,Vadavalli,11.051605,76.903536,2024-09-22,8,11,9,33.8,anytime,0,active
D02287,Vikram Iyer,31,M,O+,Vadavalli,10.994036,76.931583,2025-06-06,6,10,8,57.1,weekdays,1,inactive
D02288,Arjun Reddy,18,M,O+,RS Puram,10.991029,76.96972,2024-07-19,5,5,4,10.9,weekdays,0,active
D02289,Arjun Menon,37,F,A+,Ukkadam,11.009546,76.964912,2024-05-13,4,8,4,53.5,weekends,0,active
D02290,Nithya Krishnan,20,M,A+,Podanur,10.971714,76.984579,2025-05-24,7,10,5,30.7,anytime,1,active
D02291,Geetha Reddy,26,F,A+,Ukkadam,11.010516,76.97895,2025-03-01,4,8,5,60.2,anytime,0,active
D02292,Sandhya Kumar,39,M,A+,Peelamedu,11.04479,77.053046,2024-10-05,4,4,4,5.0,weekdays,1,active
D02293,Arun Kumar,34,F,AB-,Podanur,10.969293,76.978328,2025-08-28,10,11,2,67.5,weekdays,0,active
D02294,Naveen Rajan,18,M,A-,Peelamedu,11.030457,77.050753,2025-04-04,4,8,5,37.9,weekends,0,active
D02295,Kavya Reddy,41,M,O+,Ukkadam,10.998513,76.934781,2024-07-29,6,9,0,57.4,anytime,1,active
D02296,Swathi Menon,26,F,A-,Ukkadam,11.012067,76.976028,2025-07-28,3,4,3,14.6,anytime,1,active
D02297,Arun Nair,30,M,A+,Vadavalli,11.036536,76.919167,2024-08-31,2,4,2,48.4,weekdays,1,active
D02298,Revathi Sharma,32,F,A+,Vadavalli,11.014926,76.896067,2026-07-31,3,6,5,41.9,weekdays,1,active
D02299,Deepa Subramani,33,F,A+,RS Puram,11.001712,76.924751,2025-08-07,5,7,6,72.3,emergency_only,1,active
D02300,Senthil Gowda,29,F,A+,Peelamedu,11.009472,77.000079,2026-04-16,4,4,2,41.7,weekdays,1,active
D02301,Deepa Rajan,18,F,A+,RS Puram,10.993431,76.932704,2024-07-31,3,8,5,31.7,weekends,1,active
D02302,Divya Iyer,26,M,O+,Gandhipuram,10.998864,76.993083,2025-04-21,3,4,3,26.5,emergency_only,1,active
D02303,Ramesh Raj,35,F,A+,Peelamedu,11.03999,77.047687,2026-04-02,2,2,0,69.5,weekdays,1,inactive
D02304,Vijay Raj,36,M,A+,RS Puram,10.976024,76.922994,2024-07-15,5,8,6,38.1,emergency_only,1,active
D02305,Anitha Reddy,29,F,A+,Podanur,10.938352,76.939493,2025-06-01,4,6,5,46.0,weekdays,1,active
D02306,Geetha Raj,36,M,O+,Ukkadam,10.963498,76.976872,2024-08-13,6,7,7,5.0,anytime,1,suspended
D02307,Dinesh Sharma,42,F,O-,Ukkadam,10.965101,76.959854,2026-03-29,2,6,6,26.4,weekdays,1,active
D02308,Priya Subramani,28,F,O-,Podanur,10.9427,76.987061,2026-01-05,6,6,2,100.5,anytime,1,active
D02309,Anitha Sharma,18,M,O+,Singanallur,11.026681,77.023343,2025-04-20,2,6,3,25.9,weekdays,0,active
D02310,Senthil Balan,20,F,A+,Peelamedu,11.004161,77.025861,2025-02-17,5,8,5,34.9,anytime,1,active
D02311,Vijay Moorthy,32,M,O+,Kalapatti,11.091154,77.031244,2025-02-10,4,8,0,83.4,weekdays,0,active
D02312,Manoj Nair,36,M,A+,Vadavalli,11.013167,76.924634,2025-09-05,8,8,0,76.5,anytime,1,active
D02313,Ganesh Krishnan,34,M,O-,Kalapatti,11.039637,77.017,,0,0,0,45.5,anytime,1,active
D02314,Suresh Gowda,36,M,O+,Kalapatti,11.044592,77.018885,2026-06-20,2,2,1,57.8,emergency_only,1,active
D02315,Lakshmi Iyer,28,M,A-,Saibaba Colony,11.037426,76.936982,2025-05-06,4,8,3,5.8,weekdays,0,active
D02316,Arun Sharma,32,M,A+,Ukkadam,11.001426,76.948473,2026-09-10,2,5,4,20.5,anytime,1,active
D02317,Geetha Balan,18,F,O-,Kalapatti,11.090412,77.022623,2024-07-04,5,10,4,65.9,weekdays,0,active
D02318,Pooja Krishnan,43,M,A-,Saibaba Colony,11.007927,76.972772,2025-07-22,7,10,5,53.2,anytime,1,active
D02319,Sandhya Iyer,28,M,O+,Ukkadam,11.001447,76.941444,2026-02-25,5,6,1,57.7,anytime,1,active
D02320,Muthu Krishnan,21,F,AB-,Peelamedu,11.006638,77.021274,2025-03-23,5,7,1,29.9,weekdays,0,active
D02321,Senthil Chandran,18,F,O-,Peelamedu,11.014406,77.048291,2026-07-07,5,9,6,5.0,anytime,1,active
D02322,Priya Moorthy,32,F,A+,Saibaba Colony,11.02801,76.920813,2026-03-19,3,3,1,88.4,weekdays,1,active
D02323,Karthik Kumar,27,M,O+,RS Puram,11.020562,76.968626,2025-06-29,7,10,9,37.7,anytime,1,active
D02324,Swathi Rajan,20,M,B+,Vadavalli,11.017948,76.916055,2025-04-12,8,10,0,66.6,anytime,1,active
D02325,Muthu Pillai,43,F,A+,Peelamedu,11.032291,76.997258,2026-07-31,4,8,5,25.6,weekdays,1,active
D02326,Ganesh Balan,28,F,O+,Saibaba Colony,10.997411,76.957714,2025-11-14,5,6,2,47.7,weekends,0,active
D02327,Revathi Chandran,18,F,O+,Vadavalli,11.030721,76.921663,2025-05-08,3,8,6,33.5,anytime,1,active
D02328,Meena Gowda,39,F,B+,Podanur,10.971357,76.982725,2026-03-26,3,5,1,54.7,weekends,1,active
D02329,Swathi Balan,22,F,A+,RS Puram,11.031896,76.935527,2024-06-15,3,5,4,26.0,anytime,0,active
D02330,Dinesh Pillai,35,M,B+,Kalapatti,11.065829,77.016567,2026-05-27,2,4,2,21.6,anytime,1,inactive
D02331,Deepa Nair,18,M,A+,Saibaba Colony,11.017523,76.919137,2025-03-13,4,5,5,80.9,anytime,1,active
D02332,Vijay Kumar,38,M,A+,Coimbatore Central,10.984073,76.97435,2024-06-11,5,9,4,54.4,weekends,1,active
D02333,Sandhya Rajan,37,M,A+,Ukkadam,10.966728,76.939538,2024-12-31,3,6,6,31.2,weekends,1,active
D02334,Muthu Krishnan,28,M,O+,Vadavalli,11.012934,76.885154,2024-05-25,5,10,3,71.6,weekends,1,active
D02335,Ganesh Nair,27,M,O+,Peelamedu,11.006187,77.014762,2026-08-05,4,9,5,65.0,anytime,1,active
D02336,Anitha Gowda,18,M,O+,Singanallur,10.995647,77.040283,2026-08-21,6,10,5,35.3,anytime,1,active
D02337,Meena Nair,34,M,A+,Peelamedu,11.008079,77.012293,2025-06-26,6,8,7,26.6,weekends,1,inactive
D02338,Naveen Gowda,31,F,A-,Gandhipuram,11.015278,76.995062,2026-08-06,7,11,2,26.7,anytime,1,active
D02339,Lakshmi Rajan,41,M,O-,Ukkadam,11.011694,76.979589,2025-01-24,7,9,2,44.6,anytime,1,active
D02340,Senthil Reddy,18,M,O+,RS Puram,10.992678,76.952738,2025-06-09,6,11,6,30.7,weekdays,1,active
D02341,Suresh Sharma,44,M,O-,Podanur,10.972074,76.960067,2025-11-15,2,5,2,51.4,weekdays,0,active
D02342,Ganesh Kumar,21,M,B+,Gandhipuram,10.996632,76.973974,2025-02-20,2,5,1,66.3,emergency_only,0,active
D02343,Divya Pillai,24,F,A+,Podanur,10.963923,76.992768,2024-12-04,5,9,1,54.8,anytime,0,active
D02344,Nithya Rajan,30,F,A+,Singanallur,10.998876,77.030998,2025-01-08,2,7,5,20.6,weekdays,0,active
D02345,Arun Balan,26,M,B+,Podanur,10.969275,76.937381,2025-07-26,6,6,2,39.6,anytime,1,active
D02346,Kavya Sharma,35,M,A-,Ukkadam,11.000339,76.941374,2024-09-23,4,8,2,64.3,emergency_only,1,active
D02347,Anitha Gowda,18,M,A+,Saibaba Colony,11.011523,76.974662,2026-08-15,3,3,2,47.3,weekdays,0,active
D02348,Deepa Reddy,27,F,A+,Saibaba Colony,11.007369,76.930228,2025-07-23,5,8,5,13.1,weekends,1,active
D02349,Deepa Gowda,34,M,A+,Vadavalli,11.00363,76.884392,2026-06-16,9,10,10,36.4,weekdays,0,active
D02350,Priya Menon,43,M,AB-,Podanur,10.957669,76.940614,2025-10-26,3,6,1,29.4,anytime,0,active
D02351,Anitha Raj,35,M,O+,Ukkadam,11.006155,76.971802,2025-08-27,2,7,5,66.7,anytime,1,active
D02352,Lakshmi Subramani,43,M,AB+,Peelamedu,11.001061,77.029437,2025-02-10,2,4,4,36.3,weekends,0,inactive
D02353,Deepa Chandran,25,M,O-,Coimbatore Central,11.004462,76.966099,2025-08-21,7,12,6,5.0,anytime,1,active
D02354,Senthil Krishnan,18,F,O+,Saibaba Colony,11.00597,76.958364,2025-05-24,3,4,2,27.8,weekends,0,active
D02355,Revathi Rajan,31,M,B+,Gandhipuram,10.990234,76.943804,2025-03-23,6,9,1,67.8,anytime,0,active
D02356,Swathi Subramani,40,M,A+,RS Puram,10.995709,76.952979,2025-06-13,4,6,4,50.5,emergency_only,0,active
D02357,Arun Sharma,29,F,O+,Coimbatore Central,11.013727,76.98566,2025-05-29,5,9,4,51.7,anytime,0,suspended
D02358,Arjun Menon,39,F,A+,Vadavalli,11.019204,76.909768,2025-06-07,3,8,5,48.9,anytime,0,active
D02359,Ramesh Subramani,20,F,O+,Singanallur,10.980386,77.007524,2026-08-21,9,9,4,5.5,weekdays,1,active
D02360,Pooja Pillai,52,M,O+,Coimbatore Central,11.005362,76.967684,2025-01-06,3,6,4,48.1,weekends,1,active
D02361,Naveen Kumar,28,F,O-,Podanur,10.978395,76.972571,2026-09-15,2,7,7,34.5,anytime,0,active
D02362,Senthil Balan,33,M,B+,Vadavalli,11.028829,76.929948,2026-04-11,3,8,7,37.3,anytime,1,active
D02363,Kavya Subramani,24,F,A+,Saibaba Colony,10.995137,76.975045,2025-02-05,7,10,4,43.8,weekdays,0,active
D02364,Deepa Nair,29,M,A-,Singanallur,11.025431,77.005114,2026-06-20,1,5,3,47.2,weekdays,0,active
D02365,Swathi Chandran,32,F,A+,Saibaba Colony,11.021702,76.968311,2024-10-03,3,7,5,16.2,anytime,1,active
D02366,Muthu Rajan,50,M,A+,Vadavalli,10.997707,76.920753,2024-12-22,7,8,4,42.7,emergency_only,1,active
D02367,Roja Gowda,38,F,A+,Podanur,10.980397,76.954249,2026-07-26,4,9,3,52.0,weekends,1,active
D02368,Dinesh Chandran,27,M,B+,RS Puram,10.989077,76.950414,2024-09-16,2,3,1,39.8,anytime,1,active
D02369,Ganesh Rajan,39,M,A-,Singanallur,10.979818,77.056728,2026-03-20,4,6,3,50.9,weekdays,1,active
D02370,Senthil Balan,18,F,B+,Singanallur,10.985933,77.007151,2025-09-25,3,3,2,76.3,weekends,0,active
D02371,Arjun Chandran,29,F,O-,Podanur,10.926282,76.955612,2025-08-29,10,14,10,20.0,weekends,1,active
D02372,Suresh Reddy,39,M,O+,Podanur,10.96598,76.959905,2025-02-20,8,11,10,38.1,weekdays,1,active
D02373,Dinesh Moorthy,23,F,A+,Peelamedu,11.005313,77.004032,2025-05-05,2,5,3,52.8,anytime,1,active
D02374,Divya Gowda,35,M,AB+,Ukkadam,11.008809,76.969097,2025-04-21,4,4,3,47.5,weekdays,1,active
D02375,Deepa Gowda,23,M,O+,Kalapatti,11.094185,77.04028,2026-07-10,4,7,7,24.3,anytime,1,active
D02376,Naveen Moorthy,27,M,O+,Podanur,10.981897,76.962962,2024-12-04,4,6,3,34.9,emergency_only,0,active
D02377,Prakash Moorthy,31,M,O+,Vadavalli,11.04575,76.884682,2025-09-18,2,2,2,28.3,weekdays,1,active
D02378,Swathi Moorthy,38,F,B+,Coimbatore Central,10.975581,76.936104,2026-05-27,3,6,4,5.0,weekends,1,active
D02379,Prakash Rajan,30,M,B+,RS Puram,11.007542,76.974249,2024-07-28,1,4,4,23.2,weekends,1,inactive
D02380,Ganesh Iyer,36,M,A+,Saibaba Colony,11.034641,76.947105,2024-11-08,5,6,1,87.7,anytime,0,active
D02381,Roja Kumar,24,Other,A+,Coimbatore Central,11.004332,76.941466,2024-10-16,2,2,1,39.2,emergency_only,1,active
D02382,Roja Moorthy,36,M,B+,Peelamedu,11.04678,76.998715,2025-04-18,2,5,4,36.5,anytime,1,active
D02383,Nithya Raj,36,F,B-,Saibaba Colony,11.039823,76.94654,2025-11-27,2,3,3,42.4,weekdays,1,active
D02384,Anitha Moorthy,30,M,AB+,Coimbatore Central,10.981812,76.941729,2025-10-26,5,5,1,59.4,anytime,0,active
D02385,Manoj Raj,47,F,B+,Singanallur,10.976865,77.053265,2026-05-23,7,11,4,41.6,weekdays,1,active
D02386,Arun Menon,27,F,O+,Gandhipuram,11.037323,76.940274,2026-02-09,2,2,2,38.1,emergency_only,1,active
D02387,Manoj Sharma,18,M,A-,Podanur,10.97299,76.957894,2024-12-07,3,8,6,43.6,weekends,1,active
D02388,Manoj Rajan,31,M,B+,Podanur,10.943104,76.976662,2025-04-30,9,10,3,39.8,anytime,0,active
D02389,Manoj Kumar,34,M,O+,Coimbatore Central,11.019178,76.957082,2025-11-17,2,3,2,45.1,weekdays,1,active
D02390,Arjun Moorthy,27,M,A+,Podanur,10.953285,76.947463,2026-04-14,2,5,5,22.7,anytime,0,active
D02391,Swathi Raj,39,F,B-,Singanallur,11.011965,77.015238,2025-09-30,10,15,10,29.5,anytime,0,active
D02392,Nithya Pillai,23,F,AB+,Saibaba Colony,11.027285,76.969927,2025-01-22,3,5,4,25.9,anytime,1,active
D02393,Muthu Gowda,28,F,O-,Kalapatti,11.046895,77.07285,2024-05-18,8,13,9,30.5,emergency_only,1,active
D02394,Vijay Sharma,26,M,A+,Gandhipuram,10.998464,76.982469,2024-07-11,3,3,1,20.1,emergency_only,0,active
D02395,Manoj Raj,29,M,O+,Peelamedu,11.020936,77.024371,2025-07-06,3,7,6,17.5,weekdays,1,active
D02396,Dinesh Moorthy,21,M,B-,Ukkadam,11.015485,76.950122,2025-05-07,7,10,5,25.9,weekends,0,active
D02397,Ganesh Kumar,36,F,O+,RS Puram,10.989762,76.942112,2024-10-27,6,11,7,35.9,anytime,1,active
D02398,Vijay Gowda,23,F,A+,Kalapatti,11.081901,77.072488,2025-03-24,4,7,1,78.9,anytime,0,active
D02399,Lakshmi Balan,38,M,O+,Saibaba Colony,11.014105,76.946268,2024-09-09,3,5,3,43.9,emergency_only,0,active
D02400,Revathi Reddy,18,M,O+,Singanallur,10.98039,77.055396,2026-07-27,5,6,4,46.1,weekends,1,inactive
D02401,Deepa Pillai,32,M,A+,RS Puram,11.005839,76.945894,2026-03-08,5,6,2,43.6,anytime,0,active
D02402,Senthil Kumar,40,F,O+,Coimbatore Central,11.003287,76.928302,2025-05-28,3,7,3,29.3,weekdays,1,active
D02403,Arjun Raj,41,F,A+,Singanallur,11.020694,77.044906,2024-07-15,2,7,3,30.9,anytime,1,active
D02404,Karthik Sharma,51,F,A-,Podanur,10.97958,76.954266,2024-06-17,8,10,1,58.4,anytime,1,inactive
D02405,Anitha Reddy,34,M,A-,Coimbatore Central,10.994604,76.964596,2026-03-16,4,5,2,40.3,anytime,1,inactive
D02406,Priya Pillai,35,M,O+,Ukkadam,10.98667,76.988603,2026-08-01,4,9,8,58.2,anytime,0,active
D02407,Anitha Nair,46,M,O+,Ukkadam,10.997266,76.938933,2025-04-15,4,6,1,84.4,anytime,0,suspended
D02408,Vikram Balan,39,F,A-,Singanallur,10.974188,77.025255,2026-04-22,7,7,4,38.2,anytime,1,active
D02409,Arun Rajan,18,F,A-,Singanallur,10.97157,77.000962,2025-11-10,6,8,6,62.1,weekends,1,active
D02410,Nithya Iyer,29,M,O-,Singanallur,11.008616,77.031522,2026-03-10,2,3,0,37.7,anytime,1,active
D02411,Ramesh Krishnan,42,M,O+,Ukkadam,10.965263,76.93356,2025-05-23,2,3,0,64.5,weekdays,0,active
D02412,Roja Balan,21,F,O+,RS Puram,10.995968,76.933035,2024-07-26,6,9,7,17.6,weekends,1,inactive
D02413,Karthik Raj,22,F,AB+,Vadavalli,11.016218,76.907927,2026-03-19,8,13,3,66.0,anytime,1,active
D02414,Arjun Chandran,45,M,O+,Saibaba Colony,11.000837,76.966919,2024-07-29,7,9,8,44.4,emergency_only,1,active
D02415,Manoj Gowda,42,F,A+,Vadavalli,11.025409,76.893514,2024-11-13,6,10,2,44.5,anytime,1,active
D02416,Priya Subramani,23,F,O-,Podanur,10.934319,76.964545,2025-04-27,5,10,2,67.7,anytime,1,active
D02417,Bhavani Chandran,39,F,AB+,Saibaba Colony,11.005631,76.962317,2024-12-28,4,4,1,48.7,weekends,0,active
D02418,Swathi Pillai,35,F,B+,Peelamedu,11.040337,76.997356,2025-11-13,5,9,2,45.7,weekdays,1,active
D02419,Bhavani Subramani,24,M,O+,Vadavalli,11.048613,76.908634,2025-12-17,3,6,6,5.7,weekdays,0,active
D02420,Anitha Rajan,35,F,B+,Peelamedu,11.058613,77.037051,2024-08-12,4,8,2,19.6,weekdays,1,active
D02421,Ganesh Chandran,32,M,O-,Podanur,10.965311,76.982992,2024-05-01,3,3,0,44.5,anytime,0,active
D02422,Sathish Nair,21,M,O+,Vadavalli,11.024481,76.934662,2026-06-20,2,5,3,43.6,emergency_only,1,active
D02423,Swathi Chandran,28,F,B-,Gandhipuram,11.009884,76.9543,2025-06-18,5,8,6,10.0,anytime,1,active
D02424,Sandhya Rajan,29,F,O+,Kalapatti,11.069133,77.014094,2024-11-23,3,3,3,71.7,emergency_only,0,active
D02425,Anitha Chandran,38,F,B+,Saibaba Colony,10.998913,76.951028,2025-07-28,5,5,5,25.1,weekends,1,active
D02426,Naveen Nair,43,F,B+,Podanur,10.944831,76.985799,2025-06-19,6,11,7,5.0,weekdays,0,inactive
D02427,Deepa Reddy,18,M,B-,Coimbatore Central,10.997477,76.955687,2024-12-14,3,7,7,18.2,emergency_only,0,active
D02428,Anitha Iyer,30,F,A+,RS Puram,10.978476,76.926539,2025-04-14,6,6,3,41.3,weekends,1,active
D02429,Anitha Iyer,26,M,O+,Peelamedu,11.057056,77.017877,2025-06-09,4,9,1,69.9,weekends,1,active
D02430,Dinesh Subramani,50,M,A-,Gandhipuram,11.042031,76.973059,2026-02-10,3,3,0,35.3,emergency_only,1,active
D02431,Sathish Rajan,43,M,O-,Kalapatti,11.097692,77.053419,2025-07-01,4,7,4,52.5,emergency_only,1,active
D02432,Vijay Rajan,30,M,O-,Singanallur,11.014841,77.00001,2024-12-12,6,8,3,53.9,anytime,1,active
D02433,Divya Chandran,41,F,O+,Vadavalli,11.045592,76.894931,2024-04-21,6,7,1,82.7,emergency_only,0,active
D02434,Deepa Sharma,32,F,B+,RS Puram,11.018891,76.942243,2026-01-21,4,6,4,41.9,weekends,1,inactive
D02435,Nithya Gowda,18,M,O-,Singanallur,10.982236,77.032698,2025-09-13,5,9,5,58.8,weekends,1,active
D02436,Pooja Chandran,36,M,A-,Ukkadam,10.97345,76.975317,2026-03-25,7,10,7,70.4,anytime,1,active
D02437,Nithya Iyer,32,M,A+,RS Puram,11.000384,76.95584,2025-01-07,1,2,1,48.6,anytime,1,active
D02438,Naveen Iyer,21,F,B+,Saibaba Colony,11.043652,76.917619,2026-04-04,4,8,4,48.5,anytime,0,active
D02439,Vijay Menon,29,M,A+,Kalapatti,11.082381,77.031683,2025-11-18,6,11,0,97.9,anytime,1,active
D02440,Sathish Raj,32,F,O+,Ukkadam,10.968936,76.967024,2025-02-03,4,4,4,72.1,anytime,1,active
D02441,Vijay Balan,20,M,B+,RS Puram,11.015954,76.964526,2025-11-01,4,4,0,70.9,weekends,0,active
D02442,Arjun Krishnan,33,F,A+,Singanallur,10.978488,77.043186,2024-06-12,3,8,4,60.6,weekdays,0,active
D02443,Naveen Reddy,33,M,B+,Gandhipuram,10.994159,76.98328,2025-12-25,4,9,6,29.3,weekends,1,active
D02444,Vijay Kumar,28,F,A-,Saibaba Colony,10.999822,76.920138,2026-04-13,3,5,3,114.4,anytime,1,inactive
D02445,Divya Iyer,36,F,A-,Singanallur,11.007051,77.005528,2026-03-08,7,11,8,20.0,weekdays,0,active
D02446,Naveen Gowda,49,F,O+,Coimbatore Central,10.975824,76.978653,2025-12-03,4,7,6,11.0,emergency_only,0,active
D02447,Meena Raj,38,F,O+,Singanallur,11.001274,77.028627,2025-01-13,3,6,4,66.2,weekdays,1,active
D02448,Kavya Reddy,34,F,A-,Gandhipuram,10.999235,76.99607,2025-09-17,6,10,4,39.0,weekends,0,active
D02449,Swathi Subramani,29,M,A+,Vadavalli,10.996511,76.908781,2025-03-11,9,13,4,29.2,weekdays,1,active
D02450,Pooja Moorthy,46,M,O+,Saibaba Colony,11.017673,76.955543,2024-07-12,6,6,2,59.0,weekdays,0,active
D02451,Naveen Pillai,20,Other,O+,Saibaba Colony,11.020104,76.963246,2024-09-20,3,5,5,19.4,weekends,1,active
D02452,Nithya Nair,30,M,O+,Ukkadam,10.960266,76.95739,2025-11-05,7,9,4,55.3,weekends,0,active
D02453,Anitha Pillai,33,F,O-,Podanur,10.938641,76.9553,,0,4,4,16.8,weekends,0,active
D02454,Swathi Gowda,37,M,B+,Peelamedu,11.01584,77.0414,2026-02-01,4,9,5,61.6,anytime,1,active
D02455,Naveen Raj,26,M,O+,Saibaba Colony,11.031682,76.931744,2025-06-26,2,5,4,38.3,emergency_only,1,active
D02456,Vijay Balan,40,M,O+,Vadavalli,11.008501,76.883123,2025-12-01,4,5,1,38.8,emergency_only,0,active
D02457,Arun Kumar,38,M,A-,Podanur,10.944566,76.940535,2026-03-19,2,6,2,34.8,weekends,0,active
D02458,Meena Subramani,19,M,A+,Ukkadam,10.988384,76.977558,2026-05-02,2,4,4,32.6,emergency_only,1,active
D02459,Divya Kumar,45,M,A+,Gandhipuram,10.997194,76.973671,2025-02-28,3,4,3,35.4,anytime,1,active
D02460,Arjun Balan,36,M,O+,Coimbatore Central,11.020449,76.927512,2025-03-21,2,3,1,39.6,anytime,1,active
D02461,Arun Subramani,32,M,A+,Podanur,10.9243,76.973145,2026-01-22,2,4,3,24.4,weekends,1,active
D02462,Suresh Pillai,32,F,A-,Gandhipuram,10.999156,76.970402,2024-07-13,4,4,2,19.9,anytime,1,active
D02463,Sathish Kumar,26,F,A-,Peelamedu,11.014624,77.041462,2025-06-04,3,7,5,50.1,anytime,1,active
D02464,Ramesh Iyer,45,F,O+,Podanur,10.937915,76.946123,2024-05-01,2,6,1,39.9,anytime,0,active
D02465,Lakshmi Sharma,40,M,O+,Kalapatti,11.094494,77.067317,2026-04-02,7,11,4,44.7,weekends,0,inactive
D02466,Roja Pillai,26,M,O-,RS Puram,11.000481,76.935498,2025-11-30,5,10,7,58.0,anytime,0,active
D02467,Sandhya Menon,24,M,O+,Gandhipuram,11.019386,76.937913,2024-09-14,2,4,1,75.1,anytime,0,active
D02468,Senthil Rajan,35,F,B+,Vadavalli,11.029853,76.89333,2025-12-27,6,9,5,37.4,emergency_only,1,active
D02469,Nithya Kumar,34,F,A-,Peelamedu,11.052315,77.034387,2025-05-28,7,7,3,89.1,weekdays,0,active
D02470,Lakshmi Krishnan,30,F,O+,Vadavalli,11.041062,76.939177,2025-12-06,8,10,10,29.8,weekdays,0,active
D02471,Roja Sharma,28,F,AB+,Ukkadam,10.995238,76.962774,2024-10-29,7,8,7,30.4,anytime,1,inactive
D02472,Suresh Sharma,38,F,O-,Ukkadam,10.977125,76.96296,2025-05-07,3,8,7,69.7,anytime,1,active
D02473,Suresh Sharma,46,M,O+,Gandhipuram,11.029768,76.982419,2026-02-20,4,7,5,33.6,emergency_only,1,inactive
D02474,Dinesh Nair,48,M,O+,Coimbatore Central,10.978334,76.944566,2026-03-05,3,3,3,42.1,anytime,0,active
D02475,Dinesh Nair,24,M,O-,Ukkadam,10.969983,76.951494,2026-04-10,3,4,2,62.4,anytime,1,active
D02476,Geetha Nair,30,Other,A+,Ukkadam,11.012318,76.955616,2024-07-30,6,7,1,46.2,weekdays,0,active
D02477,Pooja Pillai,30,F,A+,Gandhipuram,11.041614,76.970892,2026-04-30,4,5,3,77.5,weekdays,0,active
D02478,Muthu Rajan,36,M,O+,Podanur,10.949454,76.947987,2026-06-09,1,5,1,55.3,weekends,1,active
D02479,Pooja Reddy,27,M,O+,RS Puram,11.00757,76.922695,2025-04-16,1,4,2,43.0,anytime,0,active
D02480,Roja Krishnan,51,F,B+,Podanur,10.940672,76.975943,2024-07-19,3,6,3,65.8,anytime,0,active
D02481,Nithya Pillai,34,F,O+,Kalapatti,11.092202,77.065672,2026-02-22,7,10,5,93.4,anytime,1,suspended
D02482,Kavya Moorthy,18,F,AB+,Podanur,10.961127,76.99657,2026-06-26,3,5,0,36.7,emergency_only,0,active
D02483,Dinesh Menon,27,F,AB+,Coimbatore Central,10.999335,76.967877,2025-01-01,8,13,8,48.6,emergency_only,1,active
D02484,Anitha Krishnan,27,M,A-,Singanallur,10.971498,77.035913,2026-06-11,4,4,4,49.6,weekends,1,active
D02485,Geetha Moorthy,40,M,O+,Saibaba Colony,11.025724,76.938862,2024-08-17,5,5,1,56.8,anytime,1,active
D02486,Bhavani Raj,32,F,O+,Gandhipuram,11.044522,76.99359,2024-09-23,1,3,0,64.5,weekends,1,active
D02487,Prakash Sharma,32,M,O+,Kalapatti,11.081752,77.056461,2026-01-16,1,4,2,39.0,weekdays,1,inactive
D02488,Manoj Kumar,29,F,O-,Vadavalli,11.012141,76.89573,2025-03-30,2,2,0,37.3,weekends,1,inactive
D02489,Muthu Pillai,38,M,A+,Ukkadam,10.992218,76.961417,2025-10-21,5,8,5,44.1,weekdays,0,active
D02490,Arun Menon,30,M,B-,RS Puram,11.006196,76.929741,2025-03-09,5,7,2,49.0,weekdays,1,active
D02491,Sathish Nair,19,M,B+,Peelamedu,11.015349,77.010964,,0,0,0,39.4,anytime,1,inactive
D02492,Pooja Rajan,18,M,O+,Podanur,10.965311,76.944226,2026-09-16,4,5,2,51.7,weekdays,0,active
D02493,Ganesh Kumar,30,F,O+,RS Puram,10.979807,76.944765,2024-07-18,4,4,1,55.2,anytime,0,active
D02494,Vijay Nair,25,F,A+,Gandhipuram,10.988527,76.981451,2025-12-22,3,3,2,83.5,weekdays,0,active
D02495,Nithya Moorthy,32,F,A+,Peelamedu,11.011099,77.006869,2026-05-30,1,1,0,32.0,weekends,1,active
D02496,Revathi Pillai,29,M,O+,Podanur,10.938728,76.961426,2024-07-09,3,7,5,67.7,anytime,0,active
D02497,Divya Kumar,18,M,O+,Coimbatore Central,10.989117,76.956523,2024-05-07,1,6,2,19.0,anytime,1,active
D02498,Bhavani Sharma,38,M,O+,Saibaba Colony,11.002952,76.954663,2025-12-13,1,6,3,77.6,weekdays,0,active
D02499,Suresh Krishnan,24,M,O+,Kalapatti,11.049057,77.046762,2024-10-17,4,6,2,35.1,emergency_only,1,active
D02500,Suresh Iyer,28,M,O+,RS Puram,10.986091,76.968162,,0,0,0,53.8,weekdays,1,active
D02501,Deepa Reddy,38,F,A+,Coimbatore Central,11.011933,76.941509,2026-06-22,1,1,1,62.7,anytime,1,active
D02502,Deepa Gowda,33,M,B+,Saibaba Colony,11.023141,76.930943,2024-06-21,3,4,1,23.9,anytime,0,active
D02503,Anitha Gowda,31,M,O-,Saibaba Colony,11.039591,76.940996,2026-03-27,3,5,2,37.1,emergency_only,1,active
D02504,Roja Sharma,34,M,A+,Coimbatore Central,10.996749,76.968148,2026-04-11,6,6,2,34.3,weekends,1,active
D02505,Meena Moorthy,31,M,B+,Saibaba Colony,11.04388,76.934849,2024-07-29,4,4,0,30.5,anytime,1,active
D02506,Roja Rajan,31,F,O+,Ukkadam,10.992494,76.965557,2026-06-28,5,5,4,43.3,weekdays,1,active
D02507,Lakshmi Kumar,36,M,A+,RS Puram,10.985544,76.971769,2024-11-17,4,6,2,63.8,anytime,0,active
D02508,Karthik Reddy,36,F,B-,Singanallur,11.01578,77.037031,2026-02-10,2,3,2,81.0,anytime,0,inactive
D02509,Meena Moorthy,22,F,O+,Kalapatti,11.08006,77.022131,2024-07-22,4,8,0,40.6,anytime,1,active
D02510,Deepa Balan,24,F,O+,Saibaba Colony,11.037329,76.96205,2026-05-27,5,10,3,53.4,weekdays,1,active
D02511,Karthik Kumar,20,F,A+,Singanallur,10.973413,77.025871,2025-03-08,1,4,3,33.5,anytime,0,active
D02512,Roja Balan,29,M,B+,Vadavalli,11.039405,76.905092,2024-06-04,2,7,2,79.1,weekdays,0,inactive
D02513,Naveen Balan,37,F,O+,Podanur,10.974574,76.955453,2024-11-27,5,9,4,57.4,weekends,1,active
D02514,Sandhya Subramani,33,F,O-,Podanur,10.963224,76.977032,2024-05-31,6,7,2,42.7,weekends,1,active
D02515,Anitha Krishnan,18,M,A+,Peelamedu,11.029665,77.040444,2025-11-12,3,8,5,41.1,weekends,1,active
D02516,Vikram Balan,25,F,A+,Kalapatti,11.042874,77.045038,2026-04-22,6,10,2,40.0,weekends,1,active
D02517,Ramesh Balan,18,M,AB+,RS Puram,11.023384,76.980446,2025-09-20,2,6,3,63.7,weekends,1,inactive
D02518,Suresh Iyer,37,M,A+,Kalapatti,11.094597,77.038141,2024-10-04,5,8,3,16.9,weekdays,0,active
D02519,Arjun Iyer,30,M,O+,Ukkadam,10.960779,76.972004,2025-08-12,2,7,4,35.9,weekends,1,inactive
D02520,Bhavani Moorthy,28,M,O-,Kalapatti,11.052395,77.062306,2026-04-05,4,7,4,25.4,emergency_only,0,active
D02521,Arun Reddy,30,M,O+,Peelamedu,11.039652,77.055217,2024-05-09,2,5,3,40.4,anytime,0,active
D02522,Anitha Moorthy,22,F,O+,Podanur,10.980549,76.992047,2024-05-24,3,5,3,36.5,emergency_only,1,active
D02523,Prakash Kumar,29,M,AB+,Peelamedu,11.058352,77.049451,2025-03-11,6,9,3,44.4,weekdays,1,active
D02524,Swathi Iyer,40,M,O+,Saibaba Colony,11.02448,76.960182,2026-06-25,4,9,3,48.9,anytime,1,active
D02525,Kavya Chandran,39,M,O+,Saibaba Colony,11.041421,76.921729,2026-05-04,3,3,2,14.8,emergency_only,1,active
D02526,Divya Pillai,54,M,A+,Singanallur,10.977788,77.020109,2026-03-11,2,6,4,51.1,weekends,1,active
D02527,Revathi Pillai,38,F,B-,Vadavalli,11.013095,76.929335,2024-05-04,3,5,3,17.0,anytime,1,active
D02528,Prakash Iyer,35,M,O+,Vadavalli,11.030429,76.921032,2026-07-24,8,11,6,22.8,weekdays,1,active
D02529,Anitha Pillai,24,F,O-,Saibaba Colony,11.003686,76.918945,2025-09-21,2,4,2,47.7,weekdays,1,inactive
D02530,Prakash Raj,28,M,A+,Vadavalli,11.047507,76.894924,2026-07-22,4,8,2,50.5,emergency_only,0,active
D02531,Prakash Nair,27,M,B+,Podanur,10.940248,76.981031,2024-08-21,4,7,6,26.6,anytime,1,active
D02532,Senthil Reddy,29,F,O-,Kalapatti,11.063108,77.069972,2026-07-12,8,8,8,32.0,emergency_only,0,active
D02533,Divya Gowda,31,F,A-,RS Puram,11.006563,76.940403,2026-06-16,3,5,2,37.8,anytime,1,active
D02534,Ganesh Menon,47,M,A-,Singanallur,10.995598,77.018499,2025-01-04,7,7,4,62.8,anytime,1,active
D02535,Sandhya Balan,30,F,O+,Coimbatore Central,10.975701,76.960234,2026-04-18,7,7,5,25.7,anytime,1,inactive
D02536,Bhavani Menon,32,M,A-,Kalapatti,11.039914,77.015186,2026-04-14,3,5,2,40.2,emergency_only,1,active
D02537,Bhavani Raj,36,F,O+,Singanallur,11.016598,77.046204,2025-11-19,2,3,3,41.9,weekends,0,active
D02538,Arjun Reddy,35,F,O+,Podanur,10.941238,76.973302,2024-12-27,4,6,2,82.3,weekdays,1,active
D02539,Swathi Menon,22,M,A+,Kalapatti,11.078666,77.0143,2024-07-16,5,6,3,53.5,weekdays,1,active
D02540,Meena Reddy,25,F,O+,Vadavalli,11.052336,76.921902,2026-06-02,4,8,3,55.2,anytime,1,active
D02541,Ganesh Kumar,26,F,O+,Singanallur,10.996878,77.049626,2024-04-28,5,5,2,49.9,anytime,1,active
D02542,Vijay Iyer,31,M,A+,Coimbatore Central,11.008294,76.97273,2025-10-09,6,10,7,39.2,anytime,1,active
D02543,Sathish Menon,25,F,O+,Singanallur,10.981135,77.045341,2024-11-24,1,5,2,16.7,anytime,1,active
D02544,Lakshmi Moorthy,33,F,O+,Podanur,10.968876,76.950953,2024-08-31,2,6,4,75.9,weekdays,1,active
D02545,Vikram Reddy,33,F,O+,Peelamedu,11.054714,77.041136,2025-10-04,2,2,1,35.3,weekends,1,active
D02546,Nithya Iyer,22,F,O+,Coimbatore Central,10.997916,76.927681,2025-06-17,3,5,0,70.0,anytime,1,active
D02547,Vikram Gowda,45,M,A+,Coimbatore Central,10.998602,76.945807,2024-06-14,6,11,6,38.9,emergency_only,1,active
D02548,Dinesh Subramani,37,M,A+,Ukkadam,11.00364,76.93757,2025-11-17,4,7,7,5.0,emergency_only,1,active
D02549,Deepa Balan,35,F,O+,RS Puram,10.992472,76.951242,2025-01-07,3,3,3,54.7,weekdays,1,active
D02550,Kavya Kumar,35,F,B+,Peelamedu,11.057254,77.010501,2025-06-15,5,5,3,50.4,weekends,1,active
D02551,Revathi Pillai,42,M,A+,Coimbatore Central,11.014259,76.972728,2026-08-22,5,10,7,59.8,weekdays,1,active
D02552,Arun Raj,24,M,O+,Podanur,10.970461,76.953499,2025-10-30,5,9,2,27.7,weekends,1,active
D02553,Arjun Kumar,25,F,B+,Ukkadam,10.986974,76.964923,2026-03-10,4,5,1,61.5,anytime,1,active
D02554,Arun Gowda,30,F,A+,RS Puram,11.023551,76.972394,2025-12-14,4,9,2,68.5,emergency_only,1,active
D02555,Vikram Pillai,32,M,AB+,Podanur,10.960639,76.96151,2025-05-23,2,6,1,20.1,anytime,0,active
D02556,Sandhya Menon,28,F,O+,Kalapatti,11.041608,77.044314,2024-05-22,5,9,3,5.0,anytime,1,active
D02557,Vijay Rajan,29,M,B+,Kalapatti,11.096225,77.055881,2025-01-18,7,7,6,45.9,anytime,0,active
D02558,Geetha Iyer,27,M,O+,Saibaba Colony,11.028956,76.924787,2026-01-02,1,3,1,52.2,emergency_only,1,active
D02559,Vijay Gowda,25,F,O+,Kalapatti,11.064139,77.056569,2024-08-27,3,6,2,32.3,anytime,1,inactive
D02560,Karthik Rajan,41,M,A+,Gandhipuram,11.032819,76.971344,2025-01-19,5,5,5,58.3,anytime,1,active
D02561,Suresh Subramani,25,F,B+,Peelamedu,11.001487,77.04201,2024-06-03,8,13,9,51.7,anytime,1,active
D02562,Sandhya Krishnan,35,Other,B+,Saibaba Colony,11.004852,76.954093,2025-03-24,5,7,5,46.4,anytime,1,suspended
D02563,Priya Nair,51,M,A+,Peelamedu,11.015487,77.016226,2025-05-09,8,13,3,45.3,weekdays,1,active
D02564,Meena Subramani,23,M,O+,Coimbatore Central,11.015961,76.966305,2025-03-25,3,4,2,29.5,weekends,0,active
D02565,Dinesh Gowda,24,M,O-,Coimbatore Central,11.022235,76.950369,2024-04-26,5,9,8,50.2,anytime,1,active
D02566,Ramesh Iyer,33,M,O+,Singanallur,10.993547,77.027407,2026-08-10,1,5,2,51.3,anytime,0,active
D02567,Priya Iyer,35,M,A+,Gandhipuram,11.039735,76.95705,2025-02-23,3,6,4,55.1,weekends,0,active
D02568,Sandhya Reddy,22,M,O+,RS Puram,11.010256,76.931971,2025-12-11,3,5,3,32.1,weekends,1,active
D02569,Muthu Iyer,22,F,B+,Ukkadam,10.989607,76.934976,2025-10-09,4,8,4,44.7,anytime,1,active
D02570,Dinesh Balan,38,M,O+,Peelamedu,11.018848,77.001474,2025-02-13,6,9,5,29.2,weekdays,1,active
D02571,Suresh Kumar,30,M,A+,Podanur,10.938411,76.944093,2024-08-14,3,7,6,14.6,emergency_only,1,inactive
D02572,Priya Iyer,25,F,O-,Singanallur,10.984549,77.057208,2025-01-21,2,3,2,52.3,weekdays,1,active
D02573,Sandhya Krishnan,27,M,O+,RS Puram,11.007441,76.957808,2024-07-11,5,10,4,35.9,anytime,1,active
D02574,Roja Sharma,34,M,A-,Peelamedu,11.001872,77.035331,2025-04-14,4,4,4,22.0,anytime,0,active
D02575,Revathi Menon,36,M,A-,Podanur,10.939911,76.99038,2026-04-20,2,6,3,27.2,emergency_only,1,active
D02576,Dinesh Nair,18,F,O-,RS Puram,10.997494,76.943319,2025-11-02,6,11,7,46.8,emergency_only,1,inactive
D02577,Pooja Iyer,18,M,A+,Vadavalli,10.992475,76.942815,2026-03-29,4,5,2,32.2,weekends,1,inactive
D02578,Arjun Kumar,18,F,O+,Gandhipuram,10.988758,76.957206,2025-07-26,3,4,3,66.9,weekends,0,inactive
D02579,Bhavani Chandran,18,M,O+,Podanur,10.981925,76.971592,2026-08-05,4,4,2,67.4,emergency_only,1,active
D02580,Priya Chandran,35,M,A-,Kalapatti,11.056219,77.036641,2024-07-01,4,4,1,89.3,weekdays,0,active
D02581,Karthik Raj,20,F,A+,Ukkadam,10.964064,76.972458,2025-01-31,3,4,4,74.6,weekdays,1,active
D02582,Dinesh Reddy,47,F,A+,Podanur,10.958586,76.958078,2026-01-28,3,8,1,47.6,anytime,1,active
D02583,Priya Gowda,38,M,O+,Gandhipuram,10.994299,76.975625,2025-06-12,6,10,5,64.0,anytime,1,active
D02584,Prakash Rajan,25,F,O+,Vadavalli,11.031392,76.891763,2026-03-19,6,11,6,77.7,weekdays,0,inactive
D02585,Meena Rajan,26,F,O+,Peelamedu,11.023233,76.99984,2024-06-10,6,7,6,5.8,weekends,1,inactive
D02586,Divya Reddy,35,F,A+,Gandhipuram,10.991257,76.985674,2025-12-22,3,3,2,58.2,weekdays,0,active
D02587,Suresh Krishnan,33,F,AB+,RS Puram,11.026481,76.94492,2026-07-12,8,9,3,76.4,weekdays,1,active
D02588,Swathi Balan,31,F,O+,Podanur,10.930908,76.992564,2026-07-11,2,6,1,48.3,emergency_only,1,active
D02589,Divya Moorthy,28,M,O+,Singanallur,10.971572,77.05709,2025-01-03,3,4,0,65.3,weekdays,0,inactive
D02590,Priya Raj,29,M,A+,Saibaba Colony,11.021291,76.945471,2025-07-11,4,7,4,51.2,weekdays,0,active
D02591,Bhavani Balan,34,M,A-,Ukkadam,11.009215,76.962224,2025-01-06,3,7,0,66.2,emergency_only,1,active
D02592,Ramesh Balan,30,F,B+,Coimbatore Central,11.018842,76.971167,2025-10-14,8,13,8,45.9,emergency_only,1,inactive
D02593,Senthil Reddy,27,M,B+,Saibaba Colony,10.998045,76.918215,2024-08-29,3,5,4,20.0,anytime,1,active
D02594,Suresh Subramani,41,M,A+,Peelamedu,11.013677,77.009887,2025-04-28,5,8,6,5.0,anytime,1,active
D02595,Kavya Iyer,24,F,A+,Saibaba Colony,11.026837,76.93796,2024-10-27,3,3,1,32.3,anytime,0,active
D02596,Divya Raj,44,M,AB+,Peelamedu,11.038956,77.015926,2024-11-03,2,7,4,60.5,anytime,1,active
D02597,Nithya Gowda,27,F,A+,Vadavalli,11.02167,76.892541,2024-11-18,1,2,0,5.0,anytime,0,active
D02598,Arjun Gowda,31,M,B+,Coimbatore Central,10.993649,76.960908,2026-08-13,6,10,5,29.6,weekends,0,active
D02599,Roja Raj,38,M,A+,Singanallur,10.987539,77.047231,2026-01-26,7,8,5,64.8,emergency_only,1,active
D02600,Vijay Menon,18,M,O-,Podanur,10.961717,76.93807,2024-07-30,1,2,2,33.7,weekdays,1,inactive
D02601,Meena Iyer,20,M,O+,RS Puram,11.004963,76.965951,,0,1,0,57.9,anytime,1,inactive
D02602,Sandhya Gowda,18,M,O+,Saibaba Colony,11.020332,76.944961,2024-09-14,4,8,2,70.1,anytime,0,inactive
D02603,Geetha Reddy,18,F,AB+,Singanallur,11.011496,77.018728,2024-10-15,4,4,3,58.0,weekdays,1,active
D02604,Prakash Krishnan,54,F,B+,RS Puram,10.998754,76.946617,2024-10-04,4,5,4,26.9,anytime,1,active
D02605,Arun Subramani,34,F,O-,Saibaba Colony,11.019603,76.928375,2026-09-18,5,6,6,54.8,weekdays,1,active
D02606,Deepa Moorthy,38,F,A+,Coimbatore Central,11.017321,76.961705,,0,1,1,77.5,emergency_only,0,active
D02607,Divya Balan,35,M,O+,Gandhipuram,11.026111,76.961853,2024-11-18,4,5,3,9.7,anytime,1,active
D02608,Arjun Reddy,29,F,O-,Peelamedu,11.009932,77.046564,2025-12-11,3,7,3,15.1,weekdays,1,suspended
D02609,Divya Gowda,27,M,A+,Peelamedu,11.055341,77.023938,2025-08-31,6,11,6,60.0,anytime,0,active
D02610,Geetha Chandran,21,F,O+,RS Puram,10.990937,76.968222,2024-07-27,2,5,5,48.1,emergency_only,1,active
D02611,Anitha Raj,18,M,A-,RS Puram,10.982268,76.960958,2025-06-07,2,2,2,32.2,weekends,1,inactive
D02612,Manoj Gowda,18,F,O+,Ukkadam,10.981621,76.949351,2026-03-18,3,4,3,26.0,anytime,1,active
D02613,Ganesh Sharma,47,M,A+,Vadavalli,11.048036,76.889075,2026-03-26,2,6,2,20.3,anytime,0,active
D02614,Vikram Rajan,48,F,A+,Kalapatti,11.084974,77.040997,2024-05-26,4,8,4,23.0,weekends,1,active
D02615,Geetha Balan,24,F,A+,Kalapatti,11.096863,77.060811,2025-11-16,6,7,2,45.8,anytime,0,active
D02616,Ramesh Reddy,38,M,O+,Kalapatti,11.08044,77.021086,2024-07-21,2,3,0,74.8,emergency_only,1,inactive
D02617,Muthu Nair,19,M,A+,Saibaba Colony,10.991035,76.931696,2026-08-24,7,12,11,13.8,weekdays,1,active
D02618,Geetha Subramani,19,M,O+,Podanur,10.964297,76.994874,2026-04-03,6,8,2,27.8,anytime,1,active
D02619,Bhavani Menon,30,F,A+,Singanallur,11.004822,77.023363,2026-02-28,5,9,4,65.3,emergency_only,1,active
D02620,Sathish Krishnan,25,M,A-,Vadavalli,11.052325,76.94079,2024-04-19,2,5,0,45.8,weekdays,0,active
D02621,Vijay Pillai,42,M,A-,Gandhipuram,11.0175,76.977374,2026-02-18,2,3,1,59.2,anytime,1,active
D02622,Swathi Kumar,33,F,O-,Peelamedu,11.058025,77.046029,,0,1,0,78.0,weekends,0,active
D02623,Ramesh Balan,19,F,B+,Vadavalli,11.045358,76.891837,2026-08-28,3,8,3,34.8,weekdays,0,active
D02624,Kavya Gowda,36,M,O+,Gandhipuram,11.034899,76.957318,2025-01-28,1,5,3,43.3,anytime,1,active
D02625,Bhavani Chandran,46,M,O+,Podanur,10.969735,76.968866,2026-08-21,7,11,6,84.3,emergency_only,0,active
D02626,Manoj Raj,26,F,O+,RS Puram,11.024843,76.946515,2024-11-26,5,8,5,53.8,weekends,1,inactive
D02627,Ramesh Iyer,37,F,AB+,RS Puram,11.016708,76.969179,2025-10-01,8,11,0,60.1,weekends,1,active
D02628,Sathish Kumar,34,F,B+,Saibaba Colony,11.029944,76.970947,2024-06-20,4,8,2,29.5,anytime,1,active
D02629,Geetha Menon,33,F,O+,Kalapatti,11.050611,77.029225,2024-07-05,4,7,1,59.1,emergency_only,1,active
D02630,Dinesh Subramani,36,M,O-,Ukkadam,10.980367,76.935228,2024-09-09,8,8,6,78.3,emergency_only,0,active
D02631,Pooja Nair,18,M,B-,Podanur,10.956703,76.985616,2025-10-02,4,8,1,74.8,weekends,1,inactive
D02632,Kavya Chandran,31,M,O+,Vadavalli,11.044833,76.886781,2025-10-18,4,8,8,74.1,weekends,1,inactive
D02633,Arjun Pillai,35,M,O+,Kalapatti,11.071374,77.071216,2025-04-13,2,4,3,50.6,weekdays,1,inactive
D02634,Manoj Iyer,38,M,O+,Kalapatti,11.080145,77.031344,2026-04-24,2,2,2,6.3,anytime,1,active
D02635,Ramesh Moorthy,41,F,O+,Peelamedu,11.045112,77.038478,2026-01-11,6,7,7,38.4,weekends,0,active
D02636,Deepa Kumar,22,M,O-,Coimbatore Central,10.992672,76.954023,2026-03-06,7,10,2,47.2,weekdays,1,active
D02637,Ganesh Chandran,37,M,O-,Podanur,10.946776,76.96551,2024-07-27,5,8,6,15.6,weekdays,0,active
D02638,Divya Krishnan,28,F,O+,RS Puram,11.021258,76.947664,2024-07-04,4,8,8,15.1,anytime,1,active
D02639,Sathish Reddy,39,M,O+,Vadavalli,11.037708,76.906861,2025-11-05,4,9,2,40.0,anytime,1,active
D02640,Sandhya Pillai,33,M,O+,Peelamedu,11.042396,77.020798,2025-05-22,3,5,2,80.8,anytime,1,active
D02641,Geetha Sharma,31,M,A+,Ukkadam,11.00988,76.97611,2024-08-11,3,4,3,58.0,weekends,1,active
D02642,Prakash Kumar,30,M,O+,Coimbatore Central,11.008479,76.980336,2026-05-19,1,2,2,25.2,weekends,0,active
D02643,Arun Balan,18,M,A+,Peelamedu,11.045431,77.017729,2026-08-24,2,4,1,16.8,weekends,1,active
D02644,Ganesh Kumar,34,M,O+,Vadavalli,11.050175,76.936748,2025-02-17,5,10,0,73.5,emergency_only,1,active
D02645,Karthik Reddy,44,F,O+,Ukkadam,11.012236,76.984493,2024-07-23,2,2,1,63.9,emergency_only,1,active
D02646,Meena Balan,40,M,A-,Podanur,10.976152,76.986404,2025-06-24,5,6,2,64.6,weekends,0,active
D02647,Kavya Gowda,28,F,O-,Singanallur,11.016557,77.020547,2025-05-06,1,4,1,34.0,weekdays,1,inactive
D02648,Arun Kumar,40,M,A-,Coimbatore Central,10.988525,76.973187,2025-04-13,9,11,10,45.5,weekends,1,inactive
D02649,Pooja Raj,24,M,A+,Vadavalli,11.005967,76.916658,2024-11-18,5,10,7,46.2,anytime,1,inactive
D02650,Divya Raj,30,M,A+,Podanur,10.932826,76.940042,2025-07-14,8,11,4,56.4,weekdays,1,active
D02651,Ramesh Sharma,33,M,O-,Ukkadam,11.003041,76.94673,2024-05-18,4,7,1,5.0,weekends,1,inactive
D02652,Prakash Sharma,21,F,O+,Podanur,10.933972,76.988994,2026-09-11,3,7,7,40.0,emergency_only,0,active
D02653,Lakshmi Moorthy,24,M,AB+,Ukkadam,11.017182,76.949058,2026-08-09,5,6,1,18.7,anytime,1,inactive
D02654,Ramesh Balan,31,F,A+,RS Puram,11.034981,76.926879,2025-07-04,4,8,4,12.6,emergency_only,0,inactive
D02655,Dinesh Iyer,43,M,B+,Podanur,10.975069,76.970511,2026-04-22,3,7,4,45.2,anytime,0,suspended
D02656,Ramesh Iyer,33,F,O+,Podanur,10.931056,76.951551,2025-07-02,5,10,9,49.2,anytime,1,active
D02657,Suresh Balan,45,F,A+,Vadavalli,11.008333,76.93643,2026-09-10,1,2,0,32.4,anytime,1,active
D02658,Lakshmi Chandran,37,M,O+,Coimbatore Central,11.009839,76.974017,2026-05-16,2,4,4,29.0,weekdays,1,active
D02659,Meena Sharma,31,M,A+,Podanur,10.944836,76.944755,2025-07-24,5,7,4,9.5,weekends,1,inactive
D02660,Vijay Pillai,36,M,A+,Coimbatore Central,11.004236,76.960487,2025-05-05,4,6,3,38.1,weekdays,0,active
D02661,Karthik Gowda,19,M,O+,Saibaba Colony,11.008999,76.917964,2024-12-09,2,2,2,26.9,anytime,1,active
D02662,Divya Reddy,32,M,O+,Kalapatti,11.097683,77.015442,,0,2,1,39.1,emergency_only,1,active
D02663,Vikram Balan,40,F,AB+,Ukkadam,10.983517,76.938527,2025-09-04,3,5,3,32.6,weekdays,1,active
D02664,Revathi Krishnan,30,M,A+,Kalapatti,11.050831,77.05899,2026-01-13,4,9,5,28.3,anytime,1,active
D02665,Swathi Iyer,33,M,B+,Singanallur,11.021105,77.042269,2024-09-16,2,3,2,40.7,anytime,0,active
D02666,Pooja Reddy,37,M,O+,Saibaba Colony,11.026513,76.960423,2026-06-25,6,8,4,29.8,anytime,0,active
D02667,Senthil Reddy,35,M,O+,Gandhipuram,10.992581,76.963051,2024-06-16,9,13,8,38.0,anytime,0,active
D02668,Ramesh Moorthy,35,F,O-,Vadavalli,11.005773,76.883737,2025-01-10,5,10,8,5.0,emergency_only,1,active
D02669,Suresh Sharma,43,M,AB-,Peelamedu,11.055433,77.030917,2026-03-13,5,10,4,58.1,weekends,0,active
D02670,Roja Menon,52,M,O+,Kalapatti,11.078367,77.069244,2025-02-24,4,8,1,39.6,weekdays,0,active
D02671,Vikram Krishnan,34,M,O-,Coimbatore Central,11.029292,76.947213,2026-07-16,2,3,0,66.9,weekends,1,active
D02672,Divya Reddy,28,F,AB+,RS Puram,11.011963,76.958865,2024-11-18,6,10,2,51.0,weekdays,0,active
D02673,Nithya Menon,43,M,O+,Saibaba Colony,11.008052,76.934101,2026-08-11,7,12,12,14.9,anytime,1,active
D02674,Deepa Balan,37,M,O+,Coimbatore Central,11.011892,76.96333,2024-04-19,3,4,2,49.9,anytime,1,active
D02675,Bhavani Krishnan,37,M,A+,Podanur,10.967006,76.994374,2026-05-18,3,4,0,82.8,anytime,1,active
D02676,Roja Menon,41,M,AB+,Vadavalli,11.007464,76.935983,2024-04-30,6,8,6,48.1,weekends,1,active
D02677,Swathi Moorthy,28,M,O+,Ukkadam,10.987834,76.967989,2025-08-18,3,4,1,85.5,anytime,1,inactive
D02678,Suresh Menon,45,F,A+,Vadavalli,11.036078,76.930479,2025-02-09,3,5,1,75.0,weekends,0,active
D02679,Nithya Sharma,32,F,B-,Gandhipuram,10.992408,76.980289,2025-05-11,4,9,4,47.7,emergency_only,1,active
D02680,Ramesh Iyer,29,M,O+,Kalapatti,11.062492,77.046721,2025-10-28,3,8,4,38.0,anytime,1,inactive
D02681,Anitha Chandran,29,F,B+,Gandhipuram,11.032997,76.941732,2026-07-29,5,5,4,46.8,weekdays,0,active
D02682,Priya Chandran,31,M,A+,Singanallur,10.985963,76.999273,2024-04-22,3,6,1,21.3,anytime,1,active
D02683,Naveen Reddy,30,M,A+,Kalapatti,11.066024,77.057941,2025-01-10,6,9,7,39.0,emergency_only,1,active
D02684,Swathi Krishnan,32,F,A+,Gandhipuram,11.022545,76.97887,2025-09-09,6,8,3,36.5,anytime,0,active
D02685,Nithya Menon,27,M,A-,Podanur,10.968199,76.953327,,0,2,1,39.6,emergency_only,1,active
D02686,Meena Iyer,21,F,O+,Singanallur,11.003218,77.013851,2024-05-18,8,13,8,35.1,weekdays,1,active
D02687,Sandhya Nair,31,F,B+,Vadavalli,10.993612,76.928251,2024-08-06,6,6,5,130.7,anytime,1,active
D02688,Vijay Pillai,34,M,A+,Gandhipuram,11.037962,76.942237,2024-08-01,4,8,4,65.8,anytime,0,inactive
D02689,Manoj Gowda,32,M,A+,Singanallur,11.019304,77.045863,2024-05-01,3,4,2,28.1,anytime,1,inactive
D02690,Sandhya Moorthy,43,F,A-,Vadavalli,11.008084,76.914259,2026-09-16,4,6,4,60.2,anytime,0,active
D02691,Arjun Raj,48,F,O+,Gandhipuram,10.995076,76.984861,2025-04-24,4,8,2,37.7,weekends,1,active
D02692,Senthil Kumar,44,F,O+,Peelamedu,11.046448,77.038897,2025-06-22,1,5,3,40.2,weekends,1,active
D02693,Vijay Raj,32,M,O+,Singanallur,11.000744,77.035074,2026-04-16,5,9,8,42.4,weekdays,1,active
D02694,Pooja Menon,52,Other,O+,Podanur,10.96365,76.952442,2024-06-26,4,4,1,54.7,anytime,1,suspended
D02695,Manoj Pillai,41,M,A+,Podanur,10.957694,76.980447,2024-09-12,2,7,1,32.2,weekdays,0,active
D02696,Bhavani Nair,32,M,A-,Saibaba Colony,11.01611,76.971896,2024-06-15,2,5,3,29.0,anytime,1,inactive
D02697,Kavya Nair,31,F,A-,Kalapatti,11.080035,77.045379,2026-04-20,6,10,8,8.9,weekends,1,active
D02698,Roja Iyer,40,M,O+,Peelamedu,11.010622,77.047449,2024-11-23,2,5,2,9.6,weekends,1,active
D02699,Anitha Iyer,20,F,B-,Ukkadam,11.000998,76.941541,2024-04-30,4,7,5,46.2,anytime,0,active
D02700,Kavya Nair,40,M,A+,Singanallur,10.990434,77.028281,2024-10-11,5,9,5,57.0,anytime,1,inactive
D02701,Kavya Gowda,44,F,B-,Coimbatore Central,11.011184,76.961579,2025-11-10,3,3,1,46.9,weekdays,0,inactive
D02702,Divya Pillai,38,M,A+,RS Puram,10.990284,76.950142,2025-03-24,1,5,3,39.2,weekdays,0,inactive
D02703,Arjun Balan,28,F,O+,RS Puram,11.005767,76.92577,2025-03-14,5,6,5,14.9,emergency_only,0,active
D02704,Geetha Krishnan,35,F,AB-,Coimbatore Central,10.986415,76.973529,2026-04-21,4,5,2,56.7,emergency_only,0,inactive
D02705,Roja Sharma,34,F,AB+,Gandhipuram,11.044356,76.946258,2025-02-20,2,3,3,25.5,emergency_only,1,active
D02706,Naveen Rajan,31,M,A+,Coimbatore Central,10.996211,76.937306,2024-05-09,6,8,5,76.6,anytime,1,active
D02707,Anitha Iyer,37,F,O+,Saibaba Colony,11.023679,76.941709,2024-12-03,5,7,1,54.6,anytime,1,active
D02708,Senthil Krishnan,42,M,O+,Saibaba Colony,11.046295,76.919801,2026-07-29,7,10,7,18.7,anytime,0,active
D02709,Anitha Raj,54,M,O-,Saibaba Colony,11.00943,76.944353,2025-09-28,7,8,4,21.9,weekdays,1,active
D02710,Deepa Moorthy,43,F,O+,Ukkadam,10.988472,76.94411,2025-12-23,4,7,4,43.6,anytime,1,active
D02711,Kavya Rajan,26,F,B+,RS Puram,10.993539,76.930402,2026-04-11,2,4,0,51.0,anytime,1,active
D02712,Prakash Balan,43,F,A+,Kalapatti,11.083652,77.045144,2025-12-24,6,9,1,59.1,anytime,0,inactive
D02713,Nithya Menon,18,M,A+,Peelamedu,11.056036,77.036032,2026-04-25,5,9,1,65.7,anytime,1,active
D02714,Sathish Subramani,36,M,B-,Coimbatore Central,11.029329,76.967143,2025-09-09,5,7,4,49.5,anytime,1,active
D02715,Revathi Gowda,23,F,O-,Vadavalli,11.044692,76.933416,2025-02-20,4,7,0,59.4,anytime,1,active
D02716,Meena Rajan,30,F,A+,Saibaba Colony,10.996365,76.955606,2024-08-15,4,7,0,32.6,anytime,1,active
D02717,Sathish Menon,18,M,O+,Kalapatti,11.049301,77.04109,2026-07-15,11,12,0,50.2,weekends,1,active
D02718,Divya Kumar,27,M,O+,Peelamedu,11.059451,77.010928,2026-09-17,9,11,10,72.5,weekdays,1,inactive
D02719,Geetha Reddy,27,F,A+,Vadavalli,11.018474,76.904249,2026-01-28,2,7,6,48.2,anytime,1,active
D02720,Nithya Pillai,40,M,O+,Coimbatore Central,10.997599,76.973398,2025-10-14,4,4,0,65.1,weekends,1,active
D02721,Prakash Reddy,30,F,O+,Ukkadam,10.990262,76.989065,2025-07-13,7,8,3,5.0,emergency_only,1,active
D02722,Manoj Kumar,37,F,B+,Kalapatti,11.054706,77.030188,2024-07-08,4,8,4,43.7,weekdays,1,active
D02723,Sandhya Krishnan,30,M,B-,Coimbatore Central,10.979951,76.970393,2025-09-12,7,10,6,37.4,weekends,1,active
D02724,Karthik Rajan,39,M,O+,Kalapatti,11.062712,77.022541,2025-04-08,5,10,8,39.9,weekdays,0,active
D02725,Ramesh Sharma,30,F,O+,Kalapatti,11.085233,77.053422,2024-11-02,5,10,4,5.0,weekends,1,inactive
D02726,Lakshmi Rajan,19,M,A+,Podanur,10.945909,76.963526,2026-06-22,4,9,5,66.7,anytime,0,active
D02727,Karthik Subramani,52,F,A+,Coimbatore Central,11.02873,76.944411,2025-09-16,3,5,2,69.6,weekends,1,active
D02728,Suresh Moorthy,33,F,O+,Kalapatti,11.069081,77.019629,2025-05-12,5,10,3,32.9,emergency_only,0,inactive
D02729,Sathish Iyer,25,M,O+,Vadavalli,11.030039,76.942454,2025-02-24,5,9,4,120.0,anytime,1,suspended
D02730,Sathish Menon,27,F,A+,Coimbatore Central,10.97207,76.92974,2025-09-27,3,8,0,80.1,weekdays,1,active
D02731,Anitha Sharma,27,F,AB-,Kalapatti,11.086757,77.0429,2026-06-09,3,6,4,35.4,weekends,1,active
D02732,Muthu Chandran,28,M,A-,RS Puram,10.99012,76.981799,2025-11-12,3,6,5,35.4,weekends,1,inactive
D02733,Suresh Rajan,20,M,O-,Gandhipuram,10.997994,76.953607,2025-11-16,2,2,1,48.0,weekends,0,active
D02734,Lakshmi Reddy,34,F,A-,Vadavalli,11.020156,76.907274,2025-12-15,8,8,1,54.4,anytime,1,active
D02735,Ramesh Reddy,18,M,O+,Vadavalli,11.049593,76.890271,2024-12-26,3,5,3,41.2,anytime,0,active
D02736,Deepa Sharma,24,M,B+,Saibaba Colony,11.045751,76.944021,2025-01-21,3,5,2,68.0,anytime,0,active
D02737,Deepa Subramani,21,M,O+,Coimbatore Central,11.011173,76.976714,2026-03-10,4,8,6,5.0,anytime,0,active
D02738,Roja Subramani,32,M,B+,Coimbatore Central,10.997548,76.95226,2025-01-07,3,6,6,18.1,weekdays,1,active
D02739,Vikram Pillai,32,M,A+,Singanallur,10.988602,77.003926,2026-01-04,7,8,3,45.8,anytime,1,active
D02740,Senthil Pillai,32,M,B+,Singanallur,10.976876,77.051938,2026-06-28,5,9,2,63.0,weekends,1,active
D02741,Deepa Rajan,32,M,B+,Peelamedu,11.012095,77.000812,2024-10-06,4,5,2,74.6,emergency_only,0,active
D02742,Priya Menon,41,M,A+,Singanallur,11.0185,77.034,2026-08-30,1,3,2,35.0,emergency_only,1,active
D02743,Suresh Menon,48,F,A+,RS Puram,11.018583,76.972204,2024-12-12,7,9,2,69.9,anytime,1,active
D02744,Vikram Kumar,28,M,B+,Kalapatti,11.069873,77.03369,2026-08-30,5,9,2,26.5,emergency_only,1,active
D02745,Vikram Gowda,23,M,A+,Kalapatti,11.041159,77.020043,2024-06-18,5,6,2,72.7,anytime,0,active
D02746,Ramesh Menon,46,Other,O+,RS Puram,11.014156,76.92585,2026-07-12,3,8,6,51.8,weekends,1,active
D02747,Roja Sharma,44,M,A+,Singanallur,10.985466,77.008487,2025-01-11,2,7,5,39.6,weekdays,1,active
D02748,Roja Balan,23,F,O+,Singanallur,11.021085,77.025252,2025-10-30,2,4,4,42.1,weekends,1,suspended
D02749,Revathi Nair,44,M,O+,Ukkadam,10.999481,76.93846,2026-08-21,4,5,0,61.5,emergency_only,1,active
D02750,Bhavani Chandran,37,F,O+,Coimbatore Central,11.002626,76.976685,2026-03-22,3,6,2,68.4,anytime,1,active
D02751,Arun Krishnan,35,Other,O-,Vadavalli,11.000729,76.937459,2026-07-03,2,6,3,53.9,anytime,1,suspended
D02752,Nithya Nair,18,M,A+,Saibaba Colony,10.988904,76.964512,2026-02-17,3,5,3,53.6,anytime,0,active
D02753,Meena Iyer,24,F,O+,Vadavalli,11.024966,76.901519,2025-03-17,4,8,8,43.4,weekdays,0,active
D02754,Ganesh Chandran,37,M,O+,Saibaba Colony,10.99535,76.952594,2025-07-16,3,8,1,19.4,anytime,0,active
D02755,Arun Kumar,35,M,O+,Vadavalli,11.026023,76.92095,2025-09-24,3,8,2,56.6,weekdays,0,inactive
D02756,Senthil Gowda,18,F,A-,Gandhipuram,11.007176,76.957148,2026-07-14,5,6,3,39.7,anytime,1,active
D02757,Kavya Nair,18,F,A-,Singanallur,10.9708,77.014241,,0,5,3,62.6,anytime,1,active
D02758,Pooja Sharma,28,M,O+,RS Puram,10.979957,76.945821,2024-07-04,1,4,2,5.0,anytime,1,active
D02759,Vijay Chandran,18,F,O+,Singanallur,11.026578,77.02435,2026-08-14,7,11,3,85.4,anytime,1,active
D02760,Roja Subramani,50,F,AB+,Vadavalli,10.999955,76.897612,2024-05-04,4,7,5,36.7,anytime,1,inactive
D02761,Anitha Subramani,32,F,O+,Gandhipuram,11.007565,76.953028,2024-05-03,6,10,8,79.1,weekdays,0,active
D02762,Lakshmi Pillai,32,F,A-,Coimbatore Central,10.997028,76.928765,2024-12-29,3,6,2,28.8,emergency_only,1,active
D02763,Swathi Pillai,18,F,O+,Coimbatore Central,11.014657,76.971588,2026-07-27,2,4,4,52.3,weekdays,1,active
D02764,Muthu Menon,35,M,A+,Singanallur,11.003943,77.010058,2026-08-18,1,4,3,48.5,emergency_only,1,active
D02765,Nithya Nair,30,F,A+,Vadavalli,11.020676,76.89417,2025-04-18,2,3,0,27.0,weekdays,0,active
D02766,Ramesh Moorthy,18,F,O-,Ukkadam,10.97031,76.966914,2024-11-16,3,8,2,104.1,emergency_only,1,active
D02767,Karthik Chandran,27,M,A-,Gandhipuram,11.004002,76.978615,2026-09-09,5,9,1,13.8,anytime,0,active
D02768,Senthil Subramani,34,M,AB+,Singanallur,10.983302,77.024888,2026-01-03,2,3,1,40.0,weekdays,0,inactive
D02769,Priya Iyer,28,F,B-,Saibaba Colony,11.037809,76.92167,2025-11-25,2,4,1,100.7,weekends,0,active
D02770,Lakshmi Rajan,25,M,O+,Singanallur,11.029923,77.031101,2026-05-01,8,10,4,55.5,anytime,0,active
D02771,Meena Moorthy,18,M,O-,Singanallur,11.025879,77.026722,2024-07-12,3,3,3,41.8,weekends,1,active
D02772,Arun Reddy,24,F,O+,Saibaba Colony,11.036641,76.934284,2026-07-19,6,10,1,65.3,emergency_only,0,active
D02773,Swathi Chandran,25,M,O+,RS Puram,10.979191,76.975715,2026-07-20,7,10,7,56.3,emergency_only,1,active
D02774,Naveen Subramani,49,M,O+,RS Puram,11.008154,76.970881,2025-09-01,7,11,11,52.9,emergency_only,1,active
D02775,Vikram Reddy,38,M,O+,RS Puram,11.025158,76.951899,2025-08-11,5,9,3,36.3,weekdays,0,active
D02776,Senthil Gowda,39,F,O+,Singanallur,10.99914,77.045897,2026-07-19,2,6,0,43.7,emergency_only,0,active
D02777,Ganesh Moorthy,30,M,A+,Peelamedu,11.042904,77.033006,2026-06-22,1,3,3,59.9,weekdays,1,active
D02778,Manoj Krishnan,32,M,A+,Coimbatore Central,11.030128,76.960879,2025-06-02,2,7,7,36.6,anytime,1,active
D02779,Vikram Reddy,18,M,O+,Kalapatti,11.062089,77.061832,2025-08-05,5,8,6,19.6,weekdays,0,active
D02780,Meena Subramani,34,F,O-,Coimbatore Central,10.974195,76.971192,2024-11-28,3,4,3,49.6,weekdays,1,inactive
D02781,Bhavani Balan,21,M,A+,Kalapatti,11.083464,77.022217,2024-08-28,3,5,3,49.0,anytime,1,active
D02782,Arun Rajan,40,M,B-,Ukkadam,10.977641,76.952197,2024-08-05,3,8,5,47.0,weekdays,0,active
D02783,Revathi Rajan,28,Other,O-,Singanallur,10.982937,77.010768,2024-09-21,7,9,6,47.4,anytime,1,active
D02784,Naveen Kumar,36,F,O-,Singanallur,11.01793,77.027427,2026-09-15,7,9,7,39.8,anytime,1,active
D02785,Sathish Moorthy,43,M,O-,Kalapatti,11.092773,77.048743,2025-02-22,4,8,7,48.6,anytime,0,active
D02786,Prakash Reddy,27,M,B+,Coimbatore Central,11.006294,76.982199,2025-11-26,5,9,3,61.9,emergency_only,1,active
D02787,Suresh Pillai,20,M,O-,Peelamedu,11.031858,77.031182,2025-08-13,3,8,1,61.1,anytime,1,active
D02788,Sandhya Iyer,35,M,O-,Gandhipuram,11.032843,76.952101,2026-08-24,6,8,5,46.8,anytime,1,active
D02789,Karthik Sharma,39,F,O+,Saibaba Colony,11.041292,76.931819,2024-08-10,4,5,4,61.8,weekends,0,active
D02790,Dinesh Subramani,38,F,A-,Peelamedu,11.042572,77.008486,2025-06-20,4,9,8,33.2,weekdays,1,active
D02791,Geetha Nair,32,F,O+,RS Puram,10.989016,76.958171,2025-01-18,2,4,1,19.6,weekends,1,active
D02792,Arjun Gowda,36,M,O+,Saibaba Colony,11.03292,76.948476,2025-01-06,4,7,0,66.0,anytime,1,suspended
D02793,Vijay Rajan,33,M,O+,Singanallur,11.025959,77.050988,2025-12-11,4,7,4,25.7,weekdays,1,inactive
D02794,Geetha Balan,22,M,O+,Coimbatore Central,11.000301,76.941492,2024-08-09,2,6,4,30.6,weekends,0,active
D02795,Deepa Reddy,32,M,A+,Singanallur,10.978912,77.023341,2026-07-28,7,12,1,73.3,emergency_only,1,active
D02796,Naveen Pillai,38,F,O+,Kalapatti,11.074665,77.053782,2025-04-27,4,7,3,44.7,emergency_only,1,active
D02797,Geetha Krishnan,27,F,O+,Peelamedu,11.033783,77.04764,2025-09-08,5,10,7,56.0,weekends,1,active
D02798,Lakshmi Menon,41,M,O+,Gandhipuram,11.024577,76.9717,2026-08-22,4,5,2,48.7,anytime,1,active
D02799,Prakash Kumar,38,F,A-,Vadavalli,11.045189,76.941034,2025-03-24,7,9,4,40.0,emergency_only,1,active
D02800,Sathish Menon,28,M,O+,Singanallur,10.992751,77.002669,2026-05-15,3,3,0,34.8,weekdays,0,active
D02801,Sathish Balan,44,M,A-,Saibaba Colony,11.014448,76.959566,2024-07-21,1,5,4,57.9,weekdays,0,active
D02802,Dinesh Gowda,24,M,B-,Gandhipuram,11.000266,76.958948,2026-04-15,5,7,1,66.0,weekends,0,active
D02803,Pooja Rajan,23,Other,O+,Ukkadam,11.004131,76.952909,2025-12-31,4,8,7,13.3,anytime,1,active
D02804,Karthik Menon,34,F,A-,Ukkadam,10.986876,76.951378,2025-03-28,4,4,0,61.1,anytime,0,active
D02805,Manoj Iyer,39,F,O+,Singanallur,11.007723,77.01678,2026-03-28,3,6,1,56.4,anytime,0,active
D02806,Arjun Raj,36,M,O-,Singanallur,11.024637,77.048838,2026-05-19,5,9,2,59.7,anytime,1,active
D02807,Manoj Subramani,29,M,A+,Singanallur,10.998786,77.055245,2025-02-26,2,7,5,29.4,anytime,1,active
D02808,Dinesh Sharma,44,F,O-,Ukkadam,10.998525,76.987325,2025-07-07,4,4,2,50.8,anytime,0,inactive
D02809,Muthu Sharma,49,M,O+,Singanallur,10.996854,77.031295,2024-05-07,2,4,3,25.5,weekdays,1,active
D02810,Prakash Iyer,19,F,O-,Gandhipuram,11.026902,76.963396,2025-12-25,4,5,1,79.6,weekdays,1,active
D02811,Suresh Raj,34,M,O-,Vadavalli,11.040384,76.883417,2025-02-21,3,8,6,37.0,anytime,1,inactive
D02812,Dinesh Subramani,28,M,B-,Singanallur,11.028939,77.030257,2026-03-27,3,8,6,30.4,anytime,0,active
D02813,Bhavani Balan,20,M,A+,Saibaba Colony,11.021549,76.963464,2026-06-24,3,6,3,41.7,emergency_only,1,active
D02814,Pooja Subramani,30,M,O+,Vadavalli,11.03744,76.905995,2025-09-22,3,8,8,60.9,anytime,1,active
D02815,Vijay Chandran,34,M,O+,Vadavalli,11.0205,76.899162,2025-11-20,3,3,1,5.0,weekends,1,inactive
D02816,Divya Iyer,25,F,O+,Kalapatti,11.061978,77.038101,2025-09-03,4,4,3,25.6,anytime,1,active
D02817,Kavya Gowda,23,M,O-,Gandhipuram,10.989852,76.971031,2025-12-06,6,8,7,9.9,anytime,1,suspended
D02818,Manoj Reddy,30,M,O+,Singanallur,10.985555,77.015263,2025-03-24,4,4,4,45.1,weekends,1,inactive
D02819,Geetha Reddy,26,F,O+,Coimbatore Central,10.976151,76.928502,2024-07-28,7,12,5,45.5,emergency_only,1,active
D02820,Priya Menon,26,M,O+,RS Puram,11.014072,76.96318,2024-10-08,8,12,7,39.3,weekdays,1,active
D02821,Arjun Gowda,25,F,B+,Kalapatti,11.042798,77.038626,2024-11-10,4,8,7,39.4,weekends,1,active
D02822,Manoj Reddy,29,M,A+,Singanallur,10.97462,77.032143,2025-04-27,3,7,6,21.7,anytime,0,active
D02823,Senthil Gowda,28,F,O+,Saibaba Colony,11.008411,76.920938,2026-01-06,4,8,3,45.4,anytime,0,active
D02824,Pooja Pillai,32,M,AB+,Podanur,10.971921,76.967813,2025-02-02,4,9,7,15.4,emergency_only,1,active
D02825,Swathi Kumar,28,M,O+,Kalapatti,11.074287,77.034789,2024-05-21,3,8,5,46.9,anytime,0,active
D02826,Sandhya Chandran,37,F,B+,Podanur,10.970759,76.986962,2025-04-15,6,8,5,44.0,weekends,1,active
D02827,Suresh Nair,33,M,B+,Podanur,10.975773,76.946605,2025-09-07,7,10,7,15.9,weekends,0,active
D02828,Arun Pillai,21,M,O+,Gandhipuram,11.009978,76.940654,2025-03-08,6,11,7,28.2,weekdays,1,active
D02829,Suresh Pillai,43,F,O-,Gandhipuram,11.003659,76.968334,2026-03-14,2,2,1,9.2,weekdays,1,active
D02830,Deepa Menon,52,F,A+,Kalapatti,11.070324,77.041393,2025-11-03,5,7,2,47.8,weekends,0,active
D02831,Sandhya Balan,21,F,A+,Podanur,10.943486,76.975178,2026-02-19,1,1,0,16.1,anytime,0,active
D02832,Swathi Rajan,18,F,B+,RS Puram,11.003217,76.929327,2024-09-19,1,2,2,16.9,anytime,1,active
D02833,Divya Chandran,27,M,A+,Singanallur,11.021217,77.002365,2026-09-05,4,7,2,71.0,anytime,1,active
D02834,Suresh Iyer,47,M,B+,Peelamedu,11.042256,77.037378,2024-08-18,5,10,6,36.4,anytime,1,active
D02835,Bhavani Nair,30,M,O+,Kalapatti,11.081428,77.032241,2025-08-24,4,7,5,64.8,emergency_only,1,active
D02836,Muthu Pillai,26,F,O+,Ukkadam,11.002482,76.965152,2024-07-29,7,8,1,41.7,emergency_only,1,active
D02837,Dinesh Gowda,33,F,A-,Ukkadam,11.013617,76.985926,2024-11-07,6,11,3,68.6,anytime,1,active
D02838,Karthik Menon,27,F,O+,Singanallur,10.998399,77.001518,2026-08-14,5,7,2,56.5,anytime,1,active
D02839,Arjun Moorthy,24,M,AB+,Vadavalli,11.0095,76.911369,2026-02-28,4,4,2,54.5,anytime,1,active
D02840,Revathi Rajan,43,M,O+,Peelamedu,11.016522,77.011876,2025-07-27,4,4,2,25.0,weekends,1,active
D02841,Swathi Sharma,18,F,A+,RS Puram,11.031654,76.92603,2024-09-20,5,9,8,11.4,anytime,1,active
D02842,Kavya Kumar,18,M,B+,Gandhipuram,10.998975,76.948163,2025-10-30,6,10,8,40.4,weekends,1,active
D02843,Ramesh Rajan,18,F,A+,Coimbatore Central,11.015587,76.97629,2025-08-03,4,8,1,56.2,weekends,1,active
D02844,Priya Subramani,38,M,A+,Coimbatore Central,10.973676,76.972245,2025-08-26,7,10,3,19.7,weekdays,0,active
D02845,Divya Menon,19,F,B-,Singanallur,10.990158,77.008296,2025-10-18,2,3,2,21.0,anytime,1,active
D02846,Divya Pillai,25,M,O+,Singanallur,11.021046,77.029604,2026-08-11,2,7,3,55.3,anytime,1,active
D02847,Muthu Nair,30,F,O+,RS Puram,11.031453,76.946166,2025-06-13,2,3,3,59.6,weekdays,0,active
D02848,Roja Raj,45,M,A+,Singanallur,11.026256,77.04487,2025-02-25,4,6,3,61.2,weekends,1,active
D02849,Manoj Gowda,28,F,A+,Ukkadam,10.980232,76.931274,2025-02-11,2,5,0,5.0,weekends,0,active
D02850,Sathish Subramani,27,F,A+,Saibaba Colony,10.997893,76.929792,2025-09-27,4,6,4,69.8,anytime,0,active
D02851,Manoj Moorthy,32,M,B+,Singanallur,10.983872,77.025151,2024-07-28,1,5,4,60.3,emergency_only,1,active
D02852,Nithya Subramani,29,M,O+,RS Puram,11.0161,76.92645,2025-03-15,3,4,2,24.6,anytime,1,active
D02853,Nithya Reddy,49,F,O+,Peelamedu,11.051381,77.05553,2024-04-24,2,7,6,45.5,anytime,1,inactive
D02854,Priya Balan,18,M,O+,Vadavalli,11.013075,76.886011,2026-08-19,6,8,5,38.9,anytime,1,active
D02855,Ramesh Sharma,23,M,A+,Saibaba Colony,10.997567,76.937945,2025-07-08,7,8,7,16.9,anytime,1,active
D02856,Deepa Krishnan,37,F,B-,Peelamedu,11.007396,77.016465,2024-10-06,5,8,2,34.1,anytime,1,suspended
D02857,Naveen Nair,21,F,O-,RS Puram,11.033474,76.925177,2026-04-04,4,7,2,40.0,weekends,0,active
D02858,Senthil Iyer,34,F,A+,Peelamedu,11.019887,77.036015,2024-05-05,4,4,3,24.5,anytime,1,active
D02859,Vijay Menon,25,F,O+,Kalapatti,11.070403,77.048682,2024-06-16,7,10,2,61.9,weekdays,0,active
D02860,Deepa Pillai,26,M,O+,Coimbatore Central,11.028883,76.950641,2025-02-24,2,6,3,56.0,weekdays,1,active
D02861,Swathi Menon,29,F,B-,Vadavalli,11.03851,76.929501,2024-12-08,4,5,4,15.2,weekdays,1,inactive
D02862,Swathi Sharma,50,M,O+,Coimbatore Central,10.980446,76.958638,2026-08-20,10,13,4,52.9,anytime,0,active
D02863,Pooja Moorthy,28,F,B+,Singanallur,10.975133,77.031022,2024-04-28,3,8,4,38.9,weekdays,1,active
D02864,Divya Krishnan,41,M,B+,Kalapatti,11.07551,77.052254,2024-11-28,3,4,3,15.7,anytime,1,active
D02865,Senthil Krishnan,45,M,O+,Saibaba Colony,10.994686,76.917598,2024-07-27,1,1,1,34.3,weekends,1,inactive
D02866,Ramesh Pillai,18,F,O+,Kalapatti,11.051901,77.051766,2026-03-26,7,11,10,45.8,anytime,1,active
D02867,Bhavani Menon,28,M,A+,Saibaba Colony,11.033264,76.931629,2024-07-11,4,8,8,30.4,weekends,0,inactive
D02868,Manoj Iyer,32,F,O+,Coimbatore Central,10.992514,76.969889,2024-07-18,3,6,3,32.3,emergency_only,0,active
D02869,Deepa Chandran,33,F,A+,Vadavalli,11.023341,76.895641,2026-08-28,3,4,0,72.0,emergency_only,1,inactive
D02870,Manoj Balan,18,M,O+,Coimbatore Central,11.002496,76.974687,2025-02-10,1,4,2,20.0,anytime,0,active
D02871,Anitha Subramani,33,F,O+,Vadavalli,11.01954,76.894491,2026-01-09,5,9,3,33.7,weekdays,1,active
D02872,Vikram Nair,36,M,O-,RS Puram,11.011771,76.975852,2024-10-08,3,8,3,19.5,emergency_only,0,inactive
D02873,Naveen Reddy,24,F,O+,Peelamedu,11.059093,77.056168,2026-06-13,5,6,2,40.8,weekends,1,active
D02874,Vikram Chandran,44,F,O+,Saibaba Colony,11.021046,76.942136,2024-11-05,5,5,3,16.9,weekdays,1,active
D02875,Arjun Sharma,39,M,A+,Coimbatore Central,10.97608,76.980037,2026-06-11,6,6,6,37.6,anytime,1,active
D02876,Naveen Pillai,37,M,A-,Podanur,10.949667,76.960226,2026-05-07,4,5,3,52.8,weekdays,1,active
D02877,Senthil Gowda,45,M,A-,Podanur,10.969993,76.953527,2025-09-22,2,3,0,33.5,anytime,1,active
D02878,Arjun Reddy,18,M,A+,RS Puram,10.980487,76.926956,2024-06-07,6,8,8,29.4,weekends,1,suspended
D02879,Roja Rajan,40,F,A-,Singanallur,10.986401,77.000437,2024-12-09,7,9,5,46.3,weekends,1,active
D02880,Pooja Iyer,28,F,A+,Kalapatti,11.064513,77.038373,2026-03-04,3,7,3,22.7,emergency_only,1,inactive
D02881,Manoj Sharma,43,F,B-,Singanallur,10.991569,77.036972,2025-05-16,2,6,4,49.2,weekends,1,active
D02882,Lakshmi Gowda,30,F,O+,Ukkadam,10.975211,76.940123,2026-03-26,3,6,5,50.6,weekdays,0,active
D02883,Nithya Reddy,23,M,B+,Ukkadam,11.007532,76.970203,2026-02-02,6,7,7,7.5,weekdays,0,active
D02884,Geetha Balan,47,M,O+,Peelamedu,11.001424,77.048122,2024-10-10,5,9,0,53.0,emergency_only,0,active
D02885,Manoj Reddy,27,F,O+,RS Puram,10.981454,76.96602,2024-10-25,1,5,2,42.4,weekdays,1,active
D02886,Sandhya Reddy,25,F,A-,Coimbatore Central,10.999284,76.950232,2025-02-14,1,6,0,26.7,anytime,1,active
D02887,Manoj Chandran,39,F,O+,Coimbatore Central,10.998437,76.963041,2024-10-12,5,6,5,31.4,anytime,0,active
D02888,Divya Reddy,32,Other,A+,Vadavalli,11.013474,76.887332,2024-10-04,3,5,1,10.1,anytime,1,active
D02889,Deepa Gowda,32,M,O+,Podanur,10.951688,76.939305,2025-02-16,6,6,0,45.5,weekdays,1,inactive
D02890,Anitha Nair,25,F,A+,Podanur,10.968086,76.959018,2025-08-20,1,6,1,33.4,anytime,1,active
D02891,Swathi Menon,25,F,O-,Saibaba Colony,11.044267,76.975326,2025-09-14,6,9,7,24.1,weekends,1,active
D02892,Suresh Balan,35,M,AB+,Gandhipuram,10.994451,76.97556,2024-05-27,6,10,7,16.7,weekends,1,active
D02893,Dinesh Sharma,25,M,O+,Kalapatti,11.061128,77.062725,2026-07-05,1,2,1,28.3,weekends,1,active
D02894,Dinesh Kumar,41,Other,O+,Gandhipuram,11.02671,76.940743,2026-02-11,4,4,3,68.8,anytime,1,active
D02895,Sathish Subramani,25,M,B+,RS Puram,10.992943,76.93035,2024-06-05,1,4,2,46.6,emergency_only,0,active
D02896,Karthik Sharma,27,F,B+,Podanur,10.944658,76.993101,2025-08-26,3,7,5,17.2,anytime,0,active
D02897,Bhavani Nair,18,F,O+,Saibaba Colony,11.004655,76.925445,2024-09-22,2,4,3,20.5,emergency_only,1,active
D02898,Deepa Kumar,40,F,O+,Kalapatti,11.079989,77.017052,2025-12-19,1,1,1,68.0,anytime,1,active
D02899,Muthu Moorthy,29,F,A+,Kalapatti,11.058004,77.072005,2025-09-17,3,7,6,70.3,anytime,0,active
D02900,Swathi Reddy,32,M,B+,RS Puram,11.029459,76.94628,2026-04-26,4,8,5,37.6,weekends,1,active
D02901,Nithya Subramani,23,M,O+,Podanur,10.950018,76.99226,2025-02-16,3,6,6,29.6,weekends,0,active
D02902,Deepa Kumar,29,M,A-,Vadavalli,11.011688,76.905527,2025-10-05,4,8,5,25.6,emergency_only,1,active
D02903,Roja Kumar,24,M,A-,RS Puram,11.011429,76.947461,2026-01-29,4,7,3,31.7,weekdays,1,active
D02904,Deepa Iyer,27,M,B-,Podanur,10.928222,76.955599,2024-11-23,4,9,4,55.0,emergency_only,1,active
D02905,Deepa Sharma,31,M,A-,Vadavalli,11.002028,76.911338,2025-02-22,5,8,5,60.0,anytime,1,active
D02906,Manoj Gowda,31,F,O+,Peelamedu,11.048122,77.014181,2024-05-17,2,2,2,18.8,anytime,1,active
D02907,Divya Subramani,38,M,A+,RS Puram,10.991926,76.948412,2026-02-10,5,10,5,28.4,weekdays,1,active
D02908,Vijay Balan,33,M,O+,Kalapatti,11.056325,77.023615,2024-07-16,6,10,4,42.5,weekdays,1,active
D02909,Swathi Iyer,50,M,A-,Peelamedu,11.019761,77.014939,2025-02-13,4,6,1,19.1,anytime,1,inactive
D02910,Naveen Sharma,30,M,B-,Saibaba Colony,11.030422,76.963153,2026-07-26,5,8,2,80.1,anytime,1,active
D02911,Nithya Balan,31,M,B+,Singanallur,10.995398,77.046235,,0,4,4,60.5,weekends,1,active
D02912,Prakash Reddy,18,F,O+,Kalapatti,11.092702,77.051216,2025-04-27,8,10,6,75.3,anytime,1,active
D02913,Roja Kumar,30,F,A+,Saibaba Colony,11.039765,76.924631,2025-02-21,3,5,4,6.4,anytime,1,inactive
D02914,Karthik Pillai,25,F,B+,Gandhipuram,11.04619,76.94107,2026-05-24,3,8,5,49.7,weekends,1,active
D02915,Nithya Gowda,23,M,O+,Coimbatore Central,10.996953,76.974847,2025-06-22,2,4,2,31.3,weekdays,0,active
D02916,Deepa Krishnan,25,F,O+,RS Puram,11.027686,76.972852,2025-04-12,4,8,4,87.3,anytime,1,active
D02917,Sandhya Balan,31,F,O+,Peelamedu,11.024214,77.028,2025-02-25,4,8,1,52.5,anytime,0,suspended
D02918,Nithya Raj,40,M,O+,Kalapatti,11.083903,77.040984,2024-07-30,4,6,3,83.1,weekdays,1,active
D02919,Ramesh Chandran,37,M,AB+,Coimbatore Central,10.990766,76.937499,2024-05-07,3,3,2,27.7,weekends,0,active
D02920,Lakshmi Nair,22,F,O+,Singanallur,10.976446,77.001267,2025-04-15,4,8,0,35.6,anytime,0,active
D02921,Priya Menon,34,F,O+,Singanallur,11.01833,77.008488,2025-02-20,2,6,4,51.8,emergency_only,1,active
D02922,Vikram Chandran,44,F,A+,Vadavalli,11.046327,76.903944,2026-05-04,3,5,3,30.5,weekends,1,active
D02923,Senthil Sharma,29,F,O+,Podanur,10.966144,76.955988,2025-05-31,2,4,1,52.8,weekends,1,active
D02924,Manoj Balan,26,M,A-,Ukkadam,11.0097,76.938664,2025-01-17,9,9,6,36.6,weekends,0,inactive
D02925,Prakash Iyer,47,F,O-,Vadavalli,11.007253,76.938321,2025-03-05,5,10,6,18.8,emergency_only,1,active
D02926,Sandhya Subramani,21,M,A+,Coimbatore Central,11.020326,76.931023,2026-05-12,4,8,4,68.2,weekdays,1,active
D02927,Anitha Rajan,18,F,B+,Singanallur,11.019605,77.05302,2024-08-09,4,6,2,85.5,weekends,0,active
D02928,Priya Rajan,39,M,A+,Singanallur,11.025215,77.04236,2025-07-25,6,11,1,84.3,emergency_only,0,inactive
D02929,Meena Reddy,30,M,O+,Gandhipuram,10.993615,76.94665,2025-11-17,1,3,2,37.6,anytime,1,active
D02930,Naveen Raj,41,M,O-,Gandhipuram,11.005924,76.989481,2025-07-09,3,3,1,74.8,anytime,1,active
D02931,Vijay Moorthy,27,M,O-,Gandhipuram,11.03056,76.958724,2025-05-09,2,2,1,24.2,weekends,1,active
D02932,Nithya Nair,29,M,A+,Gandhipuram,11.043623,76.973593,2025-09-01,1,2,0,59.3,weekdays,0,active
D02933,Muthu Kumar,24,F,O+,RS Puram,10.983045,76.969093,2025-06-06,3,6,6,61.2,weekends,1,active
D02934,Suresh Krishnan,28,M,O+,Singanallur,11.023095,77.027678,2024-07-09,3,7,5,41.5,anytime,1,active
D02935,Anitha Iyer,38,M,A+,Ukkadam,10.976222,76.980182,2025-02-03,8,8,2,34.9,weekends,1,active
D02936,Arun Gowda,24,F,B-,Vadavalli,11.001614,76.915831,2024-11-10,5,6,5,15.5,weekdays,0,active
D02937,Divya Sharma,19,M,O-,Coimbatore Central,10.993367,76.978489,2026-01-16,4,7,3,28.0,anytime,1,active
D02938,Lakshmi Raj,19,F,B+,Coimbatore Central,11.016048,76.926681,2025-06-24,2,2,0,103.9,anytime,1,active
D02939,Anitha Balan,41,F,A+,Gandhipuram,11.009295,76.970917,2024-07-07,4,8,5,52.1,anytime,1,active
D02940,Muthu Kumar,30,M,O+,Saibaba Colony,11.046491,76.919053,2025-02-25,5,5,1,31.8,weekends,0,active
D02941,Anitha Moorthy,18,F,O+,Coimbatore Central,11.010454,76.956754,2025-02-02,2,4,1,75.1,weekdays,1,active
D02942,Manoj Raj,22,F,O+,Kalapatti,11.060281,77.024936,2025-05-14,6,11,5,30.5,emergency_only,0,inactive
D02943,Deepa Balan,30,F,O+,Saibaba Colony,11.036728,76.950402,2024-08-04,4,4,1,38.5,anytime,1,active
D02944,Anitha Raj,35,M,A+,Ukkadam,10.961055,76.931691,2025-11-08,5,7,1,61.3,emergency_only,1,active
D02945,Nithya Sharma,38,M,A+,Saibaba Colony,11.04068,76.969255,2025-06-17,6,6,4,66.8,weekends,1,active
D02946,Meena Kumar,37,M,O+,Kalapatti,11.045453,77.054388,2026-04-05,4,4,3,64.8,anytime,0,active
D02947,Kavya Menon,43,F,O+,Vadavalli,11.051588,76.9332,2024-10-16,2,5,5,5.0,weekends,0,active
D02948,Sathish Moorthy,25,F,B-,Kalapatti,11.077302,77.055345,2025-02-09,5,5,5,59.6,anytime,1,active
D02949,Karthik Sharma,27,M,O-,Singanallur,11.030371,77.014556,2024-07-27,4,7,5,32.6,anytime,1,active
D02950,Priya Moorthy,30,F,B+,RS Puram,10.987207,76.926194,2025-06-17,2,3,1,53.0,anytime,0,active
D02951,Priya Rajan,28,M,A+,Saibaba Colony,11.012248,76.971385,2024-06-18,4,5,4,48.2,anytime,0,active
D02952,Deepa Gowda,25,F,O+,Kalapatti,11.059766,77.063197,2025-07-13,9,13,7,40.6,weekdays,1,active
D02953,Sathish Gowda,18,M,O+,Singanallur,11.007119,77.023355,2026-05-06,1,1,0,12.1,anytime,0,inactive
D02954,Roja Subramani,28,Other,O+,Singanallur,10.988329,77.030522,2024-11-05,5,10,3,48.1,emergency_only,1,active
D02955,Revathi Subramani,31,M,O+,Peelamedu,11.007019,77.038383,2025-02-08,3,5,1,51.2,weekends,1,active
D02956,Deepa Rajan,38,Other,A-,Vadavalli,11.025983,76.890301,2024-09-02,8,9,2,63.1,weekends,1,active
D02957,Anitha Krishnan,25,M,A+,RS Puram,11.010129,76.942682,2024-05-09,8,12,9,55.6,weekdays,0,active
D02958,Arjun Subramani,34,Other,A+,Peelamedu,11.038688,77.002487,2026-05-14,3,8,3,40.9,weekends,0,active
D02959,Divya Nair,38,M,O+,Peelamedu,11.012122,77.024198,2025-12-21,3,8,7,31.5,weekdays,1,active
D02960,Meena Rajan,24,M,O+,Peelamedu,11.01114,77.041831,2025-06-02,4,7,7,17.4,anytime,0,active
D02961,Karthik Pillai,19,M,O+,Singanallur,11.005618,77.013677,2024-09-20,6,6,3,44.8,anytime,1,active
D02962,Naveen Krishnan,33,F,A+,Ukkadam,10.997069,76.936067,2025-11-29,9,12,1,53.2,weekdays,0,active
D02963,Ramesh Chandran,43,M,O+,Podanur,10.945092,76.957042,2024-06-15,2,7,7,16.4,anytime,1,active
D02964,Meena Rajan,31,M,O+,Vadavalli,11.032225,76.905431,2025-01-20,4,6,2,39.6,weekdays,1,active
D02965,Geetha Sharma,46,M,A-,Coimbatore Central,10.994755,76.941484,2025-02-09,4,5,4,5.0,weekdays,1,active
D02966,Sandhya Gowda,37,M,A+,RS Puram,10.988394,76.922685,2026-08-10,6,8,0,72.6,anytime,1,active
D02967,Deepa Rajan,18,M,O-,Singanallur,11.014136,77.052855,2024-08-07,5,7,0,43.0,anytime,1,active
D02968,Prakash Krishnan,37,M,B-,RS Puram,11.022174,76.941277,2025-01-28,6,7,1,64.3,emergency_only,1,active
D02969,Roja Moorthy,30,M,B+,RS Puram,10.989063,76.961295,2026-08-29,6,9,7,5.0,anytime,1,active
D02970,Bhavani Subramani,45,F,A-,Podanur,10.969206,76.956702,2026-03-30,7,9,8,32.9,weekdays,1,active
D02971,Anitha Iyer,47,M,O+,Singanallur,10.995524,77.036095,2024-11-14,4,6,3,30.3,anytime,0,active
D02972,Manoj Balan,26,F,A+,Coimbatore Central,10.982469,76.944212,2024-07-11,1,6,5,25.8,anytime,1,active
D02973,Vikram Moorthy,27,F,B+,Peelamedu,10.999802,77.002281,2024-08-13,1,1,0,36.7,anytime,0,active
D02974,Arun Reddy,30,F,A+,Podanur,10.969056,76.97642,2025-02-22,1,3,0,76.8,anytime,1,active
D02975,Priya Balan,27,M,AB+,Peelamedu,11.049813,77.029859,2025-08-16,5,9,7,87.3,emergency_only,0,active
D02976,Manoj Nair,31,M,O+,Saibaba Colony,10.991306,76.956847,2026-04-20,3,8,6,5.2,anytime,1,active
D02977,Senthil Chandran,43,F,O+,Kalapatti,11.083911,77.018441,2024-11-03,4,7,6,12.5,anytime,1,active
D02978,Arun Chandran,18,F,O+,Gandhipuram,11.047184,76.950031,2025-01-13,5,9,4,69.0,anytime,0,active
D02979,Suresh Gowda,55,M,O+,Ukkadam,10.964894,76.984709,2024-06-26,6,9,7,34.2,weekdays,1,active
D02980,Prakash Kumar,31,M,O+,Gandhipuram,10.990238,76.995165,2024-07-22,5,10,8,48.1,emergency_only,0,active
D02981,Dinesh Reddy,34,F,O+,RS Puram,11.034884,76.934795,2024-11-30,4,7,3,43.4,anytime,0,inactive
D02982,Vijay Nair,45,M,A+,Podanur,10.944372,76.957647,2024-08-10,6,6,2,105.5,weekends,0,active
D02983,Nithya Nair,46,F,A+,Podanur,10.92639,76.955773,2024-04-18,5,6,0,42.9,emergency_only,1,active
D02984,Suresh Subramani,18,F,O+,Kalapatti,11.08741,77.045064,2025-07-24,3,4,1,53.7,weekdays,0,active
D02985,Kavya Reddy,31,M,B+,Gandhipuram,10.989664,76.938175,2025-05-03,3,5,0,35.4,weekends,0,active
D02986,Vijay Rajan,18,F,A+,Gandhipuram,11.014908,76.954536,2026-03-14,5,7,5,84.1,weekdays,0,active
D02987,Sathish Rajan,34,M,O+,Saibaba Colony,11.029963,76.935607,2026-01-14,1,6,1,67.5,emergency_only,0,active
D02988,Ganesh Sharma,51,M,O+,Coimbatore Central,11.018003,76.927316,2026-04-10,3,7,5,40.6,emergency_only,0,active
D02989,Sathish Krishnan,54,F,AB+,Ukkadam,11.016349,76.946462,2025-11-15,2,7,3,42.9,weekdays,0,active
D02990,Deepa Sharma,29,F,A+,Gandhipuram,11.007066,76.991355,2025-10-23,9,13,11,49.1,weekends,0,inactive
D02991,Suresh Gowda,37,F,A+,Saibaba Colony,10.999746,76.968341,2026-07-21,8,8,6,48.8,anytime,1,active
D02992,Revathi Nair,39,F,O+,Peelamedu,11.04498,77.024024,2025-04-17,6,8,7,57.5,emergency_only,1,active
D02993,Arjun Kumar,25,M,A+,Podanur,10.940393,76.938265,2025-01-16,3,7,4,42.5,emergency_only,1,active
D02994,Sathish Kumar,27,Other,A-,Kalapatti,11.062549,77.053953,2026-05-18,5,7,6,62.3,weekdays,1,inactive
D02995,Divya Kumar,36,F,B+,Peelamedu,11.002121,77.00145,2025-02-19,6,11,2,68.2,weekends,1,active
D02996,Vijay Kumar,31,F,A+,Podanur,10.952207,76.986608,2025-08-30,2,4,4,31.2,anytime,0,active
D02997,Suresh Sharma,18,F,O+,Podanur,10.962472,76.994666,2025-08-27,1,2,1,8.4,anytime,1,suspended
D02998,Roja Rajan,18,M,B+,Saibaba Colony,11.048633,76.953687,2025-12-10,4,7,6,26.7,weekends,1,active
D02999,Suresh Rajan,28,M,A+,Podanur,10.980731,76.949225,2026-06-28,3,3,0,96.4,anytime,0,inactive
D03000,Vijay Gowda,36,M,B+,Singanallur,11.023019,77.017841,2026-09-04,5,5,4,48.0,anytime,1,active
D03001,Karthik Chandran,33,M,A+,Podanur,10.982442,76.990105,,0,4,3,50.8,emergency_only,1,active
D03002,Ganesh Pillai,31,M,O+,RS Puram,10.999275,76.962267,2026-04-29,5,8,6,49.4,weekends,1,active
D03003,Manoj Menon,40,F,A+,Vadavalli,11.011802,76.914574,2025-03-25,6,10,6,32.9,weekdays,1,active
D03004,Ramesh Krishnan,27,F,B+,Coimbatore Central,10.997064,76.983607,2025-07-14,4,4,2,37.5,weekdays,1,active
D03005,Arun Balan,30,M,O+,Saibaba Colony,11.042801,76.929626,2025-01-19,2,2,1,78.0,anytime,1,active
D03006,Manoj Krishnan,21,M,A+,Ukkadam,10.982026,76.95396,2026-03-02,2,7,3,20.9,weekdays,1,active
D03007,Prakash Moorthy,36,M,A+,Saibaba Colony,11.044926,76.949395,2024-10-01,3,5,0,44.3,weekends,0,active
D03008,Nithya Menon,21,F,A-,Coimbatore Central,11.029897,76.960809,2025-10-11,3,3,1,39.8,emergency_only,1,active
D03009,Nithya Rajan,37,F,A+,Gandhipuram,11.021533,76.977745,2024-09-05,2,3,2,47.0,weekdays,1,active
D03010,Pooja Raj,40,F,A+,Saibaba Colony,11.022551,76.969237,2025-07-06,1,4,3,59.4,weekdays,1,active
D03011,Geetha Balan,18,F,O+,Saibaba Colony,11.006763,76.923812,2025-06-21,4,9,5,25.1,weekends,0,active
D03012,Divya Pillai,27,F,O+,Singanallur,11.007336,77.019292,2025-01-12,6,10,5,40.4,weekends,0,active
D03013,Anitha Menon,20,F,O+,Vadavalli,11.035913,76.929665,2024-08-07,4,8,2,65.0,weekends,1,active
D03014,Suresh Chandran,18,M,B+,Gandhipuram,11.007371,76.941568,2025-09-13,4,7,4,28.7,weekdays,0,active
D03015,Arun Kumar,27,F,B+,Vadavalli,11.022127,76.907738,2025-02-07,3,7,1,52.9,weekdays,0,active
D03016,Lakshmi Gowda,28,F,O+,Coimbatore Central,11.026351,76.939044,2024-08-17,2,5,3,57.9,weekends,1,active
D03017,Bhavani Reddy,24,F,O-,Saibaba Colony,11.02065,76.95159,2025-12-31,1,1,0,19.2,anytime,0,active
D03018,Dinesh Reddy,18,M,O+,Coimbatore Central,11.025681,76.960756,2026-07-03,4,4,4,35.8,weekends,0,active
D03019,Swathi Moorthy,46,M,B+,RS Puram,10.991013,76.954597,2026-02-01,6,6,4,33.4,weekends,1,active
D03020,Sathish Pillai,40,M,O+,Saibaba Colony,11.027706,76.941955,2025-12-24,5,6,5,26.9,emergency_only,0,active
D03021,Roja Kumar,37,F,B-,Vadavalli,10.99719,76.939287,2025-12-19,2,6,0,47.1,weekdays,1,active
D03022,Anitha Balan,34,Other,AB+,Coimbatore Central,11.024304,76.970287,2026-01-27,4,4,3,69.9,anytime,1,active
D03023,Arun Iyer,21,M,O-,Vadavalli,11.01203,76.914355,2024-10-08,9,10,4,66.5,weekends,1,active
D03024,Kavya Raj,26,F,O+,Ukkadam,10.974102,76.984542,2025-04-20,4,8,5,45.2,anytime,1,active
D03025,Sathish Pillai,34,M,A-,Singanallur,10.995759,77.010816,2024-07-06,7,10,6,61.0,weekdays,0,active
D03026,Priya Menon,26,M,B+,Peelamedu,11.041264,77.006317,2025-05-03,5,5,4,33.6,anytime,0,active
D03027,Karthik Subramani,34,F,A+,Saibaba Colony,11.004911,76.951403,2025-06-08,4,9,1,67.9,weekdays,0,active
D03028,Dinesh Moorthy,18,M,AB+,Coimbatore Central,11.012546,76.95697,2025-01-20,2,5,0,23.4,anytime,1,active
D03029,Deepa Krishnan,20,M,O+,RS Puram,11.023819,76.934775,2024-10-01,3,7,4,69.0,anytime,1,inactive
D03030,Senthil Iyer,32,F,AB-,Singanallur,10.974803,77.033068,2024-10-10,7,11,1,37.0,emergency_only,1,active
D03031,Anitha Iyer,47,F,B-,Vadavalli,11.044672,76.908237,2024-11-01,3,8,3,58.8,anytime,0,active
D03032,Anitha Iyer,39,F,B+,Podanur,10.948088,76.97251,2025-05-22,3,6,4,34.1,anytime,1,active
D03033,Meena Gowda,30,M,A+,Singanallur,11.006819,77.025085,2026-03-12,4,6,6,49.9,weekdays,1,active
D03034,Revathi Subramani,39,M,O+,Kalapatti,11.097052,77.04055,2025-08-23,4,5,4,39.0,anytime,1,active
D03035,Prakash Gowda,44,M,O+,Vadavalli,11.031396,76.895403,2025-09-13,4,5,5,53.1,emergency_only,1,active
D03036,Ganesh Menon,39,M,O+,Gandhipuram,11.02258,76.963452,2026-09-07,6,8,3,35.4,weekdays,0,active
D03037,Deepa Balan,32,M,A+,Singanallur,11.030066,77.016449,2026-09-05,5,7,3,17.0,anytime,1,active
D03038,Vikram Balan,21,F,A+,Ukkadam,10.998858,76.947254,2024-11-09,3,4,0,33.3,weekends,0,inactive
D03039,Lakshmi Rajan,39,F,A-,Coimbatore Central,10.991135,76.951355,2025-09-11,6,11,10,55.8,weekends,1,active
D03040,Roja Reddy,28,F,O+,Vadavalli,11.045401,76.897579,2025-05-12,6,9,6,87.3,anytime,1,active
D03041,Roja Kumar,44,M,O+,Vadavalli,11.029914,76.912328,2026-07-22,5,5,3,41.4,anytime,1,active
D03042,Kavya Pillai,29,M,O+,Vadavalli,11.02761,76.884576,2024-11-27,3,7,3,49.5,anytime,0,active
D03043,Bhavani Rajan,36,M,O+,Gandhipuram,10.988111,76.971998,2024-04-29,3,5,4,55.1,anytime,1,active
D03044,Sandhya Moorthy,22,M,O+,Singanallur,11.022212,77.053069,2024-09-26,5,6,3,46.0,emergency_only,1,active
D03045,Meena Raj,39,M,O-,Podanur,10.969664,76.958551,2025-10-05,2,3,1,5.0,weekends,1,active
D03046,Muthu Nair,18,F,O+,RS Puram,11.031405,76.970292,2024-07-18,4,7,0,42.7,weekends,0,active
D03047,Divya Reddy,24,M,A+,Podanur,10.981904,76.958756,2024-05-26,1,6,3,54.4,weekdays,1,active
D03048,Lakshmi Subramani,24,M,A+,Ukkadam,10.962055,76.945118,2025-11-28,1,4,2,31.5,anytime,0,active
D03049,Naveen Rajan,25,M,O+,Vadavalli,11.00619,76.922762,2025-12-06,2,4,2,39.0,weekdays,1,inactive
D03050,Pooja Balan,49,F,O+,Coimbatore Central,10.978799,76.947332,2024-06-24,5,7,2,37.2,weekdays,0,active
D03051,Vikram Iyer,24,Other,AB-,Peelamedu,11.017935,77.017195,,0,3,0,43.2,anytime,1,active
D03052,Dinesh Kumar,23,M,O+,Saibaba Colony,11.045554,76.95133,2026-01-11,1,3,0,65.4,anytime,1,active
D03053,Revathi Nair,42,M,B+,Coimbatore Central,11.011417,76.979326,2026-03-16,5,7,3,5.0,anytime,0,active
D03054,Nithya Pillai,25,F,B-,Podanur,10.949995,76.98413,2024-05-09,5,8,5,30.4,anytime,1,active
D03055,Dinesh Iyer,28,M,B+,Singanallur,11.004506,77.013989,2024-12-15,2,4,4,5.0,anytime,1,active
D03056,Divya Pillai,27,M,A+,Gandhipuram,11.022768,76.981836,2024-06-04,1,3,2,22.9,anytime,1,active
D03057,Bhavani Menon,28,M,O+,Singanallur,11.009386,77.016002,2024-06-19,4,4,4,32.2,weekends,0,suspended
D03058,Arjun Balan,34,M,O+,Podanur,10.961214,76.946384,2024-05-09,6,6,1,47.5,emergency_only,1,active
D03059,Karthik Pillai,18,F,O+,Peelamedu,11.01502,77.033846,2024-10-14,3,3,1,20.6,weekdays,1,active
D03060,Sathish Moorthy,28,M,O+,Coimbatore Central,10.974278,76.948475,2025-09-27,3,5,2,34.3,weekdays,1,active
D03061,Roja Kumar,31,F,O+,RS Puram,11.024435,76.948152,2025-02-28,3,4,2,63.4,anytime,1,active
D03062,Deepa Krishnan,18,F,A+,Peelamedu,11.041566,77.008524,2025-03-21,1,4,2,33.5,anytime,0,active
D03063,Arjun Kumar,31,Other,O+,Ukkadam,10.982248,76.96834,2024-04-25,8,10,9,5.0,anytime,1,active
D03064,Anitha Reddy,37,M,A+,Peelamedu,11.023426,77.042432,2026-03-07,2,4,2,62.7,anytime,1,active
D03065,Bhavani Rajan,23,M,O-,Ukkadam,10.969371,76.976637,2025-04-12,6,7,6,56.3,weekends,0,active
D03066,Swathi Iyer,29,M,A+,Saibaba Colony,11.04009,76.957004,2024-04-29,7,11,6,42.9,anytime,0,active
D03067,Senthil Gowda,34,F,O+,Peelamedu,11.048997,77.020796,2025-07-01,4,9,6,31.9,emergency_only,1,active
D03068,Ramesh Sharma,30,M,A+,Ukkadam,10.989498,76.975639,2026-01-20,7,11,4,60.9,weekdays,0,inactive
D03069,Ganesh Menon,39,M,B-,Gandhipuram,11.007006,76.99566,2024-07-12,4,6,5,6.9,weekends,1,active
D03070,Sandhya Balan,18,F,A-,Peelamedu,11.034293,77.033628,2026-01-02,4,5,5,26.0,weekdays,0,active
D03071,Ramesh Rajan,34,M,O+,Saibaba Colony,11.029698,76.973644,2026-06-23,3,4,2,45.6,weekdays,1,active
D03072,Naveen Menon,21,F,A+,Peelamedu,11.037397,77.056432,2026-07-09,3,8,5,12.6,anytime,1,inactive
D03073,Prakash Raj,25,M,A+,Podanur,10.960391,76.987977,2024-05-05,3,5,1,58.5,anytime,0,active
D03074,Sandhya Menon,29,M,B+,Peelamedu,11.037962,77.02785,2024-11-28,3,4,4,29.9,anytime,1,active
D03075,Meena Balan,30,F,A-,Saibaba Colony,11.010412,76.934579,2024-05-03,5,6,1,63.1,weekends,0,inactive
D03076,Divya Iyer,21,M,O+,Vadavalli,10.996376,76.916773,2025-10-11,5,10,1,60.0,weekdays,1,active
D03077,Revathi Iyer,29,M,A+,Gandhipuram,11.011001,76.996297,2024-12-16,10,13,4,28.7,weekdays,1,inactive
D03078,Senthil Krishnan,23,M,O+,Podanur,10.929549,76.964716,2024-04-21,3,7,7,41.9,weekdays,0,active
D03079,Senthil Moorthy,48,F,A-,Ukkadam,11.011249,76.958101,2024-05-29,5,5,2,34.4,anytime,1,active
D03080,Lakshmi Raj,19,M,B+,Peelamedu,11.059129,77.015825,2024-12-22,7,12,3,39.2,anytime,1,active
D03081,Karthik Sharma,47,M,O+,Coimbatore Central,11.000788,76.961496,2026-02-23,9,9,8,22.3,emergency_only,0,active
D03082,Sathish Moorthy,35,F,A+,Singanallur,11.025387,77.045263,2026-02-19,6,6,5,43.3,weekends,0,active
D03083,Senthil Sharma,25,M,O+,Ukkadam,11.018398,76.986083,2025-05-17,2,6,3,50.5,weekends,0,inactive
D03084,Bhavani Pillai,44,F,O+,Coimbatore Central,11.011395,76.975136,2026-08-13,1,4,0,28.8,weekdays,1,active
D03085,Suresh Chandran,38,F,AB+,Ukkadam,10.973207,76.957646,2024-12-11,3,8,8,44.6,emergency_only,1,active
D03086,Arun Sharma,26,M,B+,Vadavalli,11.016272,76.926885,2026-06-22,9,10,8,82.3,anytime,1,active
D03087,Vikram Reddy,26,M,A+,Peelamedu,11.023286,77.03361,2025-02-17,5,7,7,39.7,anytime,1,active
D03088,Senthil Nair,38,M,O+,Podanur,10.978984,76.947282,2026-05-14,2,7,3,28.8,anytime,1,active
D03089,Karthik Rajan,37,F,O+,Gandhipuram,11.028444,76.985128,2025-02-19,3,7,5,52.2,weekdays,1,active
D03090,Ganesh Menon,33,M,O+,Kalapatti,11.082773,77.015311,2025-10-20,3,4,4,47.1,weekends,1,active
D03091,Divya Kumar,32,F,O+,Saibaba Colony,11.03843,76.944456,2026-03-16,4,6,3,62.8,weekdays,0,active
D03092,Meena Moorthy,32,M,O+,Peelamedu,11.004757,77.012635,2025-03-02,5,5,1,44.3,weekdays,1,active
D03093,Vikram Pillai,18,M,B-,Vadavalli,11.022763,76.928752,2025-07-20,5,10,6,17.7,anytime,0,active
D03094,Lakshmi Kumar,21,Other,O+,RS Puram,11.032056,76.968595,2026-01-15,4,7,0,80.5,anytime,1,active
D03095,Revathi Chandran,39,F,O+,Podanur,10.933563,76.954889,2025-07-27,7,8,5,50.6,weekends,0,active
D03096,Deepa Rajan,33,M,O+,Ukkadam,11.015304,76.947922,2026-02-20,4,7,2,55.5,weekdays,1,active
D03097,Meena Menon,37,F,A+,Kalapatti,11.062147,77.038926,2025-12-03,1,2,1,43.5,weekdays,1,active
D03098,Ramesh Menon,34,M,O+,Singanallur,10.973032,77.004128,2025-04-06,5,8,4,50.3,weekdays,1,active
D03099,Deepa Balan,34,M,A+,Peelamedu,11.033897,76.999813,2025-09-25,5,8,3,48.6,emergency_only,1,inactive
D03100,Pooja Iyer,26,M,O+,Gandhipuram,10.991991,76.94076,2026-01-14,2,2,1,60.2,anytime,0,active
D03101,Ganesh Rajan,30,M,A-,Podanur,10.948702,76.973315,2025-02-09,5,7,3,77.7,weekends,1,active
D03102,Meena Nair,26,F,O+,Gandhipuram,11.003355,76.972155,2025-12-22,4,9,6,45.7,weekdays,0,active
D03103,Vijay Rajan,30,M,A+,Kalapatti,11.055785,77.038385,2025-06-13,5,5,2,36.3,weekends,1,active
D03104,Vijay Gowda,37,F,A+,Peelamedu,11.011955,77.048142,2025-02-12,4,8,7,41.5,anytime,1,suspended
D03105,Manoj Chandran,19,Other,AB-,Peelamedu,11.012652,77.008248,2025-11-24,5,6,3,39.4,weekdays,1,active
D03106,Ganesh Balan,18,F,O+,Vadavalli,10.998853,76.927176,2024-09-12,2,5,5,59.8,anytime,1,active
D03107,Lakshmi Balan,38,F,O+,Kalapatti,11.061423,77.024013,2026-07-09,8,12,2,56.1,anytime,0,active
D03108,Suresh Pillai,27,F,A+,Coimbatore Central,10.978576,76.943914,2025-01-07,2,5,1,59.2,emergency_only,0,active
D03109,Nithya Gowda,24,F,O+,Coimbatore Central,11.016109,76.946865,2026-01-28,6,10,5,56.5,anytime,1,active
D03110,Prakash Gowda,18,M,O-,Vadavalli,11.051346,76.937544,2024-04-29,8,9,5,68.9,anytime,1,active
D03111,Karthik Balan,45,F,O+,Podanur,10.943758,76.958373,2025-05-07,3,6,3,58.5,anytime,1,active
D03112,Ramesh Pillai,38,Other,O+,Kalapatti,11.079724,77.04436,2025-02-04,2,2,0,31.0,weekdays,1,active
D03113,Arun Gowda,47,F,A+,Kalapatti,11.079792,77.01377,2024-07-11,2,3,2,41.4,weekdays,1,active
D03114,Manoj Nair,31,F,O+,Podanur,10.952311,76.981447,2026-03-14,2,7,7,65.0,anytime,1,active
D03115,Vikram Sharma,27,F,O+,Peelamedu,11.031925,77.041442,2026-07-01,7,12,9,50.8,anytime,0,active
D03116,Naveen Menon,43,M,O+,Gandhipuram,11.028676,76.960395,2026-06-03,2,7,5,18.5,weekdays,0,active
D03117,Priya Raj,30,M,A+,Saibaba Colony,11.012521,76.935175,2026-05-04,4,7,4,57.6,anytime,1,inactive
D03118,Lakshmi Rajan,28,M,A+,Gandhipuram,10.999955,76.967138,2025-08-01,3,4,3,56.1,anytime,1,active
D03119,Kavya Balan,39,F,B-,Ukkadam,10.962795,76.956128,2025-12-15,4,9,1,29.6,weekdays,0,active
D03120,Muthu Subramani,31,M,A+,Kalapatti,11.043651,77.044251,2026-04-16,1,1,1,61.0,weekdays,1,active
D03121,Geetha Chandran,44,M,A-,Coimbatore Central,11.000854,76.941132,2025-12-01,5,9,8,45.1,anytime,1,active
D03122,Deepa Pillai,18,F,O+,Singanallur,11.003406,77.001651,2025-12-12,5,8,2,34.8,weekdays,0,active
D03123,Lakshmi Sharma,36,F,O+,Peelamedu,11.031463,77.042169,2026-03-18,6,9,1,48.7,weekends,0,active
D03124,Swathi Menon,18,M,O+,Coimbatore Central,10.971857,76.983641,2025-10-12,9,14,12,68.3,weekends,1,active
D03125,Revathi Reddy,28,F,A+,Podanur,10.940092,76.977285,2025-08-08,2,6,3,39.5,emergency_only,1,active
D03126,Arjun Gowda,28,M,A-,Vadavalli,10.992611,76.941872,2025-12-10,3,5,0,23.1,weekdays,1,active
D03127,Karthik Kumar,36,M,AB+,Gandhipuram,11.041846,76.949652,2025-12-27,6,10,8,79.4,anytime,0,active
D03128,Sandhya Nair,34,M,B-,Peelamedu,11.007645,76.998272,2024-10-19,3,6,4,30.1,anytime,1,active
D03129,Pooja Moorthy,38,M,O+,Kalapatti,11.088487,77.040451,2026-02-09,8,11,5,40.6,emergency_only,0,active
D03130,Priya Kumar,24,M,O+,Peelamedu,11.04566,77.022601,2025-11-25,6,10,10,9.5,anytime,1,active
D03131,Suresh Reddy,37,M,O-,Gandhipuram,10.98822,76.938994,2025-08-14,1,1,0,25.1,anytime,1,active
D03132,Lakshmi Raj,30,F,AB+,Peelamedu,11.058048,77.006389,2026-03-06,3,3,3,34.6,anytime,1,active
D03133,Priya Rajan,33,F,A-,Coimbatore Central,11.005864,76.968814,2026-06-14,5,10,2,5.0,anytime,1,active
D03134,Kavya Kumar,42,M,O+,Kalapatti,11.044216,77.038245,2024-10-01,3,3,1,5.0,anytime,1,active
D03135,Suresh Nair,45,F,O+,Kalapatti,11.093468,77.028236,2024-09-06,3,4,2,55.3,anytime,0,active
D03136,Arun Moorthy,21,M,O+,Coimbatore Central,10.994073,76.935306,2024-12-14,6,6,5,14.2,anytime,1,active
D03137,Senthil Krishnan,37,F,O+,Saibaba Colony,11.030071,76.918295,2024-11-22,7,9,4,58.0,weekdays,0,active
D03138,Senthil Subramani,45,M,O+,Peelamedu,11.002601,77.046398,2024-12-20,7,9,3,79.5,weekends,0,inactive
D03139,Vikram Nair,43,M,O+,Saibaba Colony,11.017671,76.972014,2025-05-23,5,9,7,36.0,anytime,0,active
D03140,Priya Iyer,18,F,AB+,Singanallur,11.023218,77.048089,2025-03-02,1,3,0,57.2,anytime,1,active
D03141,Deepa Gowda,35,M,O+,Singanallur,11.005981,77.003723,2025-07-25,4,9,2,20.0,emergency_only,1,active
D03142,Pooja Moorthy,32,M,B+,Gandhipuram,11.04497,76.965408,2026-01-11,4,7,3,57.8,weekends,1,active
D03143,Sandhya Iyer,31,F,B-,Gandhipuram,10.992137,76.956049,2024-08-30,4,9,5,41.9,weekdays,1,active
D03144,Dinesh Krishnan,26,F,O+,Saibaba Colony,11.030234,76.969048,2025-06-19,5,10,3,39.4,weekends,0,active
D03145,Senthil Subramani,36,M,A+,Coimbatore Central,11.022817,76.94135,2024-07-12,2,2,1,35.8,emergency_only,1,active
D03146,Kavya Moorthy,37,M,A-,Coimbatore Central,10.986602,76.938409,2026-09-13,4,4,4,34.0,anytime,1,active
D03147,Nithya Reddy,18,F,O+,Gandhipuram,11.0101,76.945382,2025-10-21,4,4,1,51.3,anytime,1,inactive
D03148,Suresh Balan,45,M,O+,Kalapatti,11.077976,77.018141,2024-11-27,1,4,2,66.6,emergency_only,1,active
D03149,Muthu Raj,42,M,O+,Kalapatti,11.089452,77.07,2025-12-06,5,8,2,64.9,weekends,0,inactive
D03150,Sandhya Iyer,26,F,A+,Coimbatore Central,10.985495,76.973669,2025-03-29,1,5,1,33.0,weekdays,1,active
D03151,Vijay Sharma,37,F,A+,Saibaba Colony,11.029412,76.925044,2025-05-12,3,5,3,44.7,emergency_only,0,active
D03152,Pooja Gowda,21,F,AB-,Vadavalli,11.000209,76.887826,2026-06-15,8,11,8,15.3,anytime,0,active
D03153,Ramesh Raj,32,F,A-,Kalapatti,11.083177,77.069835,2024-12-23,1,4,2,42.2,weekdays,1,active
D03154,Geetha Nair,41,M,A+,RS Puram,11.017157,76.974426,2024-10-03,3,6,5,53.2,weekends,1,active
D03155,Kavya Gowda,24,M,AB+,Vadavalli,11.010513,76.90491,2024-12-27,5,8,0,79.2,weekdays,0,suspended
D03156,Vijay Krishnan,36,F,O+,Gandhipuram,11.01525,76.976043,2024-08-17,2,6,4,32.9,weekdays,0,active
D03157,Prakash Menon,18,M,O+,Coimbatore Central,11.002476,76.982595,2025-03-09,4,7,3,49.2,anytime,1,active
D03158,Anitha Raj,32,F,O+,Coimbatore Central,10.995299,76.960172,2026-02-17,4,6,5,43.7,anytime,1,active
D03159,Vijay Rajan,54,M,A-,Gandhipuram,11.020606,76.957562,2025-08-09,5,6,3,42.0,anytime,1,inactive
D03160,Roja Moorthy,39,M,O+,Saibaba Colony,10.999578,76.974661,2026-05-03,3,4,0,42.2,weekdays,0,active
D03161,Sathish Gowda,54,Other,A+,Kalapatti,11.090488,77.039239,2026-07-04,5,7,1,53.6,anytime,1,active
D03162,Manoj Sharma,23,F,A+,Peelamedu,11.01174,77.043057,2026-01-21,5,5,2,48.0,anytime,1,active
D03163,Pooja Raj,35,F,A+,Podanur,10.933038,76.954971,2026-05-05,6,7,3,56.2,weekends,1,active
D03164,Anitha Kumar,34,M,O+,Ukkadam,10.966144,76.936692,2025-12-04,3,3,2,49.2,emergency_only,0,active
D03165,Arjun Reddy,31,M,O+,Gandhipuram,10.998166,76.948015,2025-11-13,2,7,3,60.7,anytime,0,active
D03166,Sandhya Moorthy,40,F,O+,Singanallur,11.027774,77.009903,2024-10-02,4,9,7,27.6,anytime,1,inactive
D03167,Naveen Krishnan,23,F,A+,Kalapatti,11.057697,77.070748,2025-05-03,2,7,5,37.8,weekends,1,active
D03168,Vijay Reddy,33,F,O+,Kalapatti,11.05847,77.040413,2025-12-22,4,9,9,20.6,anytime,0,active
D03169,Roja Balan,22,M,O+,Gandhipuram,11.00515,76.944356,,0,3,1,77.7,anytime,1,inactive
D03170,Kavya Pillai,31,M,O+,Podanur,10.979641,76.984981,2026-01-01,3,5,2,35.7,weekdays,0,active
D03171,Kavya Sharma,35,F,O-,Vadavalli,11.009257,76.921611,2025-01-27,4,4,2,29.6,emergency_only,1,active
D03172,Suresh Chandran,49,M,O+,Gandhipuram,11.021883,76.943622,2024-09-30,6,6,4,34.6,weekends,1,active
D03173,Nithya Krishnan,38,F,O+,Ukkadam,10.979314,76.933439,2026-07-19,2,6,5,30.1,weekends,1,active
D03174,Ganesh Gowda,27,F,A+,RS Puram,10.979703,76.944147,2025-03-01,4,6,5,44.4,weekends,1,active
D03175,Naveen Menon,19,M,A-,Coimbatore Central,10.97223,76.970476,2026-09-09,5,5,3,31.1,anytime,1,suspended
D03176,Vijay Reddy,47,M,AB+,Coimbatore Central,10.97954,76.938537,2025-02-05,5,10,1,25.9,weekdays,0,active
D03177,Senthil Moorthy,30,M,A+,Gandhipuram,11.008791,76.946748,2025-01-23,3,6,6,53.4,anytime,0,active
D03178,Manoj Raj,31,M,AB+,Saibaba Colony,11.013196,76.928337,2025-10-10,2,6,3,46.0,emergency_only,1,active
D03179,Sathish Gowda,32,M,A+,Singanallur,10.987841,77.031591,2026-04-11,6,6,5,18.3,weekdays,0,active
D03180,Arjun Subramani,27,F,O+,Saibaba Colony,11.027107,76.935834,2026-03-29,2,5,1,17.3,weekdays,1,active
D03181,Lakshmi Gowda,30,M,O-,Kalapatti,11.092466,77.066152,2026-06-29,7,10,1,72.4,weekends,1,inactive
D03182,Vikram Sharma,18,F,O-,Podanur,10.960984,76.966841,2026-02-19,4,9,4,28.8,weekends,1,active
D03183,Senthil Chandran,46,M,A+,Ukkadam,11.005889,76.971135,2025-12-19,9,12,8,37.8,weekends,0,active
D03184,Divya Balan,27,M,AB-,Gandhipuram,10.991718,76.940979,2025-08-17,10,12,5,34.4,anytime,1,inactive
D03185,Naveen Kumar,29,F,O+,Kalapatti,11.041271,77.01565,2025-11-20,2,3,2,58.5,emergency_only,1,active
D03186,Lakshmi Menon,19,F,B+,Coimbatore Central,10.973252,76.942859,2024-07-12,7,9,5,41.5,anytime,0,active
D03187,Revathi Raj,21,M,A-,Gandhipuram,11.012423,76.956938,2025-03-10,3,7,7,50.8,anytime,1,active
D03188,Priya Pillai,40,M,A+,Ukkadam,11.001351,76.968169,2025-08-08,4,6,4,69.6,anytime,0,active
D03189,Revathi Nair,24,M,A+,RS Puram,11.030889,76.958385,2024-06-07,7,11,7,77.8,anytime,1,active
D03190,Dinesh Rajan,31,F,O+,Coimbatore Central,10.982501,76.928486,2024-12-24,8,10,9,29.2,emergency_only,1,active
D03191,Roja Pillai,39,M,O+,Kalapatti,11.095984,77.031656,2025-07-07,2,6,6,25.3,anytime,1,active
D03192,Swathi Nair,18,F,B+,Ukkadam,11.002439,76.950713,2025-11-04,5,7,1,51.3,emergency_only,0,active
D03193,Vikram Iyer,41,M,A+,Kalapatti,11.04491,77.07198,2026-07-06,4,7,4,30.8,weekdays,0,active
D03194,Meena Chandran,30,M,A+,Podanur,10.934188,76.957382,2025-11-26,6,7,7,33.2,weekdays,1,active
D03195,Deepa Sharma,28,F,A+,Peelamedu,11.020843,77.041269,2026-08-06,5,5,1,21.3,anytime,1,active
D03196,Revathi Chandran,21,M,B+,Ukkadam,10.977179,76.965891,2025-10-20,5,6,3,49.9,weekdays,1,active
D03197,Ganesh Reddy,31,F,O-,Saibaba Colony,11.012714,76.923789,2025-01-20,8,13,6,39.6,weekdays,1,active
D03198,Bhavani Krishnan,40,M,B+,Ukkadam,10.99558,76.984754,2026-08-25,3,7,6,75.6,anytime,0,suspended
D03199,Vikram Reddy,43,M,B-,Singanallur,11.001146,77.011109,2026-05-18,7,11,7,19.2,weekdays,1,inactive
D03200,Sathish Reddy,34,M,B-,Singanallur,10.985685,77.024295,2025-05-20,1,2,1,18.3,anytime,0,active
D03201,Arun Sharma,46,F,O+,RS Puram,11.006745,76.938597,2025-05-11,6,11,2,38.4,anytime,1,active
D03202,Sathish Balan,39,M,O+,Gandhipuram,11.04223,76.967502,2025-06-01,7,12,11,38.3,weekends,1,active
D03203,Ramesh Moorthy,32,Other,O+,Podanur,10.967319,76.971149,2025-12-16,4,6,6,63.2,weekends,1,active
D03204,Divya Sharma,46,F,O-,Saibaba Colony,11.03425,76.927524,2025-05-05,9,14,13,68.5,anytime,0,active
D03205,Ganesh Raj,20,F,O+,Gandhipuram,11.039149,76.950724,2025-11-02,2,5,3,37.7,anytime,1,active
D03206,Sandhya Menon,24,M,O+,Peelamedu,11.030286,77.00507,2025-03-17,6,6,3,52.6,weekdays,1,active
D03207,Suresh Moorthy,32,M,B+,RS Puram,10.979189,76.954177,2025-05-16,4,9,8,50.7,anytime,0,suspended
D03208,Swathi Rajan,22,M,O+,Kalapatti,11.061471,77.031438,2025-04-07,4,6,2,34.0,anytime,1,active
D03209,Divya Reddy,45,F,O+,Kalapatti,11.064294,77.045624,2024-04-23,8,10,3,53.2,weekdays,1,active
D03210,Priya Menon,18,M,A+,Vadavalli,11.007913,76.922853,2025-02-06,2,4,2,71.9,emergency_only,1,active
D03211,Vijay Kumar,27,M,A+,Singanallur,10.976576,77.037501,2025-11-10,6,8,8,47.5,anytime,1,active
D03212,Karthik Krishnan,34,M,B+,Podanur,10.969147,76.950327,2024-12-25,2,5,3,21.3,anytime,1,active
D03213,Karthik Sharma,28,M,A+,Kalapatti,11.083116,77.069387,2026-05-04,4,7,3,51.2,weekdays,1,active
D03214,Geetha Raj,36,F,A+,Kalapatti,11.070922,77.033072,2025-07-20,3,3,1,61.3,anytime,1,active
D03215,Nithya Iyer,18,M,O+,Singanallur,11.008689,77.040248,2025-06-09,2,2,2,28.7,emergency_only,1,active
D03216,Senthil Rajan,25,M,B+,Kalapatti,11.057828,77.020712,2026-05-30,3,7,4,34.8,anytime,1,active
D03217,Nithya Reddy,46,M,O+,RS Puram,11.017223,76.931181,2025-06-16,1,5,5,31.6,anytime,1,active
D03218,Vikram Raj,45,M,A+,RS Puram,11.022605,76.935384,2024-09-19,9,12,11,85.8,weekdays,1,active
D03219,Pooja Kumar,36,M,AB-,Vadavalli,11.034873,76.884411,2024-10-17,4,8,6,37.5,anytime,1,active
D03220,Bhavani Nair,18,F,O+,RS Puram,11.004711,76.973571,2024-07-04,5,8,2,68.8,emergency_only,1,inactive
D03221,Anitha Menon,31,F,B+,Singanallur,11.024554,77.036581,2024-12-11,3,7,3,60.6,anytime,0,active
D03222,Vijay Pillai,29,Other,O+,Kalapatti,11.07223,77.04177,2025-09-23,7,12,8,46.5,weekdays,1,active
D03223,Bhavani Pillai,33,F,A-,Ukkadam,10.988888,76.974224,2026-07-02,1,3,0,50.9,weekends,0,active
D03224,Nithya Raj,50,M,A-,RS Puram,10.984498,76.963458,2025-11-12,3,7,3,68.2,weekends,0,active
D03225,Deepa Gowda,22,M,O+,Gandhipuram,11.013971,76.956062,2024-07-05,4,8,7,34.9,weekends,1,active
D03226,Sandhya Balan,18,F,O+,Vadavalli,11.015594,76.936926,2024-07-12,3,3,0,16.0,weekdays,1,active
D03227,Anitha Iyer,28,M,O+,Saibaba Colony,11.014427,76.9636,2026-01-24,3,8,3,18.9,anytime,0,active
D03228,Priya Kumar,29,F,A+,RS Puram,11.034193,76.941231,2025-08-10,6,10,8,54.9,weekdays,0,active
D03229,Manoj Gowda,36,M,O-,Singanallur,10.989172,77.048247,2024-09-10,6,11,7,58.1,weekdays,1,active
D03230,Naveen Reddy,36,F,A+,Ukkadam,10.96709,76.97095,2024-05-17,4,5,2,60.8,weekends,0,active
D03231,Bhavani Chandran,43,M,O+,Peelamedu,11.055904,77.026263,2025-12-16,7,11,10,59.0,weekends,1,active
D03232,Meena Subramani,30,F,O+,Kalapatti,11.069562,77.034726,2025-07-22,2,7,6,48.0,weekends,1,active
D03233,Roja Kumar,33,M,B+,Gandhipuram,10.994367,76.955077,2026-07-21,7,10,10,31.8,weekends,1,active
D03234,Pooja Pillai,39,M,O+,Peelamedu,11.000782,77.019434,2024-10-07,4,4,2,78.3,weekends,1,active
D03235,Manoj Reddy,27,M,O+,Coimbatore Central,11.000383,76.94563,2024-10-08,2,2,1,33.4,anytime,0,active
D03236,Prakash Balan,41,M,AB-,RS Puram,10.996329,76.926573,2025-01-02,5,8,5,21.0,anytime,1,active
D03237,Vijay Sharma,24,F,O+,Podanur,10.950108,76.976376,2024-08-30,2,5,3,51.2,anytime,1,inactive
D03238,Vijay Rajan,35,F,B+,RS Puram,10.998424,76.978191,2026-07-06,8,13,3,32.0,weekdays,1,active
D03239,Revathi Kumar,18,M,O+,Vadavalli,11.023194,76.892907,2025-07-09,7,8,5,63.9,weekdays,1,active
D03240,Sathish Rajan,40,M,O+,Ukkadam,10.968262,76.982594,2025-02-16,1,6,3,25.0,weekdays,0,active
D03241,Nithya Iyer,24,M,A+,Vadavalli,11.028938,76.911657,2026-01-21,3,3,3,31.4,anytime,1,active
D03242,Ganesh Raj,31,M,O-,Kalapatti,11.092251,77.025355,2026-09-15,2,6,1,32.0,weekends,1,active
D03243,Meena Kumar,21,F,AB+,Vadavalli,11.024691,76.899215,2025-09-23,7,7,3,57.2,emergency_only,0,inactive
D03244,Arjun Moorthy,30,F,A+,Gandhipuram,11.037944,76.967428,2025-11-02,4,5,4,56.1,weekdays,0,active
D03245,Vikram Raj,37,M,A+,Podanur,10.92468,76.96708,2024-06-27,3,5,2,55.8,weekdays,0,active
D03246,Karthik Pillai,45,M,A+,Saibaba Colony,10.98893,76.948692,2025-02-22,5,8,7,74.1,weekdays,0,active
D03247,Arjun Balan,38,M,B-,Kalapatti,11.081288,77.018707,2026-05-06,3,7,3,28.8,anytime,0,active
D03248,Anitha Chandran,38,F,B+,Gandhipuram,11.005111,76.946279,2025-03-25,4,7,4,69.8,anytime,1,active
D03249,Suresh Moorthy,20,M,O+,Coimbatore Central,11.013315,76.946543,2026-06-14,5,5,4,25.1,anytime,1,active
D03250,Revathi Menon,28,F,O+,Peelamedu,11.045916,77.001029,2026-05-20,6,9,3,46.6,weekends,1,active
D03251,Dinesh Pillai,40,F,O+,Gandhipuram,11.009018,76.942599,2026-02-15,4,7,2,34.0,weekends,1,active
D03252,Vikram Krishnan,26,M,O+,Coimbatore Central,10.974287,76.966044,2024-09-02,6,9,2,34.9,weekends,0,active
D03253,Kavya Krishnan,21,M,A-,Vadavalli,11.051365,76.909025,2026-04-04,1,1,0,20.9,weekdays,1,active
D03254,Manoj Subramani,28,M,B+,RS Puram,10.991662,76.933819,2026-01-12,3,5,0,45.2,weekends,0,active
D03255,Ramesh Chandran,30,M,B+,Podanur,10.943009,76.99453,2024-09-18,4,6,3,29.2,anytime,1,active
D03256,Nithya Gowda,20,M,A+,Ukkadam,10.972017,76.9899,2024-09-08,6,8,7,13.7,emergency_only,1,suspended
D03257,Vikram Krishnan,22,F,O+,Vadavalli,11.035523,76.905955,2024-10-01,4,4,2,85.5,anytime,0,active
D03258,Ramesh Pillai,30,M,A+,Podanur,10.941379,76.955853,2025-02-23,6,7,4,5.0,anytime,1,active
D03259,Nithya Pillai,24,F,O+,Gandhipuram,11.025863,76.95573,2024-07-05,7,12,2,85.7,weekends,1,active
D03260,Naveen Iyer,24,M,O+,Singanallur,10.994185,77.044559,2026-07-30,4,9,6,5.0,weekdays,1,active
D03261,Anitha Raj,30,M,O-,Podanur,10.978219,76.990063,2024-09-29,5,5,4,36.3,anytime,1,active
D03262,Deepa Chandran,22,M,B+,Peelamedu,11.018093,77.019078,2025-05-16,8,8,0,65.3,anytime,1,active
D03263,Nithya Rajan,29,F,B-,Kalapatti,11.089368,77.039176,2025-03-03,4,9,4,30.7,weekdays,1,active
D03264,Roja Subramani,43,F,O-,Gandhipuram,11.014465,76.980402,2025-06-21,5,10,4,45.0,anytime,1,active
D03265,Manoj Gowda,23,F,O+,Singanallur,10.990795,77.057193,2025-03-09,6,6,5,49.7,weekends,1,active
D03266,Divya Iyer,39,M,O+,Ukkadam,11.01057,76.945224,2024-11-09,7,8,3,28.4,anytime,1,active
D03267,Karthik Chandran,31,F,A+,Gandhipuram,11.031472,76.98837,2025-04-21,4,9,6,55.0,weekdays,1,active
D03268,Priya Kumar,18,M,O-,Kalapatti,11.042587,77.049049,2026-07-23,5,7,6,12.7,anytime,0,active
D03269,Dinesh Subramani,34,Other,O+,Vadavalli,11.030008,76.924014,2026-07-30,9,14,10,39.1,emergency_only,1,active
D03270,Roja Pillai,44,F,O+,Podanur,10.971981,76.947032,2025-03-20,5,7,3,68.9,weekdays,0,active
D03271,Vijay Raj,35,F,B+,Podanur,10.935726,76.957715,2026-06-09,2,2,1,50.9,emergency_only,0,active
D03272,Roja Iyer,30,F,B+,Vadavalli,11.051841,76.93628,2025-04-07,5,5,4,72.0,weekends,1,active
D03273,Deepa Moorthy,24,M,O+,Singanallur,10.974004,77.05042,2024-07-07,4,5,5,32.1,anytime,1,active
D03274,Ganesh Iyer,18,F,O+,Singanallur,11.006425,77.054908,2026-01-09,2,6,4,48.8,weekdays,1,active
D03275,Sandhya Moorthy,29,F,A-,Saibaba Colony,11.015134,76.957101,2026-04-30,1,2,1,63.7,weekdays,1,active
D03276,Nithya Balan,26,M,B-,Peelamedu,11.018382,77.01586,2025-12-26,4,9,6,24.3,weekdays,0,active
D03277,Roja Chandran,27,M,B+,Saibaba Colony,11.001745,76.962322,2024-08-02,2,2,0,11.1,anytime,0,active
D03278,Ganesh Gowda,39,F,O+,Coimbatore Central,11.022676,76.964737,2025-07-15,1,1,0,15.7,weekdays,1,active
D03279,Anitha Balan,18,F,O+,RS Puram,11.029904,76.94439,2025-04-06,4,7,3,49.9,emergency_only,0,active
D03280,Anitha Chandran,54,F,O+,Podanur,10.954567,76.972933,2025-10-17,6,6,5,68.6,anytime,1,active
D03281,Naveen Rajan,18,F,O+,Ukkadam,11.014928,76.965995,2025-07-21,5,9,9,47.6,anytime,1,active
D03282,Karthik Subramani,44,M,O+,Podanur,10.963115,76.973088,2025-09-14,2,4,1,25.9,weekdays,1,active
D03283,Nithya Pillai,20,M,A+,Ukkadam,10.97702,76.955877,2025-05-04,1,1,1,20.7,weekends,1,active
D03284,Pooja Menon,43,F,A-,Ukkadam,11.012296,76.948849,2026-02-26,2,6,4,28.0,anytime,1,active
D03285,Priya Nair,39,F,A-,RS Puram,11.03029,76.950772,2025-01-03,6,11,3,43.0,weekends,1,inactive
D03286,Anitha Nair,37,F,O+,Ukkadam,10.989465,76.982652,2024-06-11,4,8,6,37.1,weekdays,0,active
D03287,Naveen Balan,26,M,B+,Singanallur,11.01217,77.053538,2025-06-19,7,12,9,50.7,emergency_only,1,active
D03288,Manoj Chandran,18,M,O+,Peelamedu,11.045378,77.026961,2025-03-16,2,4,2,36.7,emergency_only,0,active
D03289,Divya Reddy,44,F,O+,Peelamedu,11.044049,77.041064,2025-04-27,4,4,2,30.8,anytime,0,active
D03290,Dinesh Gowda,40,M,AB-,Podanur,10.932646,76.958117,2024-09-06,3,6,4,5.0,weekdays,1,active
D03291,Geetha Nair,38,M,O-,Kalapatti,11.051637,77.059336,2024-06-14,5,9,4,25.4,anytime,1,suspended
D03292,Naveen Pillai,34,F,O+,Vadavalli,11.019724,76.903076,2026-02-01,1,2,1,41.4,weekdays,1,active
D03293,Karthik Iyer,27,M,O+,Vadavalli,11.038522,76.9063,2025-06-13,7,12,6,24.9,weekends,1,active
D03294,Suresh Subramani,29,M,O+,Ukkadam,11.004031,76.951594,2024-04-29,2,6,1,20.3,anytime,1,inactive
D03295,Sathish Balan,30,F,A+,Vadavalli,11.019853,76.893927,2024-09-21,5,8,2,34.7,anytime,1,active
D03296,Arun Pillai,35,M,O+,Saibaba Colony,11.016103,76.953026,2025-10-27,2,7,2,59.0,anytime,1,inactive
D03297,Vijay Krishnan,34,M,O-,Singanallur,10.993598,77.046781,2025-04-05,5,8,1,31.1,weekdays,1,active
D03298,Lakshmi Menon,28,M,A+,Singanallur,11.026303,77.045107,2025-01-08,5,10,3,44.0,weekends,1,active
D03299,Revathi Rajan,47,M,A+,Peelamedu,11.000406,77.034073,2026-08-25,7,12,3,82.6,weekends,1,active
D03300,Geetha Iyer,31,F,A+,Coimbatore Central,10.997202,76.964943,2025-04-24,3,6,6,51.9,weekdays,1,active
D03301,Meena Subramani,26,F,O+,RS Puram,11.005574,76.953485,2026-03-21,3,3,1,57.4,anytime,1,active
D03302,Muthu Krishnan,42,M,O+,Peelamedu,11.014669,77.047463,2024-05-11,4,6,2,90.7,anytime,1,active
D03303,Nithya Nair,30,F,O+,Kalapatti,11.061917,77.016438,2026-07-02,5,5,5,5.0,weekdays,1,active
D03304,Swathi Balan,30,F,O+,Saibaba Colony,11.034438,76.951798,2025-11-05,2,3,2,45.1,anytime,0,active
D03305,Vijay Pillai,26,M,A+,Singanallur,11.011568,77.024364,2025-06-29,5,5,2,57.0,anytime,1,active
D03306,Manoj Balan,24,M,A-,Coimbatore Central,10.973882,76.958235,2024-06-24,2,2,2,37.5,weekdays,0,active
D03307,Anitha Sharma,46,M,AB+,Ukkadam,11.01821,76.939369,2026-09-06,5,7,2,58.8,anytime,1,active
D03308,Sathish Balan,35,M,O+,Singanallur,10.981495,77.030599,2024-08-14,3,6,1,56.4,weekdays,1,active
D03309,Priya Nair,39,F,AB+,Kalapatti,11.048727,77.016654,2025-11-27,1,5,4,30.1,anytime,1,active
D03310,Bhavani Menon,48,F,A+,Peelamedu,11.053319,77.018942,2026-05-31,3,4,4,52.5,emergency_only,1,inactive
D03311,Roja Raj,39,F,O+,Gandhipuram,10.992881,76.954246,2024-12-06,7,12,8,43.7,weekdays,1,active
D03312,Kavya Moorthy,38,M,O-,Gandhipuram,10.995529,76.982094,2025-04-05,2,4,3,57.9,emergency_only,0,active
D03313,Arjun Krishnan,29,M,B+,Kalapatti,11.048667,77.013582,2026-06-14,7,8,4,59.5,weekends,0,active
D03314,Dinesh Gowda,29,M,O+,Singanallur,10.998514,77.058806,2025-10-17,5,6,4,52.8,emergency_only,1,active
D03315,Vijay Reddy,34,M,O+,Kalapatti,11.090832,77.02434,2025-08-16,6,7,4,53.6,weekends,1,active
D03316,Karthik Rajan,33,M,O+,Peelamedu,11.039542,77.038848,2024-07-06,2,3,1,32.3,weekdays,1,active
D03317,Divya Gowda,34,F,O+,Podanur,10.964753,76.962694,2024-11-21,8,11,1,15.1,weekdays,0,active
D03318,Karthik Nair,50,M,B+,Singanallur,11.01494,77.020787,2026-08-15,4,5,2,11.6,anytime,0,active
D03319,Nithya Pillai,24,F,A+,Ukkadam,10.985641,76.951782,2025-10-06,4,6,2,34.4,anytime,0,active
D03320,Ramesh Subramani,28,F,O-,Ukkadam,11.009268,76.951921,2024-08-26,2,5,2,23.5,weekends,1,active
D03321,Kavya Pillai,25,M,O+,Gandhipuram,10.997064,76.969964,2025-04-10,5,8,7,6.4,emergency_only,1,active
D03322,Lakshmi Pillai,32,F,B-,Vadavalli,11.00832,76.893723,2024-11-28,3,7,5,37.2,anytime,0,active
D03323,Priya Kumar,21,M,A+,Podanur,10.959324,76.970949,2025-07-28,2,2,2,36.4,emergency_only,1,active
D03324,Ramesh Rajan,36,F,A+,Singanallur,11.011238,77.008813,2026-04-03,4,9,7,58.0,anytime,1,active
D03325,Sandhya Gowda,23,F,O+,Gandhipuram,11.030333,76.969041,2024-12-07,8,13,7,56.2,weekdays,0,inactive
D03326,Vikram Balan,39,F,A+,Kalapatti,11.069116,77.067248,2026-01-11,9,14,7,62.1,anytime,1,active
D03327,Vikram Chandran,19,M,O+,Kalapatti,11.062473,77.064858,2025-10-08,2,5,3,24.5,weekdays,0,active
D03328,Naveen Gowda,38,M,A+,Ukkadam,10.992737,76.974254,2025-05-26,6,10,7,48.4,emergency_only,1,inactive
D03329,Sandhya Pillai,38,F,AB+,Singanallur,10.982574,77.006792,2026-08-02,3,5,2,8.6,anytime,0,inactive
D03330,Bhavani Balan,19,M,B-,Singanallur,11.000501,77.007784,2025-09-07,6,11,4,71.7,anytime,0,active
D03331,Ganesh Krishnan,23,M,O+,Podanur,10.97897,76.99629,2024-04-25,4,5,3,61.5,anytime,1,active
D03332,Arjun Pillai,18,F,A+,Kalapatti,11.054837,77.036489,2025-03-11,4,4,4,30.7,weekdays,1,active
D03333,Deepa Subramani,33,F,O+,Vadavalli,11.046909,76.896645,2026-08-20,10,10,5,56.6,weekends,1,active
D03334,Sandhya Subramani,27,F,O+,Peelamedu,11.014172,77.017088,2026-06-19,6,6,0,74.9,weekends,0,active
D03335,Deepa Nair,31,M,O-,RS Puram,11.001512,76.942994,2025-09-26,10,12,5,29.5,weekdays,0,active
D03336,Manoj Rajan,25,F,O+,Kalapatti,11.048372,77.043192,2026-02-23,3,8,4,58.6,anytime,1,active
D03337,Nithya Iyer,20,F,O-,Peelamedu,11.014767,77.024224,2026-01-28,2,2,1,47.1,anytime,1,active
D03338,Bhavani Reddy,39,M,O-,RS Puram,10.982999,76.93352,2024-08-25,4,9,5,27.2,weekends,0,active
D03339,Sandhya Moorthy,29,F,B+,RS Puram,10.980593,76.974141,2026-06-24,5,9,3,26.8,weekdays,0,active
D03340,Revathi Sharma,37,M,A+,Saibaba Colony,11.002524,76.917084,2024-12-25,4,4,2,44.2,anytime,1,active
D03341,Swathi Menon,18,M,O+,RS Puram,11.012232,76.953808,2024-04-26,5,7,2,23.6,anytime,1,inactive
D03342,Nithya Nair,31,F,O+,RS Puram,11.021166,76.976388,2025-01-01,8,13,2,43.9,anytime,1,active
D03343,Suresh Chandran,33,M,A+,Podanur,10.965204,76.937056,2025-07-09,3,3,3,33.2,anytime,1,active
D03344,Ganesh Iyer,25,M,O+,Podanur,10.943886,76.947579,2026-05-21,7,11,4,47.1,weekdays,0,inactive
D03345,Bhavani Nair,39,M,A+,Vadavalli,11.001616,76.920026,2026-07-19,2,7,4,25.1,anytime,1,active
D03346,Ramesh Sharma,18,F,O+,Saibaba Colony,11.014885,76.925989,2025-12-08,2,7,3,20.6,anytime,1,active
D03347,Ramesh Balan,33,M,A+,Ukkadam,10.99414,76.980925,2025-02-28,4,9,7,37.0,emergency_only,0,active
D03348,Ganesh Balan,42,F,A-,Coimbatore Central,10.977609,76.9624,2025-10-07,4,7,5,75.6,weekdays,1,inactive
D03349,Ganesh Reddy,23,M,A-,Podanur,10.971074,76.994789,2025-10-29,2,5,2,24.8,weekdays,0,active
D03350,Arjun Subramani,19,F,O+,Gandhipuram,10.996574,76.950121,2025-02-22,6,6,3,86.1,weekends,1,active
D03351,Vikram Kumar,19,F,O+,Singanallur,10.995239,77.05549,,0,1,1,58.0,weekdays,0,active
D03352,Vijay Iyer,24,M,O+,Peelamedu,11.032561,77.017618,2024-10-13,6,11,6,44.2,anytime,1,active
D03353,Priya Subramani,34,M,O+,RS Puram,11.032136,76.953369,2025-06-21,4,8,4,43.0,anytime,0,active
D03354,Sandhya Gowda,50,F,A+,Singanallur,11.003339,77.015361,2025-06-04,1,3,3,82.8,anytime,0,active
D03355,Swathi Sharma,43,F,O+,Saibaba Colony,11.001661,76.954368,2024-06-26,6,10,7,76.8,weekends,1,inactive
D03356,Naveen Balan,37,F,O-,Saibaba Colony,11.015163,76.919169,2025-08-10,6,10,4,72.3,weekdays,0,inactive
D03357,Deepa Iyer,27,F,O+,Ukkadam,10.995991,76.950584,2024-12-01,4,8,7,26.1,anytime,1,active
D03358,Priya Subramani,18,F,AB+,Peelamedu,11.044149,77.026235,2024-12-14,2,4,2,24.4,anytime,1,active
D03359,Sandhya Pillai,37,F,A+,Gandhipuram,10.991334,76.995363,2024-11-02,4,9,9,64.2,anytime,1,active
D03360,Priya Subramani,31,M,O+,Saibaba Colony,10.999074,76.95544,2026-02-10,2,6,4,50.8,weekends,0,active
D03361,Senthil Reddy,26,Other,AB-,Peelamedu,11.049809,77.006231,2026-07-09,5,8,4,48.5,weekends,0,active
D03362,Anitha Iyer,20,F,A+,Gandhipuram,10.987548,76.942837,2026-05-25,8,12,5,69.7,weekends,0,active
D03363,Ganesh Kumar,18,F,O+,Podanur,10.978884,76.993496,2024-11-22,6,8,4,18.9,emergency_only,1,active
D03364,Ramesh Reddy,37,F,B-,Coimbatore Central,10.995253,76.963409,2024-09-04,3,7,2,37.4,weekends,1,active
D03365,Revathi Kumar,18,F,A+,Coimbatore Central,11.028547,76.967345,2024-11-30,3,5,0,40.3,weekends,1,active
D03366,Manoj Chandran,25,M,O+,RS Puram,11.030233,76.939179,2025-10-15,3,3,2,42.3,weekdays,1,active
D03367,Arun Sharma,18,M,A+,Singanallur,10.988866,77.050397,2025-12-22,5,6,4,43.8,anytime,1,active
D03368,Sathish Gowda,33,M,A+,Saibaba Colony,11.003954,76.97425,2025-01-06,5,10,7,99.5,weekdays,1,active
D03369,Vikram Reddy,45,M,O+,Vadavalli,11.050843,76.911989,2026-06-28,5,7,4,21.4,emergency_only,1,active
D03370,Bhavani Subramani,36,F,A-,Kalapatti,11.082007,77.019359,2024-12-07,5,10,3,81.7,anytime,1,active
D03371,Pooja Subramani,26,F,A+,Singanallur,10.978027,77.031723,2024-08-27,7,9,6,25.1,emergency_only,0,active
D03372,Vikram Nair,39,M,O-,Vadavalli,11.027119,76.897605,2026-02-20,8,11,9,5.0,weekdays,1,active
D03373,Ganesh Iyer,42,Other,O-,Coimbatore Central,11.016124,76.95102,2024-07-07,7,9,8,15.0,weekends,1,inactive
D03374,Dinesh Nair,34,F,A-,Singanallur,11.009648,77.053537,2026-05-05,8,10,8,31.5,emergency_only,1,active
D03375,Ganesh Menon,33,F,B+,Saibaba Colony,11.026884,76.974346,2025-08-26,5,5,4,65.2,anytime,1,active
D03376,Meena Reddy,29,M,O+,Vadavalli,11.013872,76.926173,2026-08-21,2,6,5,24.4,weekends,0,active
D03377,Revathi Gowda,44,F,O+,Saibaba Colony,11.044125,76.958943,2026-03-03,5,10,0,40.0,emergency_only,1,active
D03378,Anitha Gowda,28,M,O-,RS Puram,11.005986,76.970853,2025-06-17,5,7,5,42.0,anytime,1,active
D03379,Roja Subramani,28,F,O-,Peelamedu,11.033606,77.036196,2025-11-29,5,10,0,46.8,anytime,1,active
D03380,Meena Kumar,29,F,O+,RS Puram,10.997038,76.965633,2024-09-27,6,6,4,35.0,anytime,1,active
D03381,Nithya Iyer,23,F,A+,Peelamedu,11.038447,77.025975,2025-07-12,2,6,4,82.9,anytime,0,active
D03382,Naveen Moorthy,18,M,O+,Gandhipuram,11.00747,76.96925,2026-05-11,5,7,7,54.6,anytime,0,inactive
D03383,Pooja Balan,28,M,A-,Ukkadam,11.002536,76.931627,2025-12-28,4,6,0,32.4,weekends,1,active
D03384,Lakshmi Reddy,32,F,A+,Kalapatti,11.052955,77.0611,2026-01-31,6,7,5,24.2,weekdays,0,inactive
D03385,Deepa Balan,54,F,B+,Saibaba Colony,11.016977,76.927215,2025-05-08,1,6,6,52.7,anytime,1,active
D03386,Vijay Balan,21,F,A-,Singanallur,11.007636,77.055607,2026-07-17,5,5,0,82.6,weekdays,0,active
D03387,Bhavani Krishnan,18,M,O+,Podanur,10.935737,76.940509,2024-08-29,5,6,6,22.1,anytime,1,active
D03388,Karthik Balan,53,M,O-,RS Puram,11.028333,76.956322,2026-01-01,3,3,2,59.0,anytime,1,active
D03389,Deepa Reddy,40,M,A+,Kalapatti,11.044998,77.022394,2025-08-22,5,10,7,22.6,anytime,1,active
D03390,Ramesh Balan,47,F,O+,Ukkadam,11.011631,76.96139,2026-03-04,7,9,2,66.7,weekdays,0,active
D03391,Meena Gowda,18,F,O-,Singanallur,11.02199,77.018,2024-06-20,3,7,3,17.8,anytime,1,inactive
D03392,Dinesh Reddy,18,M,O+,Vadavalli,11.034702,76.895922,2024-10-09,2,5,1,53.3,weekdays,1,inactive
D03393,Divya Balan,25,F,O+,Ukkadam,10.993274,76.946647,2025-08-19,4,6,4,5.0,weekends,1,active
D03394,Manoj Raj,29,M,O+,Singanallur,10.978592,77.04428,2025-04-24,4,7,3,78.7,weekends,1,active
D03395,Naveen Pillai,36,F,B+,Peelamedu,11.039882,77.009997,2024-05-27,3,7,6,81.4,weekdays,1,active
D03396,Vijay Gowda,30,M,B+,Peelamedu,11.047912,77.049371,2024-05-03,6,8,6,44.3,weekends,1,active
D03397,Lakshmi Subramani,52,M,O+,Vadavalli,11.000046,76.933847,2024-04-29,6,8,4,38.6,anytime,0,active
D03398,Ganesh Subramani,27,M,A-,Vadavalli,11.008711,76.897746,2025-04-22,2,4,3,75.1,anytime,0,inactive
D03399,Suresh Chandran,35,F,O+,Saibaba Colony,11.041517,76.923316,2025-09-30,6,9,8,30.7,weekdays,0,active
D03400,Meena Gowda,20,F,O+,Vadavalli,11.039488,76.91079,2024-06-09,6,8,1,39.7,weekdays,1,active
D03401,Arjun Subramani,31,F,A-,Kalapatti,11.072899,77.038351,2025-11-20,9,9,7,32.8,anytime,1,active
D03402,Sathish Moorthy,25,F,B+,Ukkadam,10.965242,76.943404,2026-01-07,4,6,2,74.9,weekdays,1,active
D03403,Geetha Kumar,26,F,AB+,Vadavalli,10.997415,76.903069,2024-06-13,3,6,3,43.2,weekends,1,inactive
D03404,Priya Balan,26,M,O-,Kalapatti,11.039275,77.068659,2025-11-06,5,8,1,66.6,weekdays,1,active
D03405,Dinesh Krishnan,46,F,O+,Gandhipuram,10.990601,76.992326,2024-10-20,2,3,2,57.0,weekdays,1,active
D03406,Arun Nair,27,F,O+,Gandhipuram,11.027414,76.995803,2025-07-21,1,5,2,91.8,emergency_only,1,active
D03407,Muthu Moorthy,20,M,A+,Vadavalli,11.027623,76.893698,2025-04-18,4,8,2,74.5,anytime,0,active
D03408,Sathish Raj,21,M,O-,Ukkadam,10.988838,76.955623,2024-09-15,2,5,1,21.0,anytime,1,inactive
D03409,Prakash Raj,23,F,O+,Peelamedu,11.054459,77.011052,2025-01-03,6,10,1,67.6,anytime,1,active
D03410,Swathi Kumar,23,F,B+,Coimbatore Central,10.997595,76.966545,,0,1,0,56.2,weekends,1,active
D03411,Roja Reddy,25,M,B+,Vadavalli,11.014323,76.9228,2025-03-12,5,10,7,48.3,anytime,1,active
D03412,Vikram Gowda,33,F,B+,Saibaba Colony,11.011265,76.953213,2026-06-18,3,5,0,21.5,weekends,1,active
D03413,Suresh Krishnan,43,M,O+,Gandhipuram,11.038917,76.943772,2026-07-06,2,3,1,55.9,weekdays,1,active
D03414,Arjun Iyer,35,F,A+,Saibaba Colony,11.023346,76.938334,2024-09-22,7,7,3,32.3,weekdays,0,active
D03415,Lakshmi Moorthy,30,F,A+,Saibaba Colony,11.008702,76.946084,2025-04-15,5,9,6,32.1,anytime,1,active
D03416,Arun Rajan,48,M,O-,Podanur,10.972508,76.962954,2024-04-26,6,9,2,49.6,anytime,0,active
D03417,Naveen Reddy,26,F,B+,Singanallur,10.996682,77.026051,2024-06-29,6,6,2,45.4,anytime,1,active
D03418,Prakash Menon,40,M,O+,Podanur,10.953545,76.961584,2024-12-13,5,5,4,41.7,emergency_only,1,active
D03419,Bhavani Reddy,27,M,A+,Peelamedu,11.013793,77.043093,2026-04-24,5,10,8,52.5,weekdays,1,active
D03420,Roja Gowda,23,M,B+,Coimbatore Central,11.01655,76.952523,2024-08-25,6,8,2,25.4,weekends,0,active
D03421,Arun Raj,27,F,O+,Saibaba Colony,11.018159,76.916327,2026-05-12,4,8,1,41.4,weekends,1,inactive
D03422,Roja Chandran,30,M,O+,Gandhipuram,11.012072,76.947076,2024-06-30,5,9,3,48.0,emergency_only,1,active
D03423,Roja Moorthy,35,F,B+,Podanur,10.938639,76.969298,2025-03-27,4,9,8,40.1,weekdays,1,active
D03424,Divya Pillai,35,M,A+,Peelamedu,11.011977,77.032227,2025-09-10,5,10,10,69.3,weekends,1,active
D03425,Swathi Pillai,24,F,O+,Singanallur,11.011568,77.042234,2026-01-09,7,8,6,23.4,emergency_only,1,active
D03426,Swathi Kumar,50,M,O+,Gandhipuram,11.043156,76.989676,2026-06-20,1,1,0,78.8,weekends,1,active
D03427,Lakshmi Kumar,36,M,A+,Kalapatti,11.063701,77.060549,2024-10-19,6,6,1,82.9,weekends,1,active
D03428,Muthu Moorthy,23,M,A+,Saibaba Colony,11.047708,76.939742,2025-03-12,7,7,1,25.2,weekdays,1,active
D03429,Arjun Balan,40,M,O+,RS Puram,11.01901,76.967936,2024-07-06,6,11,7,56.1,weekends,0,inactive
D03430,Vijay Kumar,32,F,A+,Singanallur,10.998119,77.007085,2026-04-03,2,6,3,21.6,weekdays,0,active
D03431,Divya Chandran,23,F,O+,Podanur,10.956084,76.937579,2025-12-17,6,7,4,46.9,emergency_only,1,active
D03432,Bhavani Balan,36,M,O+,Podanur,10.930901,76.952221,2024-05-27,7,9,1,45.0,anytime,1,active
D03433,Arun Raj,44,M,O+,Peelamedu,11.023542,77.008406,2026-04-24,7,10,7,62.6,anytime,0,active
D03434,Suresh Reddy,29,M,O-,RS Puram,11.003588,76.970721,2025-04-27,10,12,8,11.2,emergency_only,1,inactive
D03435,Revathi Gowda,25,M,B-,Ukkadam,10.99704,76.968881,2025-04-11,7,7,5,23.1,weekends,1,active
D03436,Geetha Pillai,35,M,A+,Peelamedu,11.051745,76.998718,2024-05-24,4,9,1,18.5,weekdays,0,active
D03437,Ganesh Moorthy,22,F,A+,Saibaba Colony,11.01769,76.924879,2026-05-26,3,8,5,36.6,weekends,1,active
D03438,Arjun Krishnan,18,M,AB+,RS Puram,10.991784,76.930442,2026-07-02,5,7,3,57.4,anytime,0,active
D03439,Revathi Krishnan,28,F,B+,Saibaba Colony,11.037928,76.955533,2026-07-02,6,8,3,72.2,anytime,1,active
D03440,Sandhya Gowda,24,M,O+,Vadavalli,11.004739,76.884559,2026-09-17,3,7,3,37.4,anytime,0,suspended
D03441,Swathi Menon,31,F,A+,Saibaba Colony,10.992428,76.928506,2026-08-21,3,3,3,36.2,weekends,1,active
D03442,Priya Nair,35,F,AB+,Singanallur,10.993089,77.021293,2026-04-10,5,5,2,40.3,weekends,1,active
D03443,Naveen Menon,48,M,O+,Ukkadam,10.988009,76.96981,2025-02-20,1,3,1,23.5,weekdays,1,active
D03444,Suresh Sharma,18,M,O-,Coimbatore Central,10.980955,76.966677,2026-03-29,5,6,4,12.5,weekdays,0,active
D03445,Anitha Nair,23,M,O+,Ukkadam,10.961308,76.941374,2026-04-23,1,5,4,38.3,emergency_only,1,inactive
D03446,Arun Chandran,28,F,AB+,RS Puram,10.996875,76.939517,2026-08-26,3,3,3,59.2,weekdays,0,active
D03447,Vijay Chandran,39,M,O+,Vadavalli,11.019304,76.897533,2026-07-25,5,7,4,52.1,anytime,1,active
D03448,Sandhya Gowda,34,M,O+,Kalapatti,11.088222,77.046777,2026-07-17,3,4,0,27.5,weekdays,1,active
D03449,Geetha Nair,39,F,O+,Podanur,10.937502,76.961145,2024-06-26,5,8,5,48.3,emergency_only,0,active
D03450,Senthil Kumar,31,M,B+,Coimbatore Central,10.987589,76.954895,2025-11-08,1,1,0,32.5,anytime,1,active
D03451,Kavya Rajan,24,M,A+,Podanur,10.973437,76.957715,2025-06-05,5,6,1,33.0,anytime,1,inactive
D03452,Vijay Krishnan,26,F,A+,Gandhipuram,11.022503,76.978359,2024-11-29,3,6,3,57.6,anytime,1,active
D03453,Muthu Krishnan,24,F,AB+,Podanur,10.930475,76.977619,,0,2,1,26.7,anytime,0,active
D03454,Manoj Menon,27,F,O+,Gandhipuram,11.039011,76.941014,2025-10-15,5,8,0,93.2,emergency_only,1,suspended
D03455,Sandhya Iyer,18,F,O+,Saibaba Colony,10.996246,76.925493,2026-01-22,4,4,2,39.1,anytime,1,active
D03456,Bhavani Raj,21,F,A+,Gandhipuram,11.029828,76.950099,2024-09-08,2,6,4,59.7,anytime,0,active
D03457,Meena Menon,33,M,O+,Singanallur,10.975244,77.038357,2024-12-21,2,5,5,42.7,anytime,0,active
D03458,Revathi Raj,26,M,A+,Ukkadam,10.993467,76.93209,2025-07-17,5,6,6,12.6,anytime,0,inactive
D03459,Vikram Sharma,23,M,O+,Ukkadam,10.980615,76.931012,2024-07-27,1,1,1,52.8,weekdays,0,inactive
D03460,Nithya Balan,38,M,O+,Peelamedu,11.001146,77.027068,2026-05-03,3,7,4,11.6,weekends,1,inactive
D03461,Nithya Menon,29,F,A+,Singanallur,11.00358,77.004804,2024-06-15,2,2,2,17.5,weekends,1,active
D03462,Prakash Moorthy,37,F,O-,Kalapatti,11.095767,77.038793,2026-07-10,3,5,0,58.5,anytime,1,active
D03463,Naveen Reddy,18,M,A-,Coimbatore Central,10.988146,76.965432,2024-07-07,4,6,2,60.5,emergency_only,0,inactive
D03464,Pooja Chandran,35,M,O-,Saibaba Colony,10.995179,76.9578,2025-11-07,4,8,3,41.7,weekdays,1,inactive
D03465,Geetha Iyer,36,M,O-,Ukkadam,11.011665,76.962614,2024-08-22,3,8,7,31.9,weekdays,0,active
D03466,Kavya Gowda,29,M,O+,Gandhipuram,11.017549,76.972515,2024-09-22,4,4,2,79.3,emergency_only,0,active
D03467,Roja Kumar,39,M,O+,RS Puram,10.999078,76.948472,2026-04-25,2,2,1,63.7,weekends,1,active
D03468,Bhavani Gowda,18,M,O+,Singanallur,11.004051,77.021243,2025-05-05,2,6,3,6.9,anytime,1,active
D03469,Nithya Moorthy,27,M,O+,Saibaba Colony,11.014256,76.922771,2026-09-03,2,4,4,67.5,weekdays,0,active
D03470,Arun Menon,36,M,A+,Saibaba Colony,11.027488,76.947998,2026-02-17,3,5,4,58.1,emergency_only,0,active
D03471,Manoj Menon,31,F,A+,Podanur,10.981316,76.986444,2026-09-11,4,4,2,20.6,anytime,1,inactive
D03472,Swathi Balan,27,M,B-,Saibaba Colony,11.005059,76.951158,2026-02-24,4,6,6,27.8,anytime,1,active
D03473,Roja Iyer,26,M,A+,Singanallur,10.985157,77.003361,2024-05-25,6,10,0,56.4,weekdays,0,active
D03474,Meena Moorthy,34,M,A+,Ukkadam,10.97548,76.975138,2026-08-30,4,5,5,9.7,weekdays,1,active
D03475,Deepa Reddy,36,M,O+,Gandhipuram,10.993557,76.957381,2024-09-19,2,2,0,40.5,weekdays,0,active
D03476,Arun Reddy,19,M,B+,RS Puram,10.995411,76.973518,2026-01-24,8,13,7,36.8,weekends,1,active
D03477,Priya Raj,30,M,O+,Saibaba Colony,10.989483,76.971588,2025-02-15,3,8,6,41.2,weekdays,0,inactive
D03478,Naveen Balan,32,M,A-,Peelamedu,11.024951,77.036264,2025-09-22,4,4,1,53.3,anytime,0,active
D03479,Bhavani Rajan,49,M,O+,Peelamedu,11.020446,77.006531,2025-03-04,4,8,0,30.5,emergency_only,1,active
D03480,Suresh Raj,22,M,O-,Podanur,10.935933,76.952047,2026-05-02,8,8,4,101.9,weekends,0,inactive
D03481,Divya Krishnan,35,F,O+,Coimbatore Central,10.989466,76.963897,2024-12-05,11,15,6,25.8,anytime,0,active
D03482,Arjun Gowda,25,M,O-,Ukkadam,10.993368,76.984113,2024-11-04,6,11,1,43.9,weekends,1,active
D03483,Karthik Iyer,18,M,A+,Vadavalli,11.047264,76.908111,2026-04-02,7,10,3,75.0,anytime,0,active
D03484,Swathi Kumar,36,F,A+,Kalapatti,11.054863,77.039615,2024-07-04,5,6,0,62.6,weekdays,1,active
D03485,Prakash Reddy,38,F,O+,Coimbatore Central,11.00838,76.961412,2026-04-23,7,8,4,71.2,weekends,1,active
D03486,Sathish Moorthy,40,F,A-,Kalapatti,11.056966,77.013406,2026-05-23,4,7,3,36.2,weekends,1,active
D03487,Ramesh Subramani,28,F,A+,Saibaba Colony,10.990576,76.963715,2025-09-22,3,5,1,39.4,anytime,1,suspended
D03488,Sathish Subramani,46,F,B+,Singanallur,10.997431,77.032914,2025-05-27,1,1,0,61.0,weekends,1,active
D03489,Kavya Kumar,36,M,A+,Saibaba Colony,11.036773,76.948646,2024-10-05,4,4,0,33.6,weekends,0,active
D03490,Senthil Rajan,33,F,AB+,Peelamedu,11.022822,77.02862,2026-01-29,2,2,0,34.5,emergency_only,1,active
D03491,Revathi Reddy,28,F,B+,Saibaba Colony,11.032174,76.973851,2024-08-27,5,5,5,13.6,weekdays,1,active
D03492,Ramesh Chandran,32,M,O+,Saibaba Colony,11.048127,76.951862,2025-12-09,2,3,2,52.3,weekdays,1,suspended
D03493,Ganesh Rajan,39,F,O-,Singanallur,10.97906,77.032997,2026-06-25,3,3,0,75.6,anytime,0,active
D03494,Meena Sharma,37,M,O+,Peelamedu,11.027168,76.996865,2026-02-18,3,3,3,36.6,weekends,1,active
D03495,Arun Gowda,30,M,O+,Singanallur,11.018465,77.050721,2026-05-10,5,7,2,69.3,weekdays,0,active
D03496,Priya Gowda,34,F,B+,Peelamedu,11.045602,77.020838,2024-07-04,2,6,5,40.1,emergency_only,0,inactive
D03497,Anitha Nair,24,F,O-,Peelamedu,11.032836,77.038482,2025-02-13,4,7,7,50.4,weekdays,1,active
D03498,Bhavani Krishnan,18,F,O+,Coimbatore Central,10.973075,76.963956,2024-09-03,7,12,5,35.9,weekends,0,active
D03499,Ganesh Pillai,29,F,O+,Ukkadam,10.964575,76.972494,2025-01-03,5,6,4,61.0,weekends,1,active
D03500,Nithya Krishnan,19,M,O+,Saibaba Colony,11.042916,76.974432,2024-08-24,3,5,1,29.0,weekdays,1,active
D03501,Anitha Menon,30,F,O+,Vadavalli,11.014936,76.942318,2026-07-23,7,10,10,42.1,anytime,1,active
D03502,Pooja Reddy,33,M,O+,Peelamedu,11.02507,77.045569,2025-12-18,6,11,4,50.2,emergency_only,1,active
D03503,Karthik Kumar,38,M,A-,Singanallur,11.006629,77.038778,2024-07-22,4,4,2,72.8,weekends,0,active
D03504,Karthik Moorthy,35,M,O+,RS Puram,11.030312,76.94681,2026-05-31,6,9,8,19.6,anytime,1,active
D03505,Roja Krishnan,22,M,B+,Kalapatti,11.071925,77.01608,2025-11-21,4,7,6,18.1,weekdays,1,inactive
D03506,Vijay Kumar,32,M,B+,Vadavalli,11.006609,76.899774,2026-02-26,2,5,5,36.3,weekdays,1,active
D03507,Suresh Nair,44,M,A+,Ukkadam,11.008299,76.970181,2026-09-15,6,7,1,53.9,anytime,0,active
D03508,Ganesh Sharma,40,M,O+,Vadavalli,11.011326,76.888558,2025-12-05,5,6,3,44.0,anytime,0,inactive
D03509,Priya Chandran,32,M,B-,Kalapatti,11.088054,77.041665,2025-03-18,9,12,9,36.8,weekdays,1,active
D03510,Revathi Kumar,30,M,A+,Coimbatore Central,11.011375,76.962455,2024-06-25,3,6,1,48.7,weekends,1,active
D03511,Swathi Reddy,49,M,A+,Kalapatti,11.054576,77.051082,2024-09-09,2,2,0,63.4,emergency_only,1,active
D03512,Dinesh Moorthy,21,M,O+,Gandhipuram,11.046039,76.976592,2024-07-17,5,5,3,47.6,weekdays,0,active
D03513,Arun Nair,19,M,A+,Ukkadam,10.964135,76.937743,2025-03-25,5,8,3,45.2,weekends,1,active
D03514,Deepa Rajan,41,F,O+,Podanur,10.943011,76.978947,2024-11-27,2,3,1,30.4,anytime,0,active
D03515,Roja Chandran,24,F,A+,Peelamedu,11.011218,77.042721,2026-06-24,3,5,4,67.3,anytime,1,active
D03516,Revathi Moorthy,18,M,O-,Peelamedu,11.015374,77.05417,2026-08-05,6,9,7,27.3,weekdays,1,active
D03517,Bhavani Gowda,24,F,AB+,Saibaba Colony,11.001419,76.916671,2026-06-23,3,7,4,56.8,anytime,1,active
D03518,Revathi Menon,35,M,AB+,Vadavalli,11.04258,76.883388,2025-08-06,2,7,6,50.5,anytime,1,suspended
D03519,Ganesh Pillai,32,M,O+,Vadavalli,11.032496,76.89379,2025-01-07,7,10,4,53.5,weekdays,0,active
D03520,Revathi Nair,24,M,O-,Saibaba Colony,11.020414,76.929544,2025-01-05,3,8,1,17.2,emergency_only,0,suspended
D03521,Divya Krishnan,22,M,B+,Vadavalli,11.028873,76.936975,2026-03-24,5,8,6,6.1,weekends,0,active
D03522,Divya Subramani,40,F,A+,Ukkadam,10.98805,76.969383,2024-05-06,7,12,5,32.8,anytime,0,active
D03523,Swathi Subramani,28,M,O-,Singanallur,10.989755,77.050177,2026-01-27,1,5,3,48.1,emergency_only,0,active
D03524,Kavya Kumar,35,F,O+,Kalapatti,11.067249,77.018149,2026-01-05,5,7,2,38.5,weekdays,1,active
D03525,Ganesh Nair,37,M,A+,Singanallur,10.989744,77.041627,2026-07-09,4,7,3,62.2,weekdays,1,active
D03526,Kavya Pillai,45,M,O+,Kalapatti,11.06121,77.040552,2025-05-27,3,3,0,62.8,weekdays,1,inactive
D03527,Sandhya Gowda,19,F,B+,Saibaba Colony,11.037476,76.934861,2024-08-09,8,12,4,35.7,weekdays,1,active
D03528,Nithya Iyer,41,F,A+,Kalapatti,11.045809,77.018995,2024-10-26,6,10,3,5.0,weekends,1,active
D03529,Arun Subramani,25,F,A+,Singanallur,10.998244,77.0269,2026-05-28,6,11,6,35.2,emergency_only,0,active
D03530,Ramesh Gowda,28,M,B+,Vadavalli,11.005807,76.902508,2026-09-03,3,5,3,51.3,weekends,0,inactive
D03531,Dinesh Krishnan,29,F,O+,Singanallur,11.022936,77.054653,2024-11-24,3,4,3,55.0,anytime,1,active
D03532,Vikram Reddy,29,M,A-,Ukkadam,11.010454,76.932412,2025-10-03,6,11,5,48.7,anytime,1,active
D03533,Ganesh Krishnan,29,F,A+,Kalapatti,11.085933,77.052238,2026-03-17,3,3,1,48.7,weekends,0,active
D03534,Prakash Raj,43,F,O+,RS Puram,10.992607,76.973138,2025-07-09,3,6,1,56.4,anytime,1,active
D03535,Senthil Pillai,28,M,O+,RS Puram,11.002406,76.970419,2024-06-15,3,3,0,29.8,weekends,0,inactive
D03536,Vikram Pillai,38,M,A-,Ukkadam,10.974237,76.972589,2026-02-16,7,10,7,58.5,weekdays,1,active
D03537,Muthu Subramani,38,F,AB+,Saibaba Colony,11.03607,76.949433,2025-11-02,4,7,5,11.2,weekdays,1,active
D03538,Geetha Krishnan,48,M,O+,RS Puram,11.021252,76.923039,2025-01-11,2,4,2,5.0,weekdays,1,active
D03539,Arun Pillai,21,F,A+,Podanur,10.961909,76.937207,2024-10-31,6,9,4,65.8,weekdays,0,active
D03540,Priya Gowda,47,F,O+,Gandhipuram,11.045809,76.956636,2026-06-05,7,9,5,70.9,anytime,1,active
D03541,Arjun Sharma,27,M,A-,Ukkadam,11.017942,76.935975,2025-02-07,6,7,1,62.7,emergency_only,0,active
D03542,Divya Krishnan,38,F,O+,Podanur,10.943526,76.971121,2026-02-23,1,2,2,29.9,anytime,1,active
D03543,Suresh Balan,53,M,O+,RS Puram,10.986363,76.958697,2024-11-10,2,4,1,91.6,weekdays,0,active
D03544,Roja Chandran,28,M,B+,Coimbatore Central,10.981824,76.930248,2024-10-12,4,8,6,60.0,weekends,1,active
D03545,Arun Sharma,37,M,O+,Ukkadam,10.994585,76.931429,2026-02-18,4,9,2,59.9,weekends,0,active
D03546,Dinesh Sharma,36,F,B+,RS Puram,10.995913,76.95989,2024-09-20,4,5,1,52.2,weekdays,0,inactive
D03547,Geetha Rajan,34,M,O+,Coimbatore Central,11.015886,76.951483,2024-05-01,5,5,4,69.1,weekends,1,suspended
D03548,Meena Gowda,21,M,O+,Podanur,10.928053,76.982282,2025-06-14,7,12,10,31.1,weekdays,1,active
D03549,Lakshmi Kumar,28,F,O+,Podanur,10.928965,76.95034,2025-07-29,7,12,8,32.6,anytime,1,active
D03550,Anitha Nair,29,F,A+,Podanur,10.952605,76.984128,2026-07-27,3,4,3,71.2,anytime,1,active
D03551,Divya Iyer,45,M,O+,RS Puram,11.008403,76.922102,2026-02-10,6,11,2,60.4,emergency_only,1,inactive
D03552,Nithya Gowda,36,M,O+,Kalapatti,11.076282,77.025832,2026-03-08,3,6,5,75.6,anytime,1,active
D03553,Dinesh Kumar,18,F,A+,Saibaba Colony,11.0043,76.95969,2025-01-31,5,8,3,64.9,anytime,1,active
D03554,Lakshmi Iyer,18,F,O-,Peelamedu,11.053729,76.9973,2025-09-07,5,10,4,75.6,anytime,1,active
D03555,Arun Menon,21,M,A+,Peelamedu,11.034139,77.000184,2025-02-21,3,3,0,31.8,anytime,1,active
D03556,Roja Moorthy,26,F,A+,Peelamedu,11.040205,77.01102,2024-09-05,2,4,1,73.8,anytime,0,active
D03557,Revathi Gowda,24,M,O+,Podanur,10.929896,76.95738,2025-12-30,2,4,2,29.3,emergency_only,1,inactive
D03558,Muthu Iyer,28,M,O+,RS Puram,11.016563,76.981032,2026-07-18,4,5,3,86.5,weekends,0,inactive
D03559,Ganesh Nair,23,M,O+,Saibaba Colony,11.02301,76.936865,2025-05-22,3,4,0,45.6,weekdays,1,active
D03560,Swathi Pillai,26,M,O-,Gandhipuram,11.017026,76.966356,2025-03-24,8,11,5,54.2,weekends,1,active
D03561,Meena Moorthy,26,F,A-,Singanallur,10.981892,77.024835,2025-01-26,3,5,2,6.8,weekends,1,active
D03562,Priya Gowda,28,F,O+,Ukkadam,11.000678,76.942156,2026-08-05,3,4,0,20.5,anytime,1,active
D03563,Swathi Gowda,28,M,B+,Coimbatore Central,10.973683,76.969839,2026-09-04,2,7,6,32.9,anytime,1,active
D03564,Revathi Gowda,18,M,O+,Saibaba Colony,11.042911,76.929903,,0,2,2,37.1,weekends,1,active
D03565,Dinesh Reddy,31,M,A+,Vadavalli,11.018356,76.908519,2024-05-14,4,8,3,45.2,anytime,1,active
D03566,Naveen Subramani,22,F,A+,Saibaba Colony,10.994252,76.966795,2025-02-18,6,7,6,25.2,anytime,0,active
D03567,Dinesh Pillai,34,F,A+,Singanallur,11.023388,77.058839,2025-08-05,3,5,4,21.7,weekdays,0,active
D03568,Muthu Moorthy,40,F,O+,RS Puram,11.023136,76.94184,2025-08-27,4,6,0,79.3,anytime,1,inactive
D03569,Ganesh Krishnan,18,M,A+,RS Puram,11.030277,76.957323,2024-06-30,4,9,2,59.9,anytime,1,active
D03570,Divya Moorthy,31,Other,A+,Coimbatore Central,11.003074,76.963276,2024-11-17,4,9,7,57.1,weekends,0,active
D03571,Pooja Iyer,39,M,B+,RS Puram,10.998912,76.929369,2026-03-01,4,9,2,5.0,emergency_only,0,active
D03572,Kavya Reddy,27,F,AB+,RS Puram,11.01773,76.932018,2025-08-26,2,6,6,37.4,weekdays,1,active
D03573,Kavya Nair,43,F,O+,Podanur,10.967882,76.94715,2025-09-02,5,7,2,49.8,weekdays,1,active
D03574,Suresh Iyer,18,M,O+,Singanallur,10.99351,77.001563,2025-09-16,6,7,4,71.7,anytime,1,active
D03575,Prakash Sharma,33,M,AB+,Gandhipuram,11.006935,76.957133,2026-05-25,5,10,0,30.8,weekdays,1,active
D03576,Roja Nair,34,M,B-,Vadavalli,11.045607,76.92485,2024-06-19,6,11,3,39.7,weekends,1,active
D03577,Manoj Balan,35,M,O+,Peelamedu,11.04953,77.004488,2025-04-23,2,2,1,25.4,anytime,1,active
D03578,Prakash Chandran,18,M,B+,Peelamedu,11.025919,77.043661,2026-03-08,6,7,5,39.2,emergency_only,0,active
D03579,Vikram Rajan,26,F,A+,Peelamedu,11.05013,77.055551,2025-02-12,2,2,1,38.1,emergency_only,1,active
D03580,Sathish Balan,23,M,O+,RS Puram,11.017731,76.975556,2025-02-17,2,4,2,62.0,emergency_only,1,active
D03581,Prakash Menon,30,M,A-,Podanur,10.963976,76.989848,2025-03-24,2,6,6,12.0,weekdays,1,active
D03582,Anitha Krishnan,41,F,A-,Singanallur,11.013381,77.023574,2024-10-10,7,7,1,48.8,anytime,1,active
D03583,Revathi Menon,24,M,A+,Kalapatti,11.06256,77.048052,2026-05-28,5,9,4,40.0,weekdays,1,active
D03584,Vikram Reddy,24,F,O-,Gandhipuram,11.04165,76.940782,2026-07-06,7,9,5,6.3,weekdays,0,active
D03585,Geetha Chandran,37,M,A+,Vadavalli,11.041877,76.929269,2025-12-12,5,6,2,37.7,anytime,1,active
D03586,Prakash Menon,42,M,AB-,RS Puram,11.012145,76.954839,2024-12-26,3,6,4,51.8,weekdays,1,active
D03587,Sathish Menon,25,M,A+,Vadavalli,11.005586,76.915988,2025-06-28,3,4,2,24.5,weekdays,0,active
D03588,Ganesh Pillai,38,F,A+,Ukkadam,10.98979,76.963744,2025-04-18,4,8,1,74.4,weekends,1,inactive
D03589,Deepa Kumar,25,M,O-,Podanur,10.936459,76.951367,2025-01-26,6,6,1,42.6,weekends,1,active
D03590,Suresh Sharma,31,F,A+,Peelamedu,11.046039,77.044802,2024-09-30,5,9,8,36.1,emergency_only,1,active
D03591,Naveen Reddy,20,M,O+,Peelamedu,11.023944,77.003858,2026-08-20,4,8,8,15.5,anytime,1,active
D03592,Naveen Krishnan,36,M,B+,Kalapatti,11.073489,77.029828,2025-05-07,5,7,2,58.9,emergency_only,1,active
D03593,Ramesh Rajan,34,M,A+,Vadavalli,11.023295,76.931569,2024-05-28,5,10,2,40.7,anytime,1,active
D03594,Kavya Pillai,30,M,A+,RS Puram,10.990964,76.928584,2024-09-27,4,6,2,53.9,weekends,1,active
D03595,Pooja Menon,29,F,AB+,RS Puram,10.98941,76.954687,2025-12-01,1,1,0,43.4,anytime,1,inactive
D03596,Prakash Sharma,39,M,O-,Coimbatore Central,10.986832,76.941321,2026-01-12,7,9,5,75.6,weekends,1,suspended
D03597,Divya Nair,18,M,O+,Saibaba Colony,11.023757,76.960413,2025-07-23,7,7,6,36.7,emergency_only,1,inactive
D03598,Swathi Reddy,24,F,O+,Kalapatti,11.054131,77.016092,2026-09-05,4,9,6,20.4,weekends,1,active
D03599,Lakshmi Pillai,41,M,O+,Singanallur,11.018329,77.008251,2024-07-02,6,7,1,61.1,anytime,1,active
D03600,Roja Krishnan,31,M,AB+,Podanur,10.951378,76.978763,2025-12-11,5,7,3,47.1,weekdays,1,active
D03601,Arun Menon,29,F,O+,Vadavalli,11.00935,76.913622,2024-10-19,2,5,0,48.7,weekdays,1,active
D03602,Ramesh Reddy,30,F,O+,RS Puram,11.018823,76.955256,2026-09-13,4,5,3,26.1,weekdays,1,inactive
D03603,Bhavani Pillai,31,F,O+,Gandhipuram,11.045061,76.939515,2025-05-11,3,5,3,46.3,weekends,1,suspended
D03604,Senthil Pillai,28,F,O+,RS Puram,11.017106,76.968783,2026-06-28,3,8,2,44.9,weekdays,1,active
D03605,Deepa Balan,39,M,A+,Podanur,10.925314,76.977652,2024-04-20,5,9,4,5.0,anytime,0,active
D03606,Swathi Gowda,22,F,A-,Coimbatore Central,10.973066,76.970136,2024-11-21,9,10,6,41.7,weekends,0,active
D03607,Ganesh Balan,22,M,O+,Vadavalli,11.026927,76.883227,2024-10-05,5,7,4,41.5,weekdays,1,active
D03608,Prakash Nair,20,M,O+,RS Puram,10.985419,76.944398,2024-05-08,1,6,2,49.6,anytime,0,active
D03609,Manoj Menon,31,F,O+,Singanallur,10.988964,77.010091,2025-11-13,6,11,3,62.7,anytime,1,active
D03610,Vikram Sharma,18,M,A+,Vadavalli,11.026854,76.899988,2024-07-12,6,10,5,30.2,weekends,1,active
D03611,Geetha Gowda,31,F,O+,Gandhipuram,11.043448,76.979986,2025-03-10,3,4,4,37.4,emergency_only,0,active
D03612,Prakash Gowda,35,M,O+,RS Puram,10.997232,76.929973,2024-12-14,2,7,3,51.8,anytime,1,active
D03613,Suresh Subramani,29,F,A-,Saibaba Colony,11.000442,76.92362,2025-04-12,5,8,8,12.0,weekdays,0,active
D03614,Roja Menon,34,F,A-,Peelamedu,11.051579,77.002462,2024-10-09,3,5,3,46.0,anytime,1,active
D03615,Karthik Chandran,33,M,O-,Kalapatti,11.057103,77.043553,2026-01-06,3,4,3,40.6,emergency_only,1,active
D03616,Kavya Balan,28,M,O+,Vadavalli,11.008452,76.929942,2025-12-28,4,7,1,51.2,weekdays,1,active
D03617,Nithya Raj,18,F,B+,Saibaba Colony,11.021743,76.922045,2024-12-14,3,6,5,5.0,anytime,0,active
D03618,Bhavani Rajan,24,M,A-,Vadavalli,11.0407,76.884423,2025-06-20,6,9,3,47.1,weekdays,1,active
D03619,Arjun Rajan,32,M,A-,Coimbatore Central,11.023136,76.974114,2025-11-01,1,6,3,76.3,weekdays,1,inactive
D03620,Arun Menon,32,M,O+,Kalapatti,11.060514,77.024881,2025-05-10,2,4,4,53.7,emergency_only,0,active
D03621,Prakash Iyer,34,F,A+,Coimbatore Central,11.00081,76.977305,2026-08-28,2,6,6,22.9,weekdays,1,active
D03622,Karthik Nair,33,M,O-,Vadavalli,11.024252,76.929599,2024-08-31,6,8,6,61.3,anytime,0,active
D03623,Sathish Subramani,32,F,A+,Singanallur,10.972926,77.036337,2024-05-19,3,3,1,28.3,weekends,0,active
D03624,Sandhya Chandran,44,F,B+,RS Puram,11.001011,76.971533,2024-08-03,4,7,5,5.0,emergency_only,1,active
D03625,Manoj Nair,26,M,B+,Ukkadam,10.995749,76.943027,2025-11-27,5,7,4,69.4,anytime,1,active
D03626,Kavya Balan,18,M,O+,Gandhipuram,10.998916,76.973112,2025-12-26,6,10,5,30.2,anytime,1,active
D03627,Vikram Chandran,35,M,AB+,Saibaba Colony,11.039497,76.959249,2026-03-09,5,8,7,13.9,weekends,0,active
D03628,Ramesh Rajan,32,M,O+,Gandhipuram,11.045565,76.979142,2025-12-03,2,4,3,46.0,anytime,1,active
D03629,Sathish Reddy,23,F,O+,Ukkadam,10.999995,76.979764,2026-05-25,5,8,3,62.6,anytime,1,active
D03630,Lakshmi Reddy,18,F,O+,Peelamedu,11.018376,77.055216,2024-08-21,6,9,7,55.5,anytime,0,active
D03631,Bhavani Kumar,33,M,O+,Peelamedu,11.058441,77.039824,2026-02-01,5,6,4,31.1,anytime,0,active
D03632,Sathish Rajan,39,M,A+,Vadavalli,11.02117,76.898078,2025-07-03,1,6,3,68.5,weekdays,1,active
D03633,Prakash Reddy,43,F,AB+,RS Puram,11.009696,76.92545,2025-03-03,6,8,5,77.0,weekends,1,active
D03634,Kavya Nair,32,M,O+,Vadavalli,10.994048,76.909185,2025-06-20,1,5,4,55.1,anytime,1,active
D03635,Sandhya Pillai,41,F,A+,RS Puram,11.002821,76.938651,2024-06-23,5,6,3,53.3,anytime,1,active
D03636,Vijay Iyer,32,F,O+,Coimbatore Central,11.004377,76.966358,2025-12-05,2,2,1,66.9,anytime,1,active
D03637,Kavya Iyer,25,M,A+,Kalapatti,11.069918,77.03748,2026-07-24,3,4,2,55.8,weekends,0,active
D03638,Meena Kumar,38,M,O+,Peelamedu,11.02832,77.030238,2025-04-11,5,8,5,56.2,anytime,0,active
D03639,Ganesh Nair,23,F,A+,RS Puram,11.007069,76.980003,2025-05-12,4,9,2,21.6,anytime,1,active
D03640,Vijay Rajan,39,F,B+,Kalapatti,11.070364,77.039946,2025-11-16,3,5,3,5.0,weekdays,0,active
D03641,Ganesh Nair,18,M,B-,Ukkadam,10.967838,76.932128,2026-07-11,3,3,0,15.8,anytime,1,active
D03642,Swathi Reddy,30,F,O-,Ukkadam,11.002183,76.941226,2025-02-20,6,9,3,66.0,weekdays,1,active
D03643,Senthil Subramani,31,F,B+,Coimbatore Central,10.981366,76.939822,2026-07-16,3,4,3,64.0,weekdays,1,active
D03644,Priya Nair,21,M,B-,Kalapatti,11.073524,77.054453,2025-02-07,6,8,8,55.4,anytime,0,suspended
D03645,Lakshmi Balan,33,F,O+,Peelamedu,11.055231,77.024589,2025-12-24,3,4,3,51.4,emergency_only,1,active
D03646,Senthil Menon,18,F,A+,Gandhipuram,10.999269,76.955248,2024-12-22,4,9,2,39.0,anytime,0,active
D03647,Swathi Krishnan,28,F,B+,Singanallur,11.022301,77.05452,2026-05-07,8,11,6,55.9,weekends,1,active
D03648,Arjun Iyer,22,F,A-,Peelamedu,11.041725,77.027179,2025-09-22,3,4,3,5.0,anytime,0,active
D03649,Anitha Reddy,18,M,O+,Saibaba Colony,11.011662,76.940264,,0,1,0,32.8,weekdays,0,active
D03650,Meena Kumar,26,F,A+,Singanallur,10.987755,77.046589,2024-11-17,6,9,3,97.3,weekdays,0,active
D03651,Bhavani Subramani,23,M,A+,Podanur,10.953637,76.994944,2025-10-04,4,7,1,63.7,weekends,1,active
D03652,Ganesh Sharma,33,M,A+,Peelamedu,11.055853,77.044331,2024-11-15,4,6,2,17.0,weekends,0,active
D03653,Swathi Moorthy,34,M,A-,Kalapatti,11.076401,77.025201,2025-03-14,4,9,7,43.6,emergency_only,0,active
D03654,Pooja Rajan,35,M,B+,RS Puram,11.004145,76.922501,2025-06-17,9,12,4,45.9,weekdays,1,active
D03655,Sandhya Sharma,27,Other,A+,Coimbatore Central,10.975323,76.951214,2025-07-01,5,7,2,44.3,weekdays,1,active
D03656,Lakshmi Pillai,27,F,B-,Coimbatore Central,11.021664,76.948001,2025-06-14,4,7,5,40.6,weekdays,1,active
D03657,Geetha Balan,42,F,O+,Vadavalli,10.997153,76.913566,2026-02-18,4,6,4,30.0,weekdays,1,active
D03658,Dinesh Gowda,38,M,O+,Vadavalli,11.013924,76.905002,2026-05-19,8,10,2,56.2,anytime,0,active
D03659,Kavya Sharma,30,F,A+,RS Puram,10.991376,76.947634,2024-09-07,3,8,5,40.7,anytime,1,active
D03660,Ramesh Moorthy,36,M,A-,Podanur,10.954958,76.990083,2026-05-27,5,7,1,108.5,anytime,1,active
D03661,Arjun Moorthy,39,M,A+,Ukkadam,10.993137,76.930218,2025-11-03,4,4,1,78.7,anytime,1,active
D03662,Divya Gowda,18,F,O+,Gandhipuram,11.016494,76.994343,2026-06-26,7,12,8,14.8,emergency_only,1,active
D03663,Kavya Nair,42,M,A+,RS Puram,10.998101,76.935719,2024-12-17,4,8,2,45.6,emergency_only,1,inactive
D03664,Vikram Kumar,18,F,A+,Vadavalli,10.992547,76.942617,2025-05-05,6,11,3,104.1,weekends,0,inactive
D03665,Karthik Subramani,34,F,A+,Podanur,10.962998,76.991367,2025-12-26,4,6,4,39.7,emergency_only,0,active
D03666,Vikram Reddy,35,M,O+,Kalapatti,11.055512,77.023302,2025-03-26,3,5,4,42.2,weekends,1,active
D03667,Geetha Nair,18,M,O+,RS Puram,11.026511,76.936993,2026-03-18,3,7,4,39.6,weekdays,1,active
D03668,Senthil Moorthy,33,M,A-,Saibaba Colony,11.0209,76.943234,2025-03-27,3,5,5,52.7,anytime,1,active
D03669,Sathish Moorthy,29,M,O+,Vadavalli,10.999757,76.887212,2026-07-12,1,1,0,22.8,weekdays,0,active
D03670,Vikram Krishnan,25,F,B+,Gandhipuram,11.01385,76.952208,2024-06-05,5,6,2,43.4,weekdays,1,active
D03671,Divya Reddy,42,F,A-,Peelamedu,11.016951,77.034047,2025-09-09,6,10,9,43.9,emergency_only,0,active
D03672,Suresh Nair,28,M,A+,Ukkadam,11.009288,76.95942,2025-10-11,7,12,10,44.7,anytime,0,suspended
D03673,Meena Nair,25,M,A+,Coimbatore Central,11.023433,76.951634,2026-05-24,6,7,0,54.5,weekdays,0,active
D03674,Vikram Subramani,40,F,B+,Kalapatti,11.044643,77.019032,2026-05-17,5,7,2,51.1,weekdays,0,active
D03675,Muthu Subramani,36,M,O+,Podanur,10.932686,76.994918,2025-06-02,7,11,0,50.3,emergency_only,1,active
D03676,Pooja Sharma,40,M,A+,Gandhipuram,11.033212,76.958495,2026-03-29,2,6,2,50.6,weekends,0,active
D03677,Vijay Balan,31,F,B-,Vadavalli,11.017139,76.906822,2025-02-22,3,7,3,52.6,weekends,0,active
D03678,Revathi Moorthy,34,M,O+,Gandhipuram,11.003767,76.956006,2026-06-16,7,9,8,29.7,emergency_only,0,active
D03679,Naveen Rajan,37,M,A+,Saibaba Colony,11.014019,76.973776,2024-10-10,3,8,4,50.0,weekdays,1,active
D03680,Senthil Iyer,34,M,A+,Coimbatore Central,11.017564,76.958231,2024-08-12,1,2,1,33.0,anytime,0,active
D03681,Senthil Balan,33,M,O+,Kalapatti,11.054817,77.019894,2025-07-04,6,7,4,28.2,anytime,1,active
D03682,Prakash Gowda,29,F,O+,RS Puram,10.985879,76.970041,2026-04-14,5,10,4,31.0,weekends,0,active
D03683,Manoj Raj,30,M,O+,Saibaba Colony,11.026291,76.970695,2024-12-31,5,9,0,56.6,weekends,1,active
D03684,Muthu Gowda,18,M,O-,Saibaba Colony,11.014307,76.944577,2025-09-07,4,4,1,44.1,weekends,0,inactive
D03685,Arun Krishnan,27,M,O+,Ukkadam,10.971273,76.963519,2026-07-05,6,10,4,25.8,emergency_only,0,active
D03686,Vijay Rajan,35,M,A+,Coimbatore Central,10.977353,76.985048,2026-08-02,2,4,1,46.8,weekends,1,active
D03687,Manoj Iyer,33,M,O+,Singanallur,11.025241,77.043787,2024-07-26,2,5,4,51.1,weekends,1,active
D03688,Kavya Moorthy,30,F,O+,Coimbatore Central,11.011571,76.926657,2026-07-12,3,8,4,51.3,emergency_only,0,inactive
D03689,Arun Sharma,45,M,O+,Gandhipuram,11.016379,76.976183,2025-08-06,2,3,2,55.0,weekends,0,active
D03690,Bhavani Balan,27,M,A+,Gandhipuram,11.028081,76.945974,2024-04-22,4,4,2,59.0,anytime,1,active
D03691,Roja Balan,34,M,A+,Podanur,10.981815,76.994662,2025-08-26,7,9,4,25.1,emergency_only,1,active
D03692,Sandhya Nair,42,F,O+,RS Puram,11.029513,76.960227,2026-04-27,2,5,5,10.4,weekends,1,active
D03693,Ramesh Krishnan,36,M,O+,Peelamedu,11.019834,77.05634,2026-04-21,3,8,0,30.9,weekdays,0,active
D03694,Sandhya Chandran,34,M,A+,RS Puram,11.024461,76.978146,2025-05-18,4,5,3,31.5,anytime,1,active
D03695,Meena Chandran,43,F,A+,Vadavalli,11.051852,76.939703,2026-08-22,4,7,4,40.8,anytime,0,active
D03696,Arjun Balan,32,F,B+,Vadavalli,11.03258,76.921102,2025-11-15,9,10,7,11.0,anytime,0,active
D03697,Deepa Iyer,27,M,O+,Coimbatore Central,11.011708,76.97322,2026-07-31,8,11,11,49.2,anytime,1,active
D03698,Vijay Rajan,22,F,A+,Podanur,10.947845,76.971419,2024-12-06,5,7,7,48.5,anytime,1,active
D03699,Sathish Iyer,20,F,O+,Kalapatti,11.07751,77.068202,2024-11-27,5,9,1,46.9,weekdays,1,inactive
D03700,Divya Sharma,19,M,A+,Kalapatti,11.093622,77.06542,2024-12-14,4,8,6,47.1,anytime,0,inactive
D03701,Divya Krishnan,31,M,O+,Peelamedu,11.024648,77.056252,2024-07-27,8,12,7,45.4,weekends,0,active
D03702,Roja Kumar,22,M,A+,Gandhipuram,11.004291,76.961957,2025-11-23,4,4,4,20.9,weekends,1,active
D03703,Arjun Iyer,27,F,AB+,RS Puram,10.997292,76.926422,2024-06-18,4,9,0,64.3,anytime,0,active
D03704,Swathi Chandran,19,M,O-,Peelamedu,11.005789,77.014425,2025-01-26,4,9,7,54.6,weekdays,1,active
D03705,Sathish Menon,23,F,AB+,Ukkadam,11.004995,76.984849,2025-04-07,3,4,3,35.4,anytime,1,active
D03706,Senthil Krishnan,19,M,A+,Podanur,10.939997,76.982403,2026-03-06,3,3,2,28.1,weekdays,0,active
D03707,Deepa Rajan,34,M,B-,Ukkadam,10.978439,76.930319,,0,0,0,41.0,weekdays,1,active
D03708,Roja Sharma,26,F,O+,Podanur,10.956566,76.989323,2026-04-15,4,8,8,27.4,anytime,1,active
D03709,Suresh Pillai,28,M,O-,Podanur,10.969779,76.965344,2025-05-01,4,8,5,37.3,anytime,0,active
D03710,Revathi Rajan,44,M,A-,Saibaba Colony,10.99588,76.941933,2025-02-21,5,7,1,61.4,weekdays,0,active
D03711,Nithya Gowda,22,M,B+,Singanallur,11.018698,77.032757,2024-12-23,6,10,8,61.1,weekdays,1,active
D03712,Swathi Nair,27,F,O+,Coimbatore Central,11.028039,76.945034,2024-11-04,5,6,2,45.6,weekends,1,active
D03713,Arjun Moorthy,40,F,O+,Gandhipuram,11.019377,76.971447,2025-09-28,1,3,1,53.7,weekends,0,suspended
D03714,Swathi Menon,36,M,O-,Gandhipuram,10.989165,76.949468,2025-12-08,2,7,0,42.3,weekends,1,active
D03715,Dinesh Raj,18,M,A-,Ukkadam,10.959414,76.959381,2024-11-28,4,5,5,73.9,anytime,1,active
D03716,Roja Moorthy,18,M,O+,Vadavalli,11.000558,76.935093,2026-05-30,5,10,8,49.5,weekends,1,suspended
D03717,Muthu Chandran,29,M,O+,Ukkadam,10.991143,76.988011,2024-10-21,6,7,0,56.6,anytime,1,active
D03718,Manoj Raj,20,M,A+,Coimbatore Central,10.986998,76.961728,2025-05-10,1,3,3,5.0,anytime,0,active
D03719,Sathish Menon,23,F,A+,Vadavalli,11.007064,76.891763,2025-01-04,4,5,2,44.9,weekends,1,active
D03720,Vikram Raj,26,M,A+,RS Puram,10.977131,76.967776,2026-04-04,5,7,6,48.8,anytime,1,suspended
D03721,Ganesh Balan,27,M,O+,Ukkadam,10.965331,76.940165,2024-12-11,3,4,1,33.8,anytime,1,active
D03722,Pooja Sharma,28,M,A+,Vadavalli,11.033262,76.924147,2026-03-22,3,4,4,5.0,weekdays,1,active
D03723,Muthu Rajan,35,M,AB+,Vadavalli,11.027617,76.904601,2025-11-30,1,5,5,44.1,emergency_only,1,inactive
D03724,Naveen Iyer,26,F,O+,Singanallur,10.974031,77.032692,2026-04-27,3,6,5,56.6,weekends,1,active
D03725,Sathish Chandran,20,M,O+,Ukkadam,10.974045,76.949393,2024-11-27,2,3,1,46.7,anytime,1,active
D03726,Senthil Reddy,41,F,A-,Ukkadam,10.998618,76.943938,2024-11-25,3,8,1,24.6,weekdays,1,active
D03727,Nithya Sharma,28,F,O+,Ukkadam,11.008093,76.974861,2024-08-24,5,8,6,5.0,weekends,0,active
D03728,Arjun Krishnan,23,M,O-,RS Puram,11.001706,76.924229,2025-06-16,5,10,5,42.3,weekdays,0,active
D03729,Naveen Nair,18,M,A+,Kalapatti,11.07713,77.050465,2025-01-11,4,7,0,72.2,emergency_only,1,active
D03730,Meena Reddy,26,M,O+,RS Puram,10.983326,76.923035,2025-09-20,3,5,4,47.8,weekdays,0,suspended
D03731,Karthik Iyer,24,F,B+,Singanallur,10.99959,77.049719,2024-07-10,4,9,4,50.1,anytime,1,active
D03732,Sandhya Sharma,45,M,A+,Kalapatti,11.045294,77.039471,2025-01-24,4,4,2,51.7,anytime,1,active
D03733,Vikram Subramani,30,M,O+,Singanallur,10.996369,77.049026,2026-08-27,7,10,5,32.7,weekends,1,active
D03734,Muthu Nair,45,F,O+,Singanallur,10.972416,77.042833,2025-10-19,3,7,1,60.4,anytime,1,active
D03735,Manoj Moorthy,49,M,O+,Saibaba Colony,11.029098,76.964798,2025-09-23,1,4,3,90.7,anytime,1,active
D03736,Deepa Pillai,29,F,B-,Singanallur,11.027458,77.011981,2025-05-06,4,9,7,26.9,weekdays,1,active
D03737,Pooja Moorthy,31,M,B+,Saibaba Colony,11.015881,76.941158,2024-05-04,4,5,3,54.3,weekdays,1,active
D03738,Ramesh Reddy,18,M,O+,RS Puram,11.024411,76.937899,,0,3,2,41.3,weekdays,0,active
D03739,Anitha Subramani,34,F,O-,Saibaba Colony,11.039335,76.939665,2024-06-16,1,5,4,17.9,anytime,1,active
D03740,Kavya Pillai,27,F,B-,Coimbatore Central,11.008632,76.928234,2024-10-15,5,9,2,39.7,anytime,1,active
D03741,Muthu Menon,27,M,O+,Singanallur,11.004251,77.049407,2026-06-08,5,9,1,33.8,weekends,1,inactive
D03742,Manoj Pillai,34,F,AB-,Vadavalli,11.022526,76.883299,2025-04-29,5,10,2,32.0,emergency_only,1,active
D03743,Lakshmi Nair,25,F,A+,Ukkadam,10.982694,76.935618,2024-05-01,5,5,4,34.5,emergency_only,1,active
D03744,Dinesh Chandran,31,F,A+,Peelamedu,11.014081,77.052003,2024-12-31,4,5,3,33.2,weekdays,1,active
D03745,Revathi Krishnan,29,F,A+,Coimbatore Central,11.025667,76.967327,2025-12-17,5,5,2,48.2,anytime,1,active
D03746,Karthik Subramani,29,M,A+,Saibaba Colony,11.035891,76.969742,2025-07-11,2,5,0,40.0,anytime,0,active
D03747,Arun Moorthy,20,F,O+,RS Puram,10.979016,76.927901,2024-05-18,4,4,3,10.4,emergency_only,0,active
D03748,Nithya Moorthy,24,M,A+,Gandhipuram,10.99527,76.963853,2024-05-03,6,11,2,64.5,weekdays,1,active
D03749,Priya Nair,26,Other,O+,Coimbatore Central,11.005861,76.972626,2025-08-15,5,7,4,75.3,anytime,1,active
D03750,Bhavani Subramani,34,F,O+,Podanur,10.96286,76.968064,2024-07-10,7,10,4,71.7,weekends,0,suspended
D03751,Ramesh Menon,36,F,A+,RS Puram,11.000942,76.93052,2024-07-19,5,9,2,28.9,weekdays,1,suspended
D03752,Muthu Sharma,31,M,O+,Gandhipuram,10.991892,76.954948,2026-05-10,3,8,4,12.9,emergency_only,0,active
D03753,Manoj Moorthy,27,F,O+,Peelamedu,11.023636,77.020588,2026-04-14,2,4,1,31.8,weekends,1,inactive
D03754,Meena Iyer,27,M,A+,Ukkadam,11.012176,76.960947,2024-07-16,4,5,4,30.1,anytime,0,active
D03755,Nithya Nair,27,F,A-,Podanur,10.959751,76.958905,2025-06-27,4,9,1,70.6,anytime,1,active
D03756,Geetha Chandran,32,F,O-,Saibaba Colony,10.989364,76.952226,2024-11-04,3,4,1,65.4,emergency_only,1,inactive
D03757,Ramesh Pillai,33,M,O+,Ukkadam,10.967863,76.973022,2025-07-27,5,10,2,60.0,weekdays,0,active
D03758,Geetha Chandran,18,M,B-,Coimbatore Central,10.999601,76.977872,2024-06-21,4,5,1,94.7,weekdays,0,active
D03759,Priya Pillai,29,M,A+,Podanur,10.949781,76.955963,2025-06-30,2,7,2,82.4,weekdays,0,active
D03760,Anitha Kumar,35,F,O+,Vadavalli,11.042307,76.91116,2025-10-30,4,9,6,62.7,weekdays,0,inactive
D03761,Ramesh Gowda,29,M,A-,Peelamedu,11.017074,77.025214,2024-06-30,3,6,1,54.3,weekdays,1,active
D03762,Pooja Raj,26,F,O+,Ukkadam,10.974335,76.934698,2026-06-13,5,7,3,7.3,weekdays,1,active
D03763,Nithya Pillai,22,M,O-,Saibaba Colony,10.989607,76.954161,2024-09-25,4,5,1,70.5,weekdays,0,active
D03764,Revathi Moorthy,35,F,O-,Coimbatore Central,10.999865,76.970339,2026-07-10,2,7,5,73.7,anytime,1,active
D03765,Ganesh Raj,45,M,B+,Ukkadam,11.004034,76.984541,2025-09-09,4,7,2,46.5,anytime,0,active
D03766,Geetha Subramani,43,F,O+,Podanur,10.978285,76.969597,2026-06-19,3,3,1,25.7,emergency_only,1,active
D03767,Arun Balan,38,M,A+,Coimbatore Central,10.976705,76.958251,2026-04-25,6,6,6,85.6,weekdays,1,active
D03768,Roja Subramani,29,M,A+,Saibaba Colony,10.991613,76.921408,2026-01-19,5,5,0,92.9,emergency_only,0,active
D03769,Sathish Subramani,32,M,O+,Ukkadam,10.984781,76.962402,2024-10-03,3,4,4,79.9,weekdays,1,active
D03770,Deepa Subramani,43,F,A-,Singanallur,10.99565,77.009914,2025-03-02,1,6,6,17.1,weekends,1,active
D03771,Lakshmi Sharma,51,M,B-,Vadavalli,11.031353,76.921149,2025-05-01,2,4,3,55.8,anytime,1,active
D03772,Revathi Rajan,18,M,B+,Saibaba Colony,11.040074,76.929241,2026-08-06,5,9,7,30.3,anytime,1,inactive
D03773,Nithya Iyer,37,F,AB+,Saibaba Colony,11.040596,76.972002,2024-10-12,2,2,0,89.9,emergency_only,1,active
D03774,Suresh Menon,51,F,B+,Coimbatore Central,11.006535,76.944081,2026-03-03,3,8,4,32.0,weekdays,1,active
D03775,Bhavani Gowda,24,F,O+,Podanur,10.976796,76.971987,2025-09-07,1,4,4,57.8,weekends,1,active
D03776,Arun Pillai,34,F,A-,Coimbatore Central,11.016013,76.936925,2024-08-06,4,9,5,59.2,weekends,0,active
D03777,Dinesh Moorthy,32,F,AB+,Podanur,10.979172,76.995862,2026-02-20,5,9,2,39.8,weekdays,0,active
D03778,Arjun Rajan,39,M,O+,Podanur,10.923517,76.969495,2024-11-06,5,5,1,37.7,anytime,1,inactive
D03779,Anitha Menon,18,F,B+,Coimbatore Central,10.999357,76.979336,2025-05-24,3,3,2,65.5,emergency_only,1,active
D03780,Revathi Subramani,37,M,B-,Kalapatti,11.070972,77.047811,2025-04-20,5,10,1,39.7,anytime,1,active
D03781,Sathish Gowda,29,M,O-,Saibaba Colony,11.015188,76.949737,2025-09-07,5,7,5,38.0,weekends,1,inactive
D03782,Muthu Raj,37,F,O+,Singanallur,10.980197,77.008462,2025-07-19,1,6,0,64.4,weekends,0,active
D03783,Deepa Sharma,37,M,A+,Podanur,10.954912,76.971212,2025-09-25,1,1,0,52.9,weekdays,1,inactive
D03784,Roja Sharma,46,M,O+,RS Puram,11.006331,76.981085,2026-07-05,1,2,1,26.9,weekdays,0,suspended
D03785,Arjun Balan,20,F,A+,Vadavalli,11.016554,76.940639,2024-10-04,9,11,6,59.7,emergency_only,1,active
D03786,Revathi Krishnan,33,F,A+,Gandhipuram,10.989985,76.962591,2026-02-05,3,4,2,46.3,anytime,1,active
D03787,Arjun Chandran,21,M,O+,Singanallur,10.975244,77.043251,2024-05-23,2,4,3,11.2,emergency_only,1,active
D03788,Meena Moorthy,39,F,B+,Vadavalli,10.997928,76.910904,2025-10-03,5,10,0,73.4,weekdays,1,active
D03789,Vijay Kumar,26,M,B+,RS Puram,11.021391,76.932181,2024-07-18,4,6,3,60.8,emergency_only,0,active
D03790,Nithya Chandran,33,M,O+,Singanallur,11.00657,77.025791,2025-01-30,2,7,6,48.3,emergency_only,1,active
D03791,Muthu Sharma,33,M,A-,Saibaba Colony,11.017744,76.936053,2025-12-22,3,6,2,63.6,anytime,0,active
D03792,Revathi Nair,26,M,B+,Gandhipuram,10.994287,76.969895,2025-02-08,6,8,1,35.9,weekdays,1,active
D03793,Deepa Kumar,27,M,O-,Vadavalli,11.035473,76.929896,2026-06-21,2,6,2,44.9,weekends,1,active
D03794,Ramesh Rajan,29,M,A+,Gandhipuram,11.010624,76.991914,2024-09-02,6,6,5,66.3,weekdays,1,active
D03795,Manoj Rajan,38,M,A+,Peelamedu,11.032176,77.023976,2025-08-27,6,10,3,48.6,anytime,0,active
D03796,Vijay Rajan,26,F,O+,Kalapatti,11.076655,77.019752,2026-03-18,5,6,3,78.1,anytime,1,active
D03797,Pooja Menon,31,F,B+,Coimbatore Central,11.010161,76.93637,2026-04-08,6,8,3,30.7,anytime,1,active
D03798,Deepa Subramani,30,F,O+,Peelamedu,11.03314,77.033757,2025-05-17,1,4,3,13.8,weekends,1,active
D03799,Revathi Reddy,35,M,O+,Coimbatore Central,11.004201,76.942786,2025-08-27,4,6,2,53.6,anytime,0,active
D03800,Manoj Sharma,19,F,O+,Gandhipuram,11.044008,76.948607,2025-09-14,1,5,3,33.2,weekends,0,active
D03801,Prakash Raj,22,F,A+,Coimbatore Central,11.026155,76.946408,2024-06-30,4,9,4,12.9,weekends,1,active
D03802,Roja Subramani,18,F,O-,Singanallur,10.972743,77.054268,2025-08-16,4,8,2,36.7,weekends,1,active
D03803,Dinesh Pillai,41,M,O-,Vadavalli,11.001073,76.889947,2024-10-26,7,8,4,26.1,weekdays,1,active
D03804,Swathi Iyer,38,M,A-,Coimbatore Central,11.023576,76.970642,2024-07-22,4,7,2,76.8,emergency_only,0,active
D03805,Karthik Iyer,37,F,O-,Vadavalli,11.010739,76.895513,2025-01-13,3,5,2,36.2,anytime,1,active
D03806,Bhavani Nair,21,F,O+,Singanallur,11.015224,77.000306,2024-06-15,4,5,1,22.2,anytime,0,inactive
D03807,Naveen Gowda,28,F,O+,Coimbatore Central,11.029774,76.974378,2026-06-20,4,7,7,53.4,weekends,1,active
D03808,Bhavani Reddy,42,M,O-,Peelamedu,11.045054,77.011926,2024-05-02,3,6,5,31.8,anytime,0,active
D03809,Roja Raj,40,Other,AB+,Saibaba Colony,11.022373,76.952226,2026-05-22,7,10,7,54.6,weekdays,1,active
D03810,Divya Pillai,25,M,B+,Kalapatti,11.091367,77.024217,2024-06-10,2,3,0,51.3,weekdays,1,active
D03811,Karthik Kumar,22,F,A-,Ukkadam,11.005296,76.947594,2025-04-28,4,8,7,52.5,anytime,1,active
D03812,Bhavani Subramani,40,F,B-,Peelamedu,11.023344,77.039927,2025-11-22,5,5,4,63.4,weekdays,0,active
D03813,Dinesh Raj,28,M,O+,Peelamedu,11.01711,77.02941,2025-02-28,2,2,2,31.8,weekdays,1,active
D03814,Senthil Nair,32,F,A-,Singanallur,11.017434,77.053715,2024-08-22,4,9,3,52.7,anytime,1,active
D03815,Sathish Subramani,41,M,A+,Coimbatore Central,10.995985,76.984532,2024-06-21,5,5,3,46.3,anytime,1,active
D03816,Deepa Raj,32,F,A+,Ukkadam,10.990098,76.960461,2024-12-19,4,4,2,46.3,anytime,1,active
D03817,Priya Kumar,25,F,O+,Saibaba Colony,11.039611,76.918699,2025-02-16,3,4,2,44.3,anytime,1,active
D03818,Pooja Rajan,38,F,O+,Saibaba Colony,11.001257,76.938147,2025-04-24,10,11,10,42.1,anytime,1,active
D03819,Geetha Iyer,22,M,A+,Saibaba Colony,11.025819,76.94784,2025-06-02,5,8,7,25.9,anytime,0,active
D03820,Meena Chandran,21,F,O+,Singanallur,11.001479,77.011364,2025-06-19,2,4,1,61.1,emergency_only,1,active
D03821,Prakash Subramani,27,Other,O-,Vadavalli,11.032826,76.931443,2026-04-16,4,5,1,36.3,anytime,0,active
D03822,Arjun Reddy,24,M,O+,Coimbatore Central,11.027039,76.983208,2024-05-13,2,2,2,44.1,weekends,1,active
D03823,Divya Chandran,21,M,B+,Kalapatti,11.0679,77.049448,2025-08-11,2,2,1,47.9,anytime,0,active
D03824,Swathi Krishnan,36,F,O+,Vadavalli,11.029269,76.911928,2024-11-28,4,4,3,53.4,anytime,0,active
D03825,Karthik Nair,28,F,O+,Coimbatore Central,11.004887,76.985729,2024-04-21,5,7,5,29.3,anytime,1,active
D03826,Dinesh Chandran,32,F,A+,Gandhipuram,11.04574,76.975323,2026-04-23,4,4,3,59.7,weekdays,1,active
D03827,Manoj Rajan,39,M,A+,Vadavalli,11.032857,76.896555,2026-06-11,1,3,2,54.4,emergency_only,0,active
D03828,Revathi Nair,26,Other,A-,Singanallur,11.00261,77.037738,2026-02-06,5,7,0,52.8,anytime,0,active
D03829,Meena Sharma,25,M,A+,RS Puram,11.014193,76.980203,2025-06-28,4,9,7,82.8,anytime,1,active
D03830,Manoj Rajan,34,M,O+,Gandhipuram,10.991374,76.938406,2025-11-24,6,9,0,42.0,weekdays,0,active
D03831,Sandhya Krishnan,24,F,A-,Peelamedu,11.036552,77.022439,2025-10-31,6,6,1,32.8,emergency_only,1,active
D03832,Roja Chandran,19,M,AB+,Vadavalli,10.996384,76.93546,2025-12-10,2,6,6,20.8,anytime,1,active
D03833,Pooja Chandran,34,M,A+,Vadavalli,11.006561,76.927848,2025-07-18,6,10,5,37.3,anytime,0,active
D03834,Kavya Moorthy,18,F,A+,Ukkadam,11.004614,76.962231,2024-12-29,9,13,8,40.7,emergency_only,1,active
D03835,Manoj Subramani,35,F,O+,Gandhipuram,10.997627,76.987674,2024-07-20,2,4,2,33.4,weekends,0,active
D03836,Divya Sharma,23,M,O+,Kalapatti,11.068326,77.036517,2025-01-09,2,7,0,51.3,weekdays,0,active
D03837,Ramesh Krishnan,48,M,O+,RS Puram,11.028649,76.931858,2025-01-31,5,8,1,68.8,anytime,0,active
D03838,Swathi Menon,42,M,A+,Singanallur,10.978117,77.04447,2025-10-11,4,6,4,16.7,anytime,1,active
D03839,Prakash Rajan,21,M,A-,RS Puram,10.993134,76.975963,2026-06-07,6,8,5,11.5,weekdays,1,inactive
D03840,Anitha Kumar,42,M,O+,Vadavalli,11.00138,76.925437,,0,3,1,64.1,weekends,0,active
D03841,Pooja Subramani,22,F,O-,Podanur,10.953934,76.946262,2026-04-21,5,6,4,26.6,emergency_only,1,inactive
D03842,Divya Subramani,37,M,O+,Podanur,10.953195,76.982529,2025-07-01,4,5,0,59.0,weekends,0,inactive
D03843,Muthu Gowda,24,F,A+,Peelamedu,11.032277,77.002178,2025-03-21,1,5,2,44.4,weekends,1,active
D03844,Sandhya Menon,39,F,B+,Coimbatore Central,11.00154,76.963541,2025-03-05,5,6,0,92.7,emergency_only,0,active
D03845,Pooja Sharma,39,M,O+,Kalapatti,11.066144,77.033265,2024-04-17,7,8,4,49.3,weekends,1,active
D03846,Prakash Reddy,23,F,O+,Gandhipuram,10.996031,76.997307,2026-02-03,6,7,5,39.9,anytime,0,active
D03847,Prakash Nair,27,F,A+,Singanallur,11.023313,77.01717,2026-02-02,2,6,3,39.8,emergency_only,1,active
D03848,Vijay Kumar,28,F,B+,Gandhipuram,11.037959,76.977603,2025-12-16,2,5,4,59.3,weekdays,1,suspended
D03849,Vijay Balan,21,M,O+,Podanur,10.953441,76.951928,2026-06-08,3,6,3,46.2,emergency_only,0,active
D03850,Geetha Kumar,18,M,AB+,RS Puram,11.020516,76.958208,2024-05-24,6,11,8,5.0,weekdays,1,suspended
D03851,Swathi Rajan,47,F,B+,Vadavalli,11.048605,76.912047,2025-01-25,3,3,3,45.0,anytime,0,active
D03852,Swathi Iyer,35,M,A+,Gandhipuram,11.016741,76.994924,2026-08-19,4,8,6,34.5,anytime,1,active
D03853,Priya Balan,29,M,A-,Vadavalli,11.016765,76.899959,2024-10-27,4,8,3,44.0,anytime,0,active
D03854,Deepa Krishnan,32,M,O+,Coimbatore Central,11.015721,76.979695,2025-11-25,4,7,6,41.7,weekends,1,active
D03855,Senthil Chandran,33,F,O-,Peelamedu,11.023628,77.051497,2024-12-21,2,7,2,46.8,anytime,1,active
D03856,Vijay Menon,34,F,AB+,Podanur,10.951682,76.95787,2024-11-07,3,5,1,67.5,anytime,1,active
D03857,Deepa Nair,33,M,B+,Peelamedu,11.045036,77.017219,2025-06-27,9,9,8,10.6,anytime,1,active
D03858,Deepa Menon,31,M,O+,Saibaba Colony,11.0027,76.941849,2024-05-16,6,10,4,50.2,emergency_only,0,inactive
D03859,Naveen Raj,27,M,AB+,Singanallur,11.005964,77.043716,2025-05-11,4,4,2,52.1,emergency_only,0,active
D03860,Karthik Nair,25,M,O+,Saibaba Colony,11.044625,76.942819,2024-07-13,3,4,3,28.1,weekends,1,active
D03861,Manoj Subramani,18,M,B+,Gandhipuram,10.994664,76.97211,2026-05-10,5,5,2,49.6,weekdays,1,active
D03862,Suresh Iyer,47,F,A+,Singanallur,11.002202,77.004601,2025-02-21,4,8,5,5.0,anytime,1,active
D03863,Lakshmi Raj,34,M,O+,Podanur,10.933459,76.980289,2026-04-09,4,8,3,65.9,anytime,1,active
D03864,Geetha Balan,33,M,O-,RS Puram,11.0112,76.966089,2025-09-19,4,5,2,14.5,anytime,0,active
D03865,Muthu Subramani,21,F,A+,Singanallur,10.976564,77.02466,2025-11-11,5,6,1,65.9,weekends,1,active
D03866,Kavya Nair,32,F,A+,Gandhipuram,11.017688,76.996109,2025-11-17,4,5,0,77.2,emergency_only,0,active
D03867,Anitha Sharma,35,F,A+,Kalapatti,11.059301,77.062292,2025-12-12,4,8,6,5.0,weekdays,1,inactive
D03868,Pooja Balan,18,Other,O+,Coimbatore Central,10.994197,76.970152,2025-07-26,4,8,0,31.6,weekends,0,active
D03869,Vikram Balan,31,M,B+,Vadavalli,11.014982,76.934504,2025-06-24,2,6,5,49.3,weekends,1,active
D03870,Vijay Menon,27,F,A+,Peelamedu,11.035752,77.014484,2024-10-08,9,13,5,17.1,emergency_only,1,suspended
D03871,Sathish Gowda,20,F,B+,RS Puram,11.019681,76.964317,2026-02-19,10,14,10,27.2,emergency_only,1,active
D03872,Muthu Rajan,32,M,O-,RS Puram,10.979418,76.948995,2024-10-30,2,3,2,52.3,anytime,1,active
D03873,Ramesh Iyer,27,F,B+,Podanur,10.927057,76.958758,2024-05-25,6,9,6,19.3,anytime,0,active
D03874,Kavya Reddy,35,F,O+,Singanallur,11.018366,77.051365,2026-07-16,4,7,2,37.8,anytime,0,active
D03875,Roja Gowda,44,F,A+,Peelamedu,11.015349,77.04316,2024-10-19,1,3,0,7.7,anytime,1,active
D03876,Revathi Raj,37,M,O+,Podanur,10.958531,76.953717,2025-01-17,1,4,1,44.0,anytime,0,active
D03877,Manoj Raj,37,F,O-,Peelamedu,11.005409,77.037959,2026-07-18,4,9,7,25.1,anytime,1,active
D03878,Muthu Menon,31,F,O+,Gandhipuram,11.041126,76.988187,2025-09-21,3,7,2,51.1,anytime,0,active
D03879,Meena Menon,23,F,B+,Coimbatore Central,10.981766,76.982809,2025-12-02,5,8,7,37.7,anytime,1,active
D03880,Anitha Pillai,35,F,A+,Saibaba Colony,11.033917,76.971008,2026-05-18,4,7,3,37.0,anytime,1,inactive
D03881,Meena Nair,34,M,O+,Coimbatore Central,10.986269,76.962767,2026-01-31,2,4,2,53.5,anytime,0,active
D03882,Geetha Nair,38,F,B-,Ukkadam,10.970328,76.936566,2024-07-18,3,7,6,28.1,weekends,1,active
D03883,Vikram Krishnan,34,M,O+,Ukkadam,10.988323,76.961437,2026-08-08,3,8,4,34.3,weekdays,1,active
D03884,Ganesh Kumar,30,M,A+,Vadavalli,11.024304,76.90617,2024-10-04,3,3,0,48.8,weekends,1,active
D03885,Revathi Menon,30,F,O+,RS Puram,10.991864,76.980021,2024-08-12,1,1,1,80.1,anytime,1,active
D03886,Arjun Menon,38,M,O-,Peelamedu,11.032293,77.044838,2025-09-16,4,5,4,26.8,weekdays,1,active
D03887,Kavya Chandran,18,F,O+,Ukkadam,10.992811,76.962601,2025-06-23,3,5,1,31.3,anytime,1,active
D03888,Naveen Chandran,32,M,O+,Coimbatore Central,10.984831,76.946982,2026-02-01,5,9,6,21.3,weekdays,0,inactive
D03889,Ramesh Balan,29,M,O+,Kalapatti,11.043425,77.063315,2026-04-20,6,6,4,28.1,anytime,1,active
D03890,Muthu Nair,28,F,B+,Gandhipuram,11.046331,76.994842,2026-09-03,4,6,2,49.6,anytime,1,active
D03891,Nithya Gowda,39,F,A+,Kalapatti,11.094251,77.071897,2024-10-08,5,8,8,7.8,anytime,1,active
D03892,Karthik Gowda,41,M,O+,Coimbatore Central,11.000512,76.938404,2026-08-22,6,7,6,38.5,weekends,1,active
D03893,Sathish Menon,24,F,B+,Podanur,10.971371,76.974737,2025-08-17,3,8,3,8.1,weekends,0,active
D03894,Arjun Subramani,26,F,A+,Peelamedu,11.054054,77.025475,2024-04-25,2,2,1,42.9,weekends,0,inactive
D03895,Roja Chandran,30,M,A+,Peelamedu,11.027149,77.012056,2025-05-01,4,8,3,55.9,weekdays,0,active
D03896,Sandhya Sharma,30,M,O+,Coimbatore Central,10.972891,76.984712,2026-07-07,6,9,7,15.8,anytime,0,active
D03897,Anitha Raj,32,M,A+,Ukkadam,11.016287,76.975491,2026-07-09,3,8,2,16.8,anytime,1,active
D03898,Deepa Gowda,30,M,O-,Coimbatore Central,10.990344,76.92752,2025-10-17,5,10,10,32.6,emergency_only,0,active
D03899,Revathi Nair,32,F,A+,RS Puram,10.998414,76.972259,2026-05-18,4,5,3,84.7,anytime,0,active
D03900,Kavya Chandran,23,M,A-,Singanallur,11.010336,77.037618,2024-08-14,4,6,1,36.1,weekdays,1,active
D03901,Bhavani Kumar,29,M,AB-,RS Puram,11.035799,76.967138,2026-07-31,8,9,7,83.2,anytime,1,active
D03902,Ganesh Sharma,36,M,A-,RS Puram,11.001054,76.981899,2024-12-08,5,8,2,47.2,anytime,0,active
D03903,Muthu Menon,38,M,A+,Gandhipuram,11.046523,76.939975,2025-08-06,3,5,2,52.6,weekdays,1,active
D03904,Kavya Nair,22,M,B+,Singanallur,11.01361,77.053227,2024-04-27,5,8,0,72.5,weekends,1,inactive
D03905,Muthu Iyer,26,F,O-,Singanallur,11.030077,77.047806,2025-11-21,2,7,3,59.9,anytime,0,active
D03906,Karthik Nair,35,F,B+,Singanallur,11.028926,77.008186,2025-10-21,4,6,6,5.0,weekdays,1,active
D03907,Kavya Moorthy,35,F,A+,Coimbatore Central,10.974153,76.932103,2024-07-21,3,5,2,63.8,emergency_only,0,active
D03908,Arjun Moorthy,25,M,O+,Saibaba Colony,10.992274,76.940017,2025-12-04,1,2,2,39.4,anytime,1,inactive
D03909,Roja Krishnan,29,F,B-,Saibaba Colony,11.017834,76.959581,2026-03-09,1,4,2,80.9,weekdays,1,active
D03910,Vikram Gowda,18,M,O+,Kalapatti,11.073624,77.016749,2024-11-24,2,4,4,78.2,weekends,1,active
D03911,Swathi Nair,38,F,O+,Saibaba Colony,11.040157,76.931096,2026-01-18,4,4,1,29.4,weekdays,0,active
D03912,Roja Iyer,20,M,O+,Coimbatore Central,11.031284,76.94919,2025-08-12,1,4,1,66.2,weekends,0,active
D03913,Vijay Kumar,42,M,O+,RS Puram,10.997146,76.980427,2025-10-18,6,7,5,33.1,emergency_only,1,active
D03914,Lakshmi Iyer,18,M,B+,RS Puram,11.010447,76.922775,2025-02-04,4,4,3,5.0,anytime,0,active
D03915,Kavya Balan,30,M,O+,Vadavalli,11.036084,76.916954,2025-08-21,6,10,4,32.0,anytime,1,active
D03916,Vikram Menon,20,M,A+,Ukkadam,10.973247,76.980937,2025-11-07,11,14,7,16.6,emergency_only,0,active
D03917,Suresh Moorthy,31,M,AB+,Vadavalli,11.002706,76.936795,2026-02-11,6,9,6,54.9,weekdays,0,active
D03918,Ramesh Iyer,35,M,A+,Vadavalli,11.004645,76.906641,2026-04-16,2,4,1,65.3,weekends,0,active
D03919,Bhavani Moorthy,34,M,A+,Singanallur,10.986826,77.021207,2024-10-22,3,8,3,110.4,emergency_only,1,active
D03920,Naveen Gowda,25,F,B+,Vadavalli,11.02839,76.912166,2025-04-22,2,7,2,64.7,weekdays,1,active
D03921,Vijay Raj,32,F,B+,RS Puram,11.024759,76.968144,2025-07-11,3,4,4,5.0,weekdays,1,active
D03922,Sandhya Iyer,28,M,O+,Saibaba Colony,11.031318,76.922414,2024-08-04,1,6,1,43.3,weekdays,1,active
D03923,Bhavani Reddy,18,F,O+,Peelamedu,11.041602,76.997387,2026-08-07,4,8,1,30.3,anytime,0,active
D03924,Karthik Iyer,32,F,O+,RS Puram,11.013478,76.980562,2025-04-21,2,7,2,47.5,weekends,1,active
D03925,Geetha Subramani,29,F,O+,Coimbatore Central,10.981012,76.971861,2026-07-19,3,4,1,63.0,anytime,1,active
D03926,Muthu Iyer,37,F,O-,Kalapatti,11.059801,77.034118,2024-09-07,2,2,1,35.8,weekdays,1,active
D03927,Kavya Gowda,19,M,A-,Ukkadam,10.976355,76.963899,2025-02-23,2,4,3,22.9,weekends,0,active
D03928,Lakshmi Sharma,30,M,O+,Ukkadam,11.002105,76.973074,2024-12-29,4,6,6,60.6,emergency_only,1,active
D03929,Ganesh Iyer,39,M,B+,Singanallur,11.018386,77.042827,2024-06-25,5,9,1,15.5,anytime,1,inactive
D03930,Lakshmi Raj,32,F,O+,Peelamedu,11.053921,77.000366,2026-03-16,3,4,2,23.2,weekdays,0,active
D03931,Prakash Raj,37,F,O+,Coimbatore Central,10.992481,76.934176,2025-04-18,3,5,4,33.2,anytime,1,active
D03932,Ganesh Rajan,37,F,O-,Vadavalli,11.027313,76.939118,2026-08-05,5,10,8,55.0,weekdays,0,inactive
D03933,Arjun Raj,29,F,B-,RS Puram,11.015611,76.939717,2026-01-08,5,8,3,40.5,emergency_only,1,active
D03934,Karthik Nair,29,M,O+,Coimbatore Central,11.010632,76.980028,2024-04-27,2,5,3,41.4,weekdays,0,active
D03935,Divya Kumar,24,M,A-,Kalapatti,11.061171,77.02,2026-08-16,1,4,3,70.4,weekdays,1,active
D03936,Divya Reddy,18,M,A+,Vadavalli,11.013772,76.925961,2025-06-26,5,9,3,53.6,weekends,0,active
D03937,Senthil Reddy,18,F,O+,Ukkadam,10.986551,76.95868,2025-02-12,7,7,6,31.4,anytime,0,inactive
D03938,Manoj Sharma,28,M,B+,Singanallur,11.013707,77.021706,2025-07-21,2,2,2,38.3,anytime,1,active
D03939,Roja Balan,33,M,O-,Coimbatore Central,11.00165,76.946489,2025-12-22,2,6,0,69.7,anytime,1,active
D03940,Ramesh Kumar,23,F,O+,Peelamedu,11.040205,77.036921,2025-06-06,5,6,1,47.8,weekdays,1,active
D03941,Arun Subramani,39,F,B-,Singanallur,10.975195,77.05842,2026-05-13,2,3,0,67.6,weekends,1,active
D03942,Arjun Sharma,29,M,B-,Singanallur,10.976806,77.039988,2025-12-27,7,7,2,25.2,weekends,1,active
D03943,Muthu Krishnan,28,F,O+,RS Puram,10.977095,76.960788,2026-09-12,5,9,3,33.6,anytime,1,active
D03944,Senthil Iyer,27,M,O+,Saibaba Colony,11.000049,76.918822,2024-06-09,2,2,1,17.3,weekends,1,active
D03945,Ramesh Reddy,26,F,O+,Ukkadam,10.998395,76.977864,2024-09-11,5,6,1,29.8,weekends,1,active
D03946,Manoj Gowda,18,M,A+,Kalapatti,11.076213,77.038161,2025-08-14,2,4,3,38.7,anytime,1,active
D03947,Ganesh Balan,21,F,O+,Podanur,10.962054,76.947194,2024-12-29,5,8,3,24.1,anytime,0,active
D03948,Suresh Chandran,19,M,A+,RS Puram,11.007038,76.947619,2024-10-21,7,7,1,71.7,anytime,0,active
D03949,Kavya Krishnan,30,F,A+,Ukkadam,11.016369,76.931973,,0,4,2,58.5,anytime,0,active
D03950,Vijay Kumar,28,M,A+,Gandhipuram,11.04216,76.951526,2025-05-24,3,6,6,33.1,emergency_only,0,active
D03951,Ramesh Balan,33,F,AB-,Vadavalli,11.013762,76.910041,2025-05-09,6,8,2,62.5,weekends,1,inactive
D03952,Prakash Chandran,31,F,A+,Gandhipuram,11.005881,76.93746,2024-08-18,2,5,3,66.4,weekdays,1,active
D03953,Senthil Gowda,45,F,A+,Ukkadam,11.003481,76.982647,2025-11-05,3,3,0,38.8,weekends,1,active
D03954,Priya Chandran,26,F,A+,Kalapatti,11.088137,77.02213,2026-05-21,6,8,6,44.1,weekends,1,active
D03955,Arun Pillai,18,M,A+,Ukkadam,10.997564,76.971342,2025-07-01,1,2,1,22.5,anytime,0,active
D03956,Nithya Moorthy,37,F,O-,Podanur,10.941226,76.996184,2026-04-25,4,8,1,59.4,weekdays,0,active
D03957,Deepa Gowda,28,M,O+,Singanallur,11.018554,77.042115,2026-02-26,4,7,2,21.1,emergency_only,1,active
D03958,Vijay Sharma,49,F,O+,Peelamedu,11.055294,77.019264,2024-11-11,8,13,10,13.9,weekdays,1,active
D03959,Pooja Pillai,28,M,O+,Coimbatore Central,11.020196,76.967906,2024-11-17,6,10,5,59.8,anytime,0,active
D03960,Manoj Subramani,21,F,AB+,Podanur,10.940161,76.93918,2026-09-08,3,3,2,32.8,weekends,1,active
D03961,Arun Krishnan,27,M,O+,Ukkadam,10.975236,76.953625,2024-05-07,4,4,1,52.7,emergency_only,1,active
D03962,Geetha Subramani,39,M,B+,Vadavalli,11.018848,76.932311,2025-06-21,3,3,0,27.0,weekends,0,active
D03963,Prakash Pillai,37,M,B+,Gandhipuram,11.045164,76.995527,,0,4,3,68.1,weekdays,0,active
D03964,Divya Rajan,27,F,O+,Saibaba Colony,11.03397,76.923086,2026-02-07,8,13,7,52.6,anytime,1,active
D03965,Nithya Menon,18,F,O+,Podanur,10.981926,76.94568,2026-08-12,3,6,4,10.5,anytime,0,active
D03966,Lakshmi Chandran,49,F,A+,Peelamedu,11.015182,77.043501,2026-01-26,4,8,6,47.3,anytime,0,active
D03967,Arun Reddy,21,M,O+,Ukkadam,11.009725,76.943616,2026-09-16,2,6,0,81.1,weekdays,0,active
D03968,Muthu Raj,18,M,O+,Peelamedu,11.04057,77.045828,2025-12-20,5,5,4,46.2,weekends,0,active
D03969,Revathi Nair,33,F,B+,Singanallur,11.014776,77.016975,2024-09-13,4,8,3,63.7,anytime,1,inactive
D03970,Geetha Menon,25,F,O+,Vadavalli,11.028354,76.942508,2025-08-27,3,5,1,64.9,anytime,0,active
D03971,Sathish Rajan,44,F,O+,Coimbatore Central,10.972855,76.975054,2026-05-15,5,7,6,55.2,weekdays,1,active
D03972,Revathi Krishnan,52,M,B-,Saibaba Colony,11.006221,76.95462,2024-10-19,2,5,3,12.3,emergency_only,1,active
D03973,Lakshmi Chandran,45,F,O-,Vadavalli,11.0084,76.887664,2026-07-18,2,7,6,45.4,weekdays,1,active
D03974,Senthil Pillai,35,F,O+,Gandhipuram,11.038485,76.979776,2025-06-21,2,6,3,46.4,anytime,0,active
D03975,Geetha Gowda,37,F,O+,Saibaba Colony,11.044623,76.95177,2026-09-03,7,11,8,80.1,anytime,1,suspended
D03976,Sathish Pillai,40,M,A+,Saibaba Colony,11.026733,76.939127,2024-06-26,2,6,2,54.1,anytime,0,active
D03977,Suresh Balan,45,F,AB-,Podanur,10.934232,76.994886,2026-05-05,3,7,3,44.4,anytime,1,active
D03978,Manoj Iyer,24,M,B+,Gandhipuram,11.036759,76.975877,2025-01-16,7,9,1,54.9,weekdays,1,active
D03979,Muthu Balan,31,F,O+,Vadavalli,10.99676,76.904693,2025-06-08,4,7,1,78.7,emergency_only,0,active
D03980,Karthik Kumar,29,F,A-,Podanur,10.947488,76.962508,2026-03-05,2,5,5,5.6,emergency_only,0,active
D03981,Sandhya Balan,45,M,O+,Gandhipuram,11.009431,76.941066,2026-04-18,5,5,3,46.9,weekends,1,active
D03982,Manoj Sharma,46,F,A+,Kalapatti,11.046606,77.069647,2024-10-06,8,8,5,45.4,weekends,1,suspended
D03983,Sandhya Reddy,45,M,B+,Singanallur,11.004506,77.027139,2024-06-18,4,7,2,39.3,emergency_only,1,active
D03984,Vikram Menon,42,F,A+,Peelamedu,11.03248,77.008369,2025-10-13,4,7,2,40.6,anytime,0,active
D03985,Sandhya Chandran,23,F,B+,Vadavalli,11.017491,76.894731,2024-07-28,2,6,3,65.8,anytime,1,active
D03986,Dinesh Raj,31,M,O+,Peelamedu,11.050042,76.996869,2026-09-12,5,5,4,40.4,weekdays,1,active
D03987,Ramesh Gowda,31,F,A+,Kalapatti,11.092424,77.060781,2026-08-13,3,5,1,54.1,anytime,0,active
D03988,Manoj Rajan,35,M,A+,Vadavalli,11.011239,76.890937,2025-12-24,5,5,3,5.0,weekdays,0,active
D03989,Karthik Menon,29,F,A+,Saibaba Colony,11.023058,76.957074,2026-03-08,4,5,4,38.5,anytime,1,active
D03990,Geetha Subramani,35,M,O+,Coimbatore Central,10.973837,76.975562,2025-05-26,7,10,8,34.5,emergency_only,1,active
D03991,Arun Iyer,21,M,B-,Podanur,10.925872,76.975628,2026-03-19,3,5,5,31.3,emergency_only,0,active
D03992,Lakshmi Moorthy,37,M,B-,Vadavalli,11.034653,76.925205,2025-12-04,4,6,4,58.1,weekends,0,active
D03993,Karthik Moorthy,29,F,A+,Gandhipuram,11.024746,76.954946,2025-10-02,1,5,4,23.4,anytime,1,active
D03994,Senthil Krishnan,42,F,O-,Peelamedu,11.045893,77.017786,2025-05-04,2,6,0,63.2,anytime,0,active
D03995,Geetha Menon,34,M,A+,Gandhipuram,10.989553,76.954849,2025-07-07,1,6,2,76.7,emergency_only,0,active
D03996,Sathish Kumar,33,M,A+,Gandhipuram,10.999129,76.953447,,0,2,2,84.1,anytime,0,active
D03997,Prakash Moorthy,33,F,A+,Saibaba Colony,11.021849,76.922777,2025-09-16,1,3,2,41.8,anytime,1,active
D03998,Pooja Sharma,31,F,O+,Singanallur,10.989064,77.053731,2025-07-02,5,7,7,40.1,weekdays,1,active
D03999,Swathi Sharma,37,F,O+,RS Puram,10.989028,76.957054,2025-12-20,4,7,2,27.6,weekends,1,active
D04000,Geetha Gowda,34,M,O-,Ukkadam,11.002223,76.983112,2026-01-20,1,4,4,50.4,anytime,1,active
D04001,Geetha Moorthy,26,F,A+,Ukkadam,10.97058,76.985438,2025-12-05,8,10,5,39.9,anytime,1,active
D04002,Roja Krishnan,26,F,A+,Coimbatore Central,10.995832,76.928042,2024-07-09,5,6,2,49.5,weekdays,1,active
D04003,Meena Rajan,23,F,AB+,Vadavalli,11.041759,76.938319,2024-05-25,1,6,6,28.9,anytime,1,active
D04004,Naveen Balan,42,M,O+,Coimbatore Central,10.995564,76.981505,2025-04-09,5,8,8,44.3,weekdays,1,active
D04005,Pooja Nair,33,M,A+,Ukkadam,10.984838,76.943553,2024-11-10,2,4,2,60.3,weekends,1,active
D04006,Muthu Reddy,26,M,O+,Podanur,10.945104,76.944592,2026-08-19,5,9,7,28.6,emergency_only,0,active
D04007,Sandhya Balan,33,F,A+,Gandhipuram,11.035189,76.986053,2025-06-28,4,7,4,25.6,anytime,1,active
D04008,Bhavani Pillai,33,M,A+,Singanallur,11.000656,77.012034,2025-03-23,4,5,4,65.2,anytime,1,active
D04009,Ramesh Subramani,27,M,A-,Peelamedu,11.032198,77.01505,2025-02-08,2,5,0,67.8,weekdays,1,active
D04010,Suresh Balan,26,M,O+,Ukkadam,11.003958,76.935178,2024-06-12,3,6,3,23.9,anytime,0,active
D04011,Vijay Iyer,42,M,O+,Ukkadam,10.979185,76.975482,2025-10-18,5,8,3,55.7,weekends,0,active
D04012,Anitha Balan,32,M,O+,Coimbatore Central,11.026049,76.942289,2025-10-18,9,9,0,71.1,emergency_only,1,active
D04013,Bhavani Sharma,51,F,A-,Ukkadam,11.001397,76.955899,2026-02-05,5,7,3,68.7,anytime,1,active
D04014,Naveen Kumar,22,F,O-,Kalapatti,11.056652,77.030656,2025-12-08,3,4,1,53.3,weekdays,0,inactive
D04015,Arun Rajan,40,M,O+,Podanur,10.98018,76.95541,2024-09-16,6,11,10,10.1,weekdays,1,active
D04016,Arun Krishnan,28,M,O+,Gandhipuram,11.032127,76.997246,2024-07-30,2,2,2,65.5,anytime,1,active
D04017,Meena Chandran,28,M,O+,Coimbatore Central,11.012151,76.979812,2026-05-25,3,8,2,15.5,anytime,1,active
D04018,Roja Raj,30,M,B+,Peelamedu,11.002142,77.015618,2026-05-21,3,4,0,85.6,emergency_only,1,active
D04019,Vijay Iyer,40,M,O+,Peelamedu,11.019395,77.037609,2026-02-24,4,6,5,29.8,weekdays,1,active
D04020,Ganesh Pillai,34,F,O+,Kalapatti,11.097415,77.057785,2025-09-15,3,5,4,40.1,anytime,0,active
D04021,Priya Chandran,38,M,O+,Kalapatti,11.081241,77.035075,2025-12-04,1,6,1,47.7,weekends,1,active
D04022,Manoj Kumar,25,M,O+,Coimbatore Central,10.991779,76.960929,2025-09-07,4,5,2,59.7,emergency_only,1,active
D04023,Bhavani Raj,24,M,O+,Kalapatti,11.089919,77.043227,2026-08-23,4,7,4,13.6,emergency_only,1,active
D04024,Roja Reddy,31,M,O+,Vadavalli,10.997081,76.921434,2025-08-19,1,4,3,11.5,anytime,1,active
D04025,Meena Chandran,36,M,A+,Podanur,10.950132,76.984903,2025-04-06,4,7,5,16.0,anytime,1,active
D04026,Divya Nair,23,M,B-,Kalapatti,11.087611,77.057336,2024-07-02,1,2,2,30.8,emergency_only,1,inactive
D04027,Lakshmi Krishnan,24,M,O+,Kalapatti,11.072763,77.069126,2025-07-11,3,7,3,56.1,weekends,1,active
D04028,Vikram Nair,49,F,B+,Kalapatti,11.07632,77.065509,2025-05-08,3,7,5,54.6,weekends,0,active
D04029,Deepa Menon,26,F,B-,Kalapatti,11.08762,77.05653,2024-05-20,4,5,0,84.2,anytime,0,suspended
D04030,Dinesh Gowda,18,F,O+,Kalapatti,11.076769,77.071668,,0,4,3,49.1,emergency_only,0,active
D04031,Sandhya Rajan,28,M,O+,Gandhipuram,11.038321,76.96409,2026-08-29,4,8,2,5.0,weekdays,0,active
D04032,Anitha Pillai,45,M,B+,RS Puram,10.990193,76.956388,2026-01-24,4,4,2,32.0,anytime,1,active
D04033,Pooja Gowda,18,M,A+,RS Puram,11.017028,76.947426,2026-07-29,5,5,4,56.9,anytime,0,suspended
D04034,Geetha Gowda,23,F,O+,Singanallur,11.013638,77.042461,2026-05-24,5,9,8,30.8,emergency_only,1,active
D04035,Arun Chandran,18,M,A+,Ukkadam,10.976964,76.977823,2026-03-20,2,3,1,65.0,weekdays,0,active
D04036,Muthu Subramani,24,F,A+,Coimbatore Central,10.977018,76.926817,2026-05-12,3,6,6,63.5,weekends,0,active
D04037,Manoj Raj,19,M,O+,Coimbatore Central,10.979695,76.974549,2025-02-06,7,11,4,45.3,weekends,1,active
D04038,Manoj Chandran,48,F,O+,Gandhipuram,11.04039,76.941238,2025-06-29,3,4,2,66.6,anytime,0,active
D04039,Dinesh Rajan,33,M,A+,Saibaba Colony,11.011167,76.958467,2026-03-20,4,7,2,76.2,weekends,0,active
D04040,Vikram Krishnan,39,M,B+,Gandhipuram,11.017851,76.98726,2026-08-03,2,5,4,45.9,anytime,1,suspended
D04041,Anitha Kumar,41,M,A+,Saibaba Colony,11.010589,76.959497,2026-08-20,4,8,6,67.2,anytime,1,active
D04042,Prakash Subramani,30,M,A+,Saibaba Colony,10.99849,76.952471,2025-02-22,4,8,8,79.9,emergency_only,0,active
D04043,Lakshmi Rajan,18,M,O+,Kalapatti,11.053838,77.015329,2025-05-29,2,5,3,24.0,emergency_only,0,active
D04044,Senthil Rajan,25,M,O+,Saibaba Colony,11.043468,76.923201,2025-05-04,4,9,6,66.3,anytime,0,active
D04045,Sandhya Sharma,28,F,O+,Kalapatti,11.056491,77.046247,2025-05-19,2,6,0,38.2,weekdays,0,active
D04046,Prakash Chandran,26,M,O+,Podanur,10.926516,76.950572,2026-09-16,3,4,4,35.6,anytime,1,active
D04047,Manoj Kumar,34,F,A+,Podanur,10.958474,76.994235,,0,2,1,55.1,emergency_only,1,active
D04048,Revathi Reddy,19,M,A+,RS Puram,11.000568,76.96941,2024-04-28,6,6,1,68.2,emergency_only,0,active
D04049,Roja Raj,31,M,O+,Gandhipuram,11.02184,76.975675,2024-07-07,4,5,2,62.6,weekdays,0,active
D04050,Ramesh Iyer,43,F,A+,Gandhipuram,11.008853,76.955787,2025-01-23,1,1,1,37.8,anytime,1,active
D04051,Naveen Nair,33,F,O+,Gandhipuram,11.006458,76.993222,2025-10-07,5,8,6,30.9,weekends,1,active
D04052,Priya Subramani,35,F,O+,Coimbatore Central,10.982123,76.945149,2024-07-10,4,4,1,59.6,weekends,1,active
D04053,Lakshmi Menon,22,M,O+,Podanur,10.923838,76.968641,2025-10-15,9,9,1,36.8,emergency_only,1,active
D04054,Ganesh Rajan,18,M,O+,Saibaba Colony,10.999621,76.950874,2025-01-28,3,7,5,20.9,anytime,1,active
D04055,Revathi Krishnan,18,M,O-,Gandhipuram,11.015941,76.944725,2025-01-04,4,7,3,56.7,weekdays,1,active
D04056,Swathi Rajan,33,F,O+,Ukkadam,10.967852,76.930067,2025-01-09,5,8,3,58.3,anytime,1,active
D04057,Priya Balan,33,F,O+,RS Puram,11.002627,76.978301,2026-03-27,2,4,2,27.9,anytime,0,active
D04058,Divya Nair,36,F,A+,Podanur,10.928242,76.955881,2026-06-29,2,3,0,81.2,weekends,1,active
D04059,Bhavani Subramani,37,F,A+,Kalapatti,11.085044,77.05586,2024-08-15,4,9,0,47.1,anytime,1,active
D04060,Revathi Moorthy,38,F,A+,Kalapatti,11.069864,77.024051,2025-10-25,8,10,2,62.6,anytime,1,active
D04061,Priya Menon,32,F,B+,Vadavalli,11.050606,76.908342,2026-08-03,4,5,1,25.8,anytime,1,active
D04062,Suresh Raj,40,M,O+,Coimbatore Central,11.027522,76.983497,2026-03-28,3,7,5,24.7,anytime,1,inactive
D04063,Naveen Sharma,26,M,A+,Podanur,10.979289,76.964939,2024-11-09,7,9,2,67.1,weekdays,1,active
D04064,Geetha Moorthy,25,M,A+,Singanallur,10.977549,77.052839,2025-02-13,7,7,6,54.7,anytime,0,active
D04065,Ganesh Menon,32,M,O+,Peelamedu,11.010496,77.052009,2025-05-02,4,7,0,92.9,anytime,0,active
D04066,Arun Nair,35,M,O+,Kalapatti,11.095547,77.051466,2025-03-15,4,5,4,72.9,weekdays,1,active
D04067,Pooja Kumar,26,F,A-,Kalapatti,11.088107,77.025597,2025-01-29,5,6,4,66.9,anytime,0,active
D04068,Prakash Moorthy,51,F,A+,Singanallur,11.008117,77.004147,2025-08-08,1,4,3,39.3,weekdays,0,inactive
D04069,Roja Kumar,29,Other,O-,Vadavalli,11.02667,76.897296,2026-06-24,3,5,2,26.5,anytime,1,active
D04070,Revathi Raj,54,M,O-,Saibaba Colony,11.040292,76.93722,2024-08-30,5,7,5,34.7,anytime,1,active
D04071,Geetha Moorthy,33,M,O+,Gandhipuram,11.002866,76.987654,2025-07-14,2,3,0,15.3,emergency_only,1,active
D04072,Geetha Kumar,36,M,B+,Singanallur,11.010562,77.057624,2025-01-21,3,8,6,30.1,weekdays,1,active
D04073,Sathish Subramani,35,F,O+,Peelamedu,11.041241,77.019892,2025-05-10,3,5,2,84.7,weekdays,1,inactive
D04074,Nithya Balan,24,M,B+,Ukkadam,10.971051,76.946573,2025-02-26,9,12,8,47.0,weekends,1,active
D04075,Dinesh Kumar,37,F,O+,Saibaba Colony,11.003226,76.966045,2026-09-09,1,5,4,26.5,emergency_only,0,active
D04076,Nithya Reddy,20,M,A+,Kalapatti,11.079514,77.029449,2024-05-13,3,8,5,62.5,anytime,1,inactive
D04077,Bhavani Pillai,41,M,B+,Vadavalli,11.023324,76.934945,2026-07-09,4,6,2,46.8,weekdays,1,active
D04078,Karthik Subramani,35,M,O+,Ukkadam,11.003301,76.942017,2025-06-25,4,7,3,53.0,anytime,1,active
D04079,Revathi Kumar,21,M,O+,Podanur,10.962106,76.955677,2024-08-16,3,6,3,56.0,anytime,1,active
D04080,Geetha Gowda,24,F,A-,Peelamedu,11.022412,77.03167,2025-05-12,5,5,4,85.7,anytime,1,active
D04081,Suresh Reddy,29,F,O+,Kalapatti,11.040433,77.060728,2025-12-21,3,7,4,26.0,weekdays,1,active
D04082,Senthil Krishnan,30,M,O+,Peelamedu,11.058697,77.034069,2024-12-30,5,7,7,52.7,weekdays,0,inactive
D04083,Revathi Gowda,30,M,A+,Singanallur,11.001004,77.042188,2024-12-04,3,7,4,33.5,anytime,1,active
D04084,Naveen Pillai,28,M,B+,RS Puram,11.00398,76.95256,2025-12-29,9,14,9,34.8,anytime,1,active
D04085,Anitha Sharma,41,M,O+,Singanallur,11.00285,77.010129,2026-07-27,3,7,5,12.1,weekends,1,active
D04086,Vijay Balan,35,M,O+,Saibaba Colony,11.035082,76.968945,2024-11-11,6,9,1,76.4,anytime,0,suspended
D04087,Kavya Reddy,37,Other,O+,Singanallur,11.003057,77.005383,2024-05-21,3,8,7,30.3,emergency_only,1,active
D04088,Vikram Reddy,44,M,B+,RS Puram,10.97916,76.943905,2025-06-23,2,2,2,22.8,anytime,0,active
D04089,Sathish Rajan,47,F,O-,Singanallur,11.028969,77.028723,2025-05-30,3,3,0,44.2,anytime,0,active
D04090,Deepa Pillai,24,M,O+,Saibaba Colony,11.027072,76.960526,2025-02-27,5,5,2,73.8,weekdays,0,inactive
D04091,Anitha Sharma,32,F,A+,Kalapatti,11.087834,77.042449,2024-06-14,3,4,4,47.1,weekends,0,inactive
D04092,Divya Menon,50,M,A+,RS Puram,11.012319,76.946607,2026-03-08,1,1,1,52.3,weekdays,1,inactive
D04093,Dinesh Krishnan,34,M,O+,Podanur,10.942086,76.975444,2025-08-03,1,5,2,54.8,anytime,1,active
D04094,Geetha Iyer,18,F,B-,Gandhipuram,11.035719,76.989536,2025-10-23,3,5,4,16.0,anytime,0,active
D04095,Anitha Sharma,27,M,O+,Vadavalli,10.994461,76.913368,2025-10-13,2,5,1,8.1,anytime,0,active
D04096,Sathish Gowda,34,F,B+,Gandhipuram,10.988819,76.971379,2024-10-06,1,3,1,73.7,anytime,1,inactive
D04097,Lakshmi Nair,30,F,O-,Ukkadam,10.974662,76.941937,2026-01-19,5,8,2,20.6,weekdays,1,active
D04098,Sathish Iyer,42,M,O+,Singanallur,11.023676,77.05491,2025-04-05,3,5,3,72.5,weekends,1,active
D04099,Roja Balan,34,F,A+,Coimbatore Central,11.009471,76.948703,2025-08-19,3,6,4,50.3,weekends,1,active
D04100,Dinesh Moorthy,39,F,O-,Singanallur,11.012475,77.006292,2025-07-25,4,8,1,53.6,emergency_only,1,inactive
D04101,Manoj Raj,32,F,A+,RS Puram,11.012302,76.931611,2024-10-28,3,5,3,39.0,anytime,1,active
D04102,Senthil Moorthy,30,M,A+,Ukkadam,10.982822,76.967807,2024-12-18,2,7,1,63.5,weekends,1,active
D04103,Pooja Sharma,30,M,A+,Peelamedu,11.047148,77.033711,2024-05-27,1,4,0,50.4,emergency_only,1,inactive
D04104,Senthil Chandran,45,F,A+,Peelamedu,11.032416,77.055213,2024-08-16,4,5,4,28.0,anytime,1,active
D04105,Deepa Gowda,32,F,O+,Gandhipuram,11.017756,76.961867,2025-08-14,2,5,1,47.0,anytime,0,active
D04106,Vijay Subramani,30,F,A+,Kalapatti,11.092158,77.031531,2026-01-26,4,4,0,40.5,weekdays,0,active
D04107,Nithya Raj,37,F,O+,Peelamedu,11.030292,77.021394,2025-03-04,1,6,1,27.6,weekends,1,active
D04108,Bhavani Reddy,40,M,O+,RS Puram,10.997706,76.980747,2026-01-12,5,6,5,25.9,anytime,0,active
D04109,Priya Pillai,30,M,O-,Kalapatti,11.072487,77.037399,2025-02-02,2,2,2,57.8,anytime,0,active
D04110,Lakshmi Balan,48,F,O+,Peelamedu,11.00094,77.030105,2026-04-23,2,7,3,61.0,weekdays,1,inactive
D04111,Ramesh Nair,26,M,A+,Saibaba Colony,11.044834,76.93126,2024-08-05,3,3,1,43.7,weekdays,1,active
D04112,Sathish Balan,40,M,B+,Kalapatti,11.074412,77.040574,2026-03-01,6,7,3,33.1,anytime,1,active
D04113,Sandhya Menon,34,M,O+,Kalapatti,11.074416,77.057383,2024-11-30,3,6,2,73.4,weekends,1,active
D04114,Swathi Pillai,55,F,A-,RS Puram,11.022638,76.934261,2026-07-28,5,5,0,45.0,weekends,1,active
D04115,Kavya Nair,40,F,O+,Vadavalli,11.008179,76.891493,2024-12-22,5,6,4,55.0,emergency_only,1,active
D04116,Dinesh Balan,29,M,A-,RS Puram,11.011118,76.976321,2025-05-18,5,5,4,52.3,anytime,1,active
D04117,Deepa Rajan,32,M,O+,Gandhipuram,11.026189,76.975621,2025-09-02,5,6,6,41.8,anytime,1,active
D04118,Ganesh Chandran,34,M,O+,Peelamedu,11.011945,77.023309,2025-01-25,4,5,2,85.3,anytime,0,active
D04119,Arun Kumar,30,F,A+,Coimbatore Central,11.024501,76.975333,2025-02-01,5,7,4,48.1,anytime,1,active
D04120,Arun Subramani,19,F,O+,Gandhipuram,11.024855,76.968165,2024-06-22,3,5,3,35.2,weekdays,0,inactive
D04121,Manoj Balan,34,M,AB+,Vadavalli,11.02169,76.907021,2024-10-01,3,8,2,62.7,weekends,1,active
D04122,Kavya Reddy,46,F,O+,Vadavalli,10.997639,76.903234,2025-01-04,7,10,6,62.9,anytime,0,inactive
D04123,Meena Raj,18,F,A-,Saibaba Colony,11.034312,76.921642,2025-11-05,3,7,6,40.9,weekdays,0,active
D04124,Kavya Menon,36,M,B-,Vadavalli,11.038249,76.915664,2024-06-07,9,11,7,11.3,weekdays,1,active
D04125,Vikram Reddy,43,F,O+,RS Puram,11.02068,76.973654,2026-08-03,2,7,5,50.9,weekends,1,active
D04126,Naveen Kumar,21,F,B+,RS Puram,11.035871,76.950277,2024-07-08,2,3,3,44.1,anytime,1,active
D04127,Divya Kumar,58,F,A+,Singanallur,10.99679,77.017809,2025-08-20,6,6,3,68.4,weekends,0,active
D04128,Kavya Krishnan,29,M,B-,Podanur,10.980889,76.960186,2025-11-28,3,5,3,87.4,anytime,0,active
D04129,Prakash Balan,28,F,B+,Kalapatti,11.049242,77.056209,2026-04-03,4,9,3,64.3,weekdays,0,active
D04130,Kavya Balan,25,F,O-,Kalapatti,11.046522,77.064768,2026-05-08,3,4,1,23.1,anytime,0,inactive
D04131,Karthik Raj,34,M,O+,Singanallur,11.022839,77.008122,2025-05-26,3,8,4,25.9,weekdays,1,active
D04132,Geetha Reddy,30,M,O+,Singanallur,10.976934,77.00867,2024-06-29,5,10,7,19.4,anytime,0,inactive
D04133,Muthu Krishnan,25,M,A+,Kalapatti,11.039964,77.030994,2026-04-19,5,7,6,43.6,weekdays,1,active
D04134,Divya Moorthy,42,F,O+,Podanur,10.940055,76.972749,,0,4,0,26.3,weekdays,0,inactive
D04135,Deepa Reddy,41,M,O-,Peelamedu,10.999663,77.05601,2025-04-07,6,10,5,33.5,anytime,1,active
D04136,Vijay Chandran,51,M,O+,Coimbatore Central,10.986892,76.968395,2025-05-11,5,9,4,54.1,weekdays,1,active
D04137,Manoj Nair,28,F,O+,Gandhipuram,11.043277,76.99551,2025-11-30,6,6,3,49.4,weekdays,1,active
D04138,Vikram Gowda,32,F,O+,Podanur,10.976824,76.955767,2025-02-25,5,10,8,57.6,weekdays,1,inactive
D04139,Roja Moorthy,30,F,O-,Ukkadam,10.962836,76.963853,2025-02-03,4,5,1,53.3,anytime,1,active
D04140,Geetha Krishnan,44,M,O+,RS Puram,11.006262,76.926752,2026-08-07,4,8,6,64.3,emergency_only,1,active
D04141,Prakash Gowda,39,F,O+,Gandhipuram,11.013074,76.969267,2026-01-09,8,9,4,74.1,anytime,0,active
D04142,Suresh Sharma,33,F,O-,RS Puram,10.996498,76.979729,2024-10-25,5,8,4,40.1,anytime,1,active
D04143,Pooja Iyer,33,M,B+,Ukkadam,10.975398,76.946546,2024-06-28,6,6,6,30.3,weekends,1,active
D04144,Arjun Subramani,18,F,O+,Singanallur,11.002467,77.017743,2025-04-11,1,2,1,64.5,weekdays,0,inactive
D04145,Sathish Subramani,18,F,O+,Singanallur,10.987288,77.037068,2026-06-01,2,2,2,24.5,weekends,1,active
D04146,Deepa Raj,41,M,A+,Singanallur,11.016491,77.018573,2024-04-23,3,5,1,100.8,weekends,1,inactive
D04147,Nithya Pillai,38,F,O-,Coimbatore Central,11.029516,76.94378,2025-07-02,1,4,3,35.4,anytime,0,inactive
D04148,Prakash Pillai,28,M,A+,RS Puram,11.005918,76.928088,2025-08-11,2,2,0,62.5,emergency_only,1,active
D04149,Karthik Balan,45,F,O-,Ukkadam,10.960564,76.945415,2025-05-21,3,6,2,30.1,anytime,1,active
D04150,Geetha Subramani,18,F,O+,Vadavalli,11.0399,76.939934,2024-08-07,5,5,3,44.0,anytime,1,active
D04151,Priya Gowda,34,M,A+,Gandhipuram,11.016012,76.972949,2025-06-20,3,8,7,94.9,emergency_only,1,active
D04152,Sandhya Chandran,31,M,A+,Kalapatti,11.081433,77.04296,2026-06-05,3,8,2,19.7,anytime,1,active
D04153,Swathi Sharma,21,F,O+,Podanur,10.937697,76.958165,2025-04-09,4,7,2,34.5,anytime,1,active
D04154,Roja Sharma,33,M,A+,Saibaba Colony,11.038384,76.942509,2025-05-05,3,4,2,20.0,emergency_only,1,active
D04155,Ramesh Iyer,33,M,O+,Peelamedu,11.054663,77.050714,2026-09-06,2,6,3,48.8,anytime,0,active
D04156,Senthil Menon,28,M,O+,Peelamedu,11.041149,77.00028,2025-06-15,1,3,2,46.4,emergency_only,1,active
D04157,Deepa Menon,38,M,A+,RS Puram,10.987637,76.934033,2025-12-24,3,4,4,9.7,anytime,1,suspended
D04158,Kavya Reddy,30,F,O+,Gandhipuram,11.041233,76.987387,2024-11-27,2,7,2,55.4,anytime,1,inactive
D04159,Manoj Sharma,33,M,O+,Saibaba Colony,11.01571,76.960238,2024-09-04,2,5,3,84.5,anytime,0,active
D04160,Revathi Pillai,30,M,A+,Coimbatore Central,10.991389,76.946241,2025-06-15,4,7,6,19.6,weekdays,1,active
D04161,Senthil Chandran,27,M,A+,Singanallur,10.987266,77.012432,2025-05-15,5,5,5,38.7,anytime,1,active
D04162,Sandhya Pillai,48,M,O+,Peelamedu,11.037912,77.014881,2025-07-26,2,6,4,62.4,weekends,0,active
D04163,Naveen Subramani,40,M,O+,Saibaba Colony,11.041829,76.938256,2025-12-24,6,9,7,58.1,anytime,1,inactive
D04164,Karthik Raj,26,M,A+,Singanallur,10.990575,77.025985,2025-10-25,3,6,4,63.3,anytime,1,active
D04165,Suresh Pillai,23,M,A+,Peelamedu,11.051122,77.027679,2024-06-08,5,6,1,67.1,weekdays,1,active
D04166,Sathish Gowda,23,M,B+,Peelamedu,11.046495,77.017156,2025-06-28,8,10,5,43.3,weekends,0,active
D04167,Deepa Reddy,40,M,O+,Podanur,10.956911,76.949314,2024-05-31,2,6,5,24.7,anytime,0,active
D04168,Senthil Pillai,25,M,O+,Podanur,10.942942,76.957426,2026-03-03,7,9,2,45.6,emergency_only,1,active
D04169,Anitha Kumar,36,M,O+,Kalapatti,11.058595,77.053007,2025-02-03,5,9,8,5.0,anytime,0,active
D04170,Geetha Krishnan,22,M,A+,Gandhipuram,10.991781,76.990722,2025-03-19,2,6,2,21.8,weekends,1,active
D04171,Manoj Sharma,18,F,A+,Vadavalli,11.038535,76.926479,2026-04-07,7,7,4,38.7,anytime,1,active
D04172,Nithya Kumar,18,Other,A+,Podanur,10.975317,76.948792,2024-06-18,2,5,3,46.5,weekdays,1,active
D04173,Arun Balan,42,F,A-,Gandhipuram,11.04292,76.943318,2026-01-29,2,4,3,47.3,weekends,1,active
D04174,Arun Moorthy,50,F,O+,Saibaba Colony,11.021796,76.974171,2026-07-22,9,13,11,27.3,anytime,1,active
D04175,Senthil Moorthy,32,F,O-,Gandhipuram,11.01451,76.952128,2026-08-22,4,4,4,5.0,anytime,1,active
D04176,Anitha Menon,25,M,O+,RS Puram,11.015177,76.960469,2024-05-05,3,8,3,65.7,weekends,0,active
D04177,Revathi Iyer,19,M,A+,RS Puram,11.028263,76.937902,2025-11-15,5,8,2,19.8,anytime,0,active
D04178,Dinesh Subramani,33,M,O+,Vadavalli,11.000091,76.92957,2026-02-04,4,4,2,78.8,weekends,1,active
D04179,Senthil Gowda,31,F,A+,RS Puram,11.008964,76.968739,2026-05-01,1,4,0,45.0,anytime,1,active
D04180,Vijay Pillai,46,M,O+,Saibaba Colony,11.040082,76.928549,2024-09-08,4,4,2,14.4,anytime,1,active
D04181,Ganesh Kumar,38,M,B-,Singanallur,11.023761,77.004461,2026-07-09,2,6,3,77.4,weekdays,1,active
D04182,Karthik Kumar,29,F,O+,Coimbatore Central,10.996286,76.939988,2024-07-05,3,4,0,61.1,anytime,1,suspended
D04183,Meena Kumar,30,M,O+,Saibaba Colony,10.989692,76.953977,2024-10-30,4,4,1,43.6,emergency_only,1,active
D04184,Ganesh Subramani,21,M,O+,Podanur,10.954363,76.951795,2026-05-08,2,7,3,32.3,emergency_only,0,inactive
D04185,Prakash Chandran,38,F,B-,Peelamedu,11.021892,77.047768,2024-08-22,3,4,4,16.0,anytime,1,active
D04186,Arun Subramani,33,F,A+,Singanallur,11.029629,77.025587,2024-11-26,4,8,7,71.6,anytime,1,active
D04187,Anitha Gowda,49,F,O+,Coimbatore Central,11.015694,76.951201,2026-03-21,5,10,8,14.6,emergency_only,1,active
D04188,Muthu Kumar,34,M,A+,Kalapatti,11.09107,77.055674,2024-09-25,5,7,2,74.4,weekdays,0,active
D04189,Divya Moorthy,32,F,O+,Singanallur,10.985792,77.024449,2026-07-09,4,6,3,59.8,emergency_only,1,active
D04190,Meena Iyer,19,F,AB+,Podanur,10.924621,76.995682,2026-05-15,3,7,3,52.0,anytime,0,inactive
D04191,Suresh Pillai,27,M,O+,Saibaba Colony,11.003431,76.970916,2024-09-21,1,6,5,54.9,weekdays,1,active
D04192,Lakshmi Sharma,42,F,O+,Peelamedu,11.011685,76.996609,2024-09-06,2,5,0,41.3,anytime,1,inactive
D04193,Kavya Rajan,37,F,B+,Kalapatti,11.064459,77.046179,2024-07-18,7,7,5,45.2,anytime,1,active
D04194,Lakshmi Moorthy,36,M,B+,Peelamedu,11.013006,77.031573,2025-10-26,4,4,1,66.6,weekdays,0,active
D04195,Sandhya Reddy,48,M,O+,Podanur,10.982482,76.954906,2025-06-07,5,5,4,39.4,emergency_only,1,active
D04196,Roja Nair,24,F,B+,Singanallur,10.976795,77.041992,2024-06-30,2,3,2,43.0,anytime,1,active
D04197,Prakash Chandran,18,F,O-,Coimbatore Central,11.02475,76.930673,2026-08-31,4,4,3,75.7,emergency_only,0,active
D04198,Pooja Reddy,30,F,O+,Coimbatore Central,10.984827,76.951578,2025-12-27,6,6,5,11.6,anytime,1,active
D04199,Dinesh Pillai,18,M,B+,Singanallur,11.019214,77.018798,2024-10-16,3,8,4,28.5,emergency_only,0,active
D04200,Deepa Raj,30,M,B-,Vadavalli,11.021362,76.907469,2025-03-03,9,13,6,46.3,weekdays,1,active
D04201,Sandhya Kumar,31,F,O+,Podanur,10.977264,76.989535,2026-05-27,7,7,6,29.3,emergency_only,1,inactive
D04202,Karthik Chandran,45,F,B+,Gandhipuram,11.003565,76.969524,2026-08-26,4,7,2,47.6,weekdays,1,active
D04203,Dinesh Subramani,24,F,B+,Peelamedu,11.000046,77.038693,,0,4,3,34.4,weekdays,1,active
D04204,Suresh Sharma,34,F,O+,Ukkadam,10.992943,76.957131,2025-05-06,2,4,3,39.4,weekdays,0,inactive
D04205,Karthik Sharma,23,F,O+,Gandhipuram,11.03945,76.975743,,0,2,2,7.0,anytime,1,active
D04206,Suresh Balan,18,F,B-,Ukkadam,10.961737,76.944689,2025-07-10,4,7,7,21.9,emergency_only,1,active
D04207,Priya Menon,32,F,O+,Coimbatore Central,11.01396,76.983556,2026-07-24,3,4,2,66.0,weekdays,1,active
D04208,Manoj Pillai,28,M,A-,Gandhipuram,11.010234,76.944781,2026-09-14,5,6,3,37.7,weekdays,1,active
D04209,Vikram Gowda,29,M,O-,Podanur,10.978759,76.971691,2025-02-18,3,5,2,20.0,emergency_only,1,active
D04210,Arjun Subramani,18,F,O+,Coimbatore Central,11.020961,76.934591,2025-07-02,4,8,6,48.6,anytime,1,active
D04211,Naveen Moorthy,42,F,A+,Peelamedu,11.058198,77.044577,2026-03-30,1,6,3,5.7,anytime,1,active
D04212,Ramesh Krishnan,42,F,A+,Singanallur,11.024933,77.020662,2025-06-20,5,7,4,59.9,weekdays,1,active
D04213,Deepa Moorthy,35,F,O-,Vadavalli,11.024386,76.930312,2026-07-23,4,5,4,72.0,weekends,1,active
D04214,Meena Chandran,38,F,O+,Peelamedu,11.024377,77.046593,2024-08-19,3,7,6,8.4,emergency_only,0,inactive
D04215,Revathi Krishnan,46,F,AB-,Singanallur,11.001235,77.004251,2025-04-24,10,14,1,62.8,weekdays,0,suspended
D04216,Divya Nair,26,M,A+,Peelamedu,11.012445,77.044549,2024-11-09,4,7,5,52.0,emergency_only,1,active
D04217,Geetha Raj,35,M,O-,Coimbatore Central,10.986449,76.97396,2025-11-02,4,5,4,33.9,emergency_only,1,active
D04218,Meena Iyer,37,F,O+,Saibaba Colony,11.020658,76.927953,,0,0,0,17.7,weekends,0,inactive
D04219,Naveen Gowda,21,F,A+,Podanur,10.96599,76.964801,2026-09-09,6,11,11,16.1,emergency_only,1,active
D04220,Roja Nair,43,F,B-,Kalapatti,11.038764,77.064748,2024-08-17,7,10,5,15.2,anytime,1,active
D04221,Vikram Kumar,22,M,O+,Peelamedu,11.041865,77.003286,2026-05-21,2,3,0,61.6,weekends,0,active
D04222,Ganesh Nair,31,M,A+,Singanallur,10.990675,77.007551,2025-05-26,5,9,4,24.9,weekdays,0,active
D04223,Swathi Nair,44,M,O+,Ukkadam,10.977472,76.937038,2026-07-18,3,5,4,54.6,weekends,1,active
D04224,Ganesh Subramani,42,F,O+,Podanur,10.964951,76.947955,2025-04-23,5,5,2,49.4,weekdays,1,active
D04225,Arun Menon,29,F,O+,RS Puram,11.000957,76.945505,2026-09-06,2,7,4,59.4,anytime,1,inactive
D04226,Nithya Iyer,31,M,A+,Coimbatore Central,11.027406,76.958013,2026-05-22,5,9,6,45.6,weekdays,1,suspended
D04227,Dinesh Sharma,28,M,O-,Vadavalli,11.034073,76.912875,2024-07-09,4,5,4,22.1,weekdays,1,active
D04228,Vijay Kumar,26,M,A+,Peelamedu,11.016427,76.996914,2026-04-01,6,11,10,30.1,weekdays,1,active
D04229,Geetha Nair,41,F,B+,Gandhipuram,11.045817,76.945106,2024-09-28,7,7,4,57.4,emergency_only,0,active
D04230,Revathi Sharma,22,F,AB+,Gandhipuram,11.004629,76.98981,2025-12-31,2,6,3,84.9,weekdays,0,active
D04231,Roja Gowda,24,M,O+,Kalapatti,11.097754,77.036333,2026-07-07,3,5,3,42.0,anytime,0,active
D04232,Manoj Krishnan,25,F,A+,RS Puram,11.034123,76.928482,2024-11-11,4,4,2,40.7,anytime,1,active
D04233,Vijay Nair,44,M,AB+,Podanur,10.924703,76.974451,2026-08-24,3,7,7,60.5,anytime,1,active
D04234,Sandhya Subramani,33,M,O+,Singanallur,11.003786,77.004447,2026-05-26,4,5,4,36.1,weekdays,1,active
D04235,Deepa Moorthy,18,M,O+,Peelamedu,11.053603,77.02685,2025-06-25,6,8,8,63.2,weekends,0,active
D04236,Lakshmi Pillai,28,F,O+,Saibaba Colony,10.996813,76.950067,2026-08-28,6,8,7,52.3,emergency_only,0,inactive
D04237,Naveen Kumar,36,M,O+,Singanallur,11.006044,77.047787,2026-09-06,4,9,6,58.5,anytime,1,active
D04238,Ramesh Reddy,27,M,O+,Vadavalli,11.013105,76.889342,2026-02-28,3,4,3,44.9,emergency_only,1,active
D04239,Naveen Reddy,37,F,O+,Peelamedu,11.013691,77.005239,2024-09-03,7,7,2,51.9,anytime,0,active
D04240,Lakshmi Reddy,34,F,AB+,Gandhipuram,10.990942,76.945284,2024-11-05,7,11,8,24.7,anytime,1,active
D04241,Deepa Sharma,33,M,B+,RS Puram,11.033608,76.958335,2024-12-28,3,8,5,67.0,emergency_only,1,active
D04242,Swathi Sharma,19,M,AB-,Podanur,10.974663,76.946069,2026-08-13,5,6,4,53.5,emergency_only,0,active
D04243,Senthil Balan,42,M,O+,Peelamedu,11.01545,77.047261,2025-10-22,6,8,5,48.8,weekdays,1,active
D04244,Prakash Rajan,34,M,O+,Gandhipuram,11.014537,76.980061,2025-10-04,6,9,2,56.9,anytime,1,active
D04245,Anitha Chandran,41,F,AB-,Ukkadam,10.996654,76.962773,2026-01-29,2,4,2,58.6,anytime,0,active
D04246,Arjun Chandran,31,F,A-,Ukkadam,11.012687,76.988018,2024-07-18,5,9,8,22.6,weekdays,0,active
D04247,Revathi Kumar,40,M,A-,Saibaba Colony,10.994925,76.969986,2025-09-23,3,3,2,44.5,weekends,1,active
D04248,Swathi Gowda,26,M,O-,Podanur,10.966759,76.97508,2024-12-18,2,4,3,5.0,weekdays,1,active
D04249,Senthil Raj,22,M,B-,Ukkadam,10.960361,76.973037,2025-06-30,3,4,1,56.8,emergency_only,1,active
D04250,Naveen Balan,32,F,O+,Podanur,10.972541,76.972571,2025-11-11,6,9,2,70.5,weekends,1,inactive
D04251,Meena Subramani,46,M,O+,Singanallur,11.005276,77.018497,2024-06-20,7,9,5,57.0,anytime,0,active
D04252,Deepa Reddy,35,M,O+,Coimbatore Central,10.975001,76.971376,2026-08-30,3,4,3,33.6,anytime,1,active
D04253,Lakshmi Balan,40,F,A+,Podanur,10.941971,76.983517,2026-08-29,4,4,0,27.4,weekends,0,active
D04254,Deepa Subramani,25,M,O-,Kalapatti,11.058054,77.036766,2026-05-27,8,11,9,68.1,weekends,0,active
D04255,Karthik Subramani,44,M,O+,Gandhipuram,11.001154,76.991383,2025-12-06,2,7,3,19.3,anytime,1,active
D04256,Divya Rajan,24,M,AB-,RS Puram,11.015107,76.961342,2025-04-20,5,6,1,35.0,anytime,1,active
D04257,Ramesh Iyer,34,M,O+,Coimbatore Central,10.983694,76.950385,2026-05-31,1,4,4,40.6,weekends,0,active
D04258,Meena Nair,43,F,A+,Podanur,10.978704,76.976409,2026-01-23,6,6,3,46.9,anytime,0,active
D04259,Vikram Gowda,32,M,O-,Coimbatore Central,10.976188,76.965394,2026-08-24,3,5,4,59.9,weekdays,1,active
D04260,Sathish Balan,41,F,O+,Ukkadam,11.010526,76.963842,2026-03-08,6,6,3,41.1,weekdays,0,inactive
D04261,Meena Krishnan,23,M,O+,Peelamedu,11.005404,77.006063,2026-07-10,1,5,3,46.7,weekdays,1,active
D04262,Suresh Raj,26,F,O+,RS Puram,11.02343,76.957186,2026-01-12,1,2,1,43.1,anytime,1,active
D04263,Deepa Reddy,24,M,O+,Coimbatore Central,10.998448,76.960345,2024-05-11,2,5,2,22.0,weekdays,0,active
D04264,Muthu Sharma,32,M,O+,Vadavalli,11.013495,76.909879,2025-08-11,2,3,1,19.2,weekends,1,active
D04265,Revathi Reddy,31,M,O+,Ukkadam,10.96425,76.953741,2025-06-29,3,4,1,35.2,weekdays,1,active
D04266,Sandhya Gowda,19,F,A+,Saibaba Colony,10.994919,76.964002,2026-01-31,6,8,7,49.3,weekdays,1,active
D04267,Senthil Chandran,19,M,A-,Singanallur,10.97365,77.042986,2024-10-12,4,9,5,21.6,weekdays,1,inactive
D04268,Vikram Balan,23,F,A+,Podanur,10.92618,76.9635,2025-02-03,3,6,3,36.2,anytime,1,active
D04269,Anitha Balan,26,M,B+,Ukkadam,10.99028,76.989485,2026-02-22,5,10,6,25.9,anytime,1,active
D04270,Manoj Balan,27,M,O+,RS Puram,10.993579,76.971564,2025-11-24,6,8,0,47.1,anytime,0,active
D04271,Dinesh Gowda,27,M,O+,Singanallur,11.000755,77.015697,2026-02-13,5,5,4,24.6,weekdays,0,active
D04272,Sathish Subramani,44,F,A+,Podanur,10.979597,76.944726,2026-08-18,2,7,6,13.7,weekdays,1,active
D04273,Vijay Raj,39,M,A+,Peelamedu,11.022091,77.013523,2026-02-04,4,4,1,25.4,weekends,0,active
D04274,Anitha Pillai,28,F,A+,Podanur,10.976678,76.989543,2025-09-10,1,6,3,5.0,weekdays,0,active
D04275,Swathi Raj,18,M,O+,Kalapatti,11.068113,77.032259,2026-05-29,2,4,2,31.5,anytime,1,active
D04276,Arjun Balan,19,F,O+,Saibaba Colony,11.000942,76.964173,2025-09-28,2,6,1,41.3,weekdays,1,inactive
D04277,Divya Chandran,38,F,O+,Ukkadam,11.006421,76.96482,2024-10-04,3,5,2,33.7,weekdays,0,active
D04278,Swathi Balan,38,F,O+,Ukkadam,11.004512,76.977662,2026-08-24,7,10,6,17.3,emergency_only,1,active
D04279,Sathish Balan,26,M,O+,Ukkadam,10.962324,76.955164,2026-01-02,2,6,2,61.2,weekdays,0,active
D04280,Karthik Rajan,29,M,O+,Ukkadam,10.993912,76.959134,2025-09-22,3,3,3,35.3,anytime,0,active
D04281,Naveen Iyer,55,F,A-,Ukkadam,10.971911,76.989929,2026-08-25,5,6,0,67.2,weekdays,1,active
D04282,Revathi Kumar,26,F,O+,RS Puram,11.032789,76.938564,2025-11-18,7,9,1,56.8,weekends,0,active
D04283,Arjun Iyer,36,F,B+,Kalapatti,11.09599,77.063926,2024-06-16,6,7,1,68.3,anytime,1,active
D04284,Ramesh Gowda,28,F,B+,Kalapatti,11.052882,77.059832,2024-07-24,9,14,7,10.8,anytime,0,active
D04285,Revathi Raj,40,M,A+,Ukkadam,11.001742,76.935356,2025-06-04,3,5,3,29.2,anytime,0,inactive
D04286,Arun Iyer,30,M,A-,Kalapatti,11.058122,77.038512,2025-12-26,3,5,2,27.0,anytime,0,active
D04287,Ganesh Kumar,34,M,O-,Coimbatore Central,10.989235,76.945492,2025-07-14,4,9,4,84.5,weekends,0,inactive
D04288,Prakash Iyer,18,M,AB+,Saibaba Colony,11.036606,76.960262,2024-08-28,2,3,3,17.0,anytime,1,active
D04289,Arun Gowda,37,Other,O+,Kalapatti,11.068805,77.024707,2025-06-29,2,2,1,16.5,weekdays,1,active
D04290,Sathish Balan,33,M,A-,Singanallur,10.982069,77.017026,2026-08-09,4,9,5,42.2,anytime,0,active
D04291,Sandhya Sharma,40,M,O+,RS Puram,11.033274,76.951138,,0,5,5,16.7,weekdays,0,active
D04292,Pooja Moorthy,40,F,B+,Gandhipuram,10.991327,76.95015,2024-06-28,6,11,11,45.4,anytime,1,active
D04293,Ramesh Gowda,28,M,O-,RS Puram,11.006206,76.924189,2025-03-28,1,1,1,76.5,anytime,1,inactive
D04294,Kavya Pillai,41,M,B+,Singanallur,10.984528,77.004015,2025-07-23,3,3,3,31.0,weekdays,0,active
D04295,Anitha Balan,25,F,O+,Ukkadam,10.996404,76.939138,2024-07-02,6,7,2,64.6,weekends,0,active
D04296,Muthu Reddy,36,F,O+,Saibaba Colony,11.037106,76.972415,2026-04-14,4,9,3,33.5,anytime,0,active
D04297,Sandhya Menon,39,Other,A+,Coimbatore Central,11.022391,76.932447,2024-10-05,5,10,10,23.9,weekends,1,active
D04298,Meena Balan,35,M,O+,Podanur,10.933143,76.974284,2026-08-30,2,2,1,44.4,anytime,0,active
D04299,Nithya Moorthy,36,M,B+,Kalapatti,11.069873,77.067887,2024-09-19,5,7,0,16.6,weekends,1,active
D04300,Vikram Sharma,26,M,B+,Singanallur,10.977695,77.016037,2025-10-08,4,7,3,42.0,weekends,1,inactive
D04301,Muthu Sharma,41,F,A-,Kalapatti,11.059867,77.029993,2026-07-18,4,6,4,47.2,weekdays,1,active
D04302,Divya Pillai,28,M,A+,Vadavalli,11.036206,76.93425,2026-05-27,3,7,4,29.3,anytime,0,active
D04303,Naveen Sharma,22,M,A+,Kalapatti,11.055446,77.040304,2024-06-18,3,8,8,34.3,emergency_only,0,active
D04304,Prakash Iyer,39,F,B+,Podanur,10.930213,76.967945,2025-03-17,4,6,0,65.9,emergency_only,0,active
D04305,Muthu Sharma,25,M,O+,Kalapatti,11.086853,77.045857,2025-09-12,1,1,1,40.6,anytime,0,active
D04306,Ganesh Reddy,18,M,O+,Coimbatore Central,10.988904,76.939297,2025-05-28,5,7,6,49.6,weekends,1,inactive
D04307,Vikram Gowda,18,F,A+,Kalapatti,11.040817,77.036057,2026-03-18,6,11,4,50.4,emergency_only,1,inactive
D04308,Swathi Chandran,18,F,B+,Peelamedu,11.025753,76.999759,2026-07-31,1,3,3,37.5,weekdays,1,active
D04309,Arun Nair,26,M,O+,RS Puram,10.977269,76.974397,2024-08-13,6,10,6,6.5,weekdays,1,active
D04310,Geetha Nair,30,M,O+,Kalapatti,11.053015,77.048066,2024-08-22,9,9,1,47.3,anytime,1,active
D04311,Roja Nair,22,F,A-,Saibaba Colony,11.042982,76.947114,2024-05-01,4,5,0,78.3,emergency_only,1,active
D04312,Meena Subramani,28,M,B+,Kalapatti,11.059923,77.055993,2025-08-19,3,7,7,42.3,anytime,0,active
D04313,Roja Gowda,27,F,A+,Podanur,10.964224,76.939879,2024-07-31,2,5,3,51.7,weekdays,0,active
D04314,Nithya Pillai,29,F,A-,Peelamedu,11.039083,77.016196,2024-09-06,4,5,5,37.4,anytime,1,active
D04315,Bhavani Moorthy,20,M,A+,Singanallur,11.027822,77.057985,2026-07-26,2,7,2,53.8,anytime,1,active
D04316,Geetha Krishnan,30,M,O+,Gandhipuram,10.992424,76.95814,2025-09-25,4,8,5,67.7,anytime,0,active
D04317,Pooja Nair,27,F,A+,Gandhipuram,11.040494,76.949663,2025-02-13,3,7,5,43.3,weekdays,0,active
D04318,Dinesh Moorthy,31,F,O+,Peelamedu,11.032323,77.054955,2025-01-08,3,5,5,72.3,anytime,0,inactive
D04319,Karthik Nair,33,M,A-,Coimbatore Central,10.98774,76.976672,2025-06-11,7,7,6,26.0,weekends,1,active
D04320,Revathi Rajan,32,M,O+,Coimbatore Central,11.026677,76.977831,2026-04-20,5,8,4,44.0,weekends,0,active
D04321,Arjun Rajan,21,M,O+,Saibaba Colony,11.019416,76.940021,2025-11-03,7,10,6,48.6,weekends,1,active
D04322,Lakshmi Kumar,30,F,O+,Gandhipuram,11.018486,76.954893,2024-06-01,7,7,5,45.7,emergency_only,1,suspended
D04323,Sathish Balan,41,M,B+,Ukkadam,10.964616,76.95107,2024-05-25,4,9,7,24.0,emergency_only,1,active
D04324,Pooja Subramani,43,F,A+,RS Puram,10.981902,76.924449,2026-01-19,3,4,0,58.1,anytime,1,active
D04325,Roja Raj,23,F,A-,Gandhipuram,11.045707,76.96872,2025-04-11,5,9,7,42.0,anytime,0,active
D04326,Bhavani Chandran,39,F,O+,Coimbatore Central,10.971845,76.953275,2026-09-13,3,5,2,36.9,weekdays,0,active
D04327,Bhavani Krishnan,18,M,O+,Podanur,10.97501,76.971677,2026-09-08,3,4,2,38.1,emergency_only,1,active
D04328,Ramesh Balan,36,F,B-,RS Puram,11.012336,76.924906,2026-08-16,4,8,3,50.5,anytime,1,active
D04329,Divya Raj,34,M,O+,Saibaba Colony,11.005736,76.935279,2024-09-11,4,5,1,90.5,anytime,1,active
D04330,Vijay Rajan,31,M,O+,Coimbatore Central,11.011835,76.92819,2026-04-07,4,7,5,33.3,weekends,1,active
D04331,Muthu Chandran,52,F,O-,Saibaba Colony,10.996253,76.948048,2025-03-28,7,12,11,13.5,anytime,0,active
D04332,Meena Moorthy,36,M,A+,Ukkadam,10.960594,76.968155,2024-05-07,1,4,4,5.0,anytime,1,active
D04333,Deepa Raj,32,M,B+,Kalapatti,11.081435,77.049767,2024-12-27,4,9,3,26.1,weekends,1,active
D04334,Sathish Rajan,30,F,O-,Saibaba Colony,11.046737,76.9473,2024-09-30,4,9,7,31.7,weekdays,0,suspended
D04335,Geetha Subramani,28,M,O-,Saibaba Colony,11.025708,76.951046,2025-05-23,6,8,6,30.3,emergency_only,0,active
D04336,Nithya Menon,29,M,O-,Peelamedu,11.009163,77.045425,2024-07-19,3,6,2,21.1,weekdays,1,active
D04337,Geetha Raj,29,M,O+,RS Puram,11.010954,76.969062,2025-11-25,4,9,3,61.3,emergency_only,0,active
D04338,Divya Menon,30,M,A+,Saibaba Colony,11.022654,76.961269,2026-04-06,2,7,0,72.9,weekends,1,active
D04339,Ganesh Menon,18,M,A+,Singanallur,11.026934,77.006699,2025-01-28,3,5,2,63.7,weekdays,1,active
D04340,Manoj Balan,37,F,O+,Saibaba Colony,11.015937,76.921393,2025-10-24,4,4,1,31.7,anytime,1,active
D04341,Deepa Balan,25,M,O+,Gandhipuram,11.026415,76.978569,2026-07-25,4,7,3,35.4,anytime,1,active
D04342,Anitha Subramani,40,F,A+,Saibaba Colony,11.043307,76.924593,2025-06-11,3,7,6,86.5,emergency_only,1,active
D04343,Geetha Iyer,27,F,O+,Vadavalli,11.030409,76.917193,2025-08-05,5,10,8,77.1,anytime,1,active
D04344,Muthu Gowda,47,M,B+,Podanur,10.954123,76.944403,2024-06-20,3,5,2,33.4,weekends,0,active
D04345,Senthil Subramani,43,M,B+,Vadavalli,11.001788,76.912395,2024-05-27,3,3,2,12.6,weekends,0,suspended
D04346,Vikram Chandran,22,F,O+,Vadavalli,11.017142,76.903751,2025-09-30,7,8,7,40.4,emergency_only,1,active
D04347,Swathi Chandran,38,M,A+,Coimbatore Central,11.030749,76.965675,2025-10-09,5,9,7,67.3,anytime,0,active
D04348,Pooja Reddy,32,F,O+,RS Puram,11.029574,76.969636,2024-11-02,4,7,4,44.1,weekdays,0,active
D04349,Kavya Chandran,27,F,O-,Podanur,10.974659,76.986848,2025-05-16,4,7,7,44.6,weekdays,1,active
D04350,Lakshmi Reddy,36,M,O+,Ukkadam,10.981774,76.960754,2026-08-04,5,6,4,37.7,emergency_only,0,active
D04351,Prakash Balan,18,M,O+,Peelamedu,11.010217,77.038977,2024-05-26,5,8,7,59.9,anytime,0,active
D04352,Sathish Iyer,28,F,B-,Vadavalli,11.023399,76.902665,2026-08-20,6,7,3,26.1,weekends,1,active
D04353,Muthu Nair,31,M,A+,RS Puram,11.011727,76.931931,2026-05-16,3,8,3,41.7,weekends,1,inactive
D04354,Nithya Pillai,29,F,B+,Kalapatti,11.058191,77.057685,2024-10-13,3,4,0,21.3,weekends,1,active
D04355,Anitha Rajan,24,F,A+,Kalapatti,11.057616,77.066012,2025-11-03,3,3,3,22.3,weekends,0,active
D04356,Vijay Subramani,40,M,B+,Coimbatore Central,10.983987,76.948681,2026-07-05,6,8,1,60.9,anytime,0,active
D04357,Sandhya Balan,22,F,A+,Coimbatore Central,11.004285,76.929129,2024-05-10,8,12,6,64.6,anytime,0,active
D04358,Muthu Raj,21,M,O+,RS Puram,11.015826,76.928583,2024-07-31,10,13,5,50.0,anytime,0,active
D04359,Pooja Pillai,41,F,A+,Gandhipuram,11.024816,76.945137,2024-12-03,5,10,2,43.9,weekdays,0,inactive
D04360,Prakash Krishnan,35,M,A-,Singanallur,10.988551,77.00097,2024-05-22,4,6,5,66.5,weekdays,1,active
D04361,Geetha Moorthy,22,M,O+,Coimbatore Central,11.012353,76.977718,2025-12-12,2,4,1,42.2,anytime,1,inactive
D04362,Muthu Reddy,23,F,A+,Ukkadam,10.960913,76.962814,2024-06-26,5,5,5,29.0,weekends,1,active
D04363,Dinesh Reddy,41,F,B+,Coimbatore Central,10.998142,76.964244,2025-02-22,3,4,3,52.5,weekdays,0,active
D04364,Ramesh Nair,23,M,O+,Ukkadam,10.969571,76.935562,2024-10-14,7,9,7,65.9,emergency_only,1,active
D04365,Meena Iyer,25,M,O+,RS Puram,11.010186,76.94859,2026-02-16,3,5,1,58.0,emergency_only,0,active
D04366,Lakshmi Nair,30,M,A+,Kalapatti,11.088083,77.033382,2026-03-08,5,10,0,56.1,anytime,0,active
D04367,Revathi Pillai,35,F,O-,Ukkadam,11.015742,76.960995,2026-07-24,5,7,3,37.9,weekdays,1,active
D04368,Anitha Gowda,32,M,A+,Podanur,10.977593,76.996079,2024-05-25,3,6,0,58.3,emergency_only,0,inactive
D04369,Priya Raj,22,F,B-,Saibaba Colony,11.048613,76.964876,2025-03-14,2,6,0,49.9,weekdays,1,active
D04370,Manoj Krishnan,31,F,O+,Ukkadam,11.004509,76.949081,2025-05-16,4,6,1,32.1,emergency_only,0,active
D04371,Ramesh Raj,29,F,O+,RS Puram,11.025489,76.93311,2024-10-25,5,10,1,87.3,weekends,0,active
D04372,Lakshmi Reddy,30,F,A+,Podanur,10.937955,76.96905,2025-03-06,1,2,0,18.2,anytime,1,active
D04373,Ramesh Menon,27,M,AB+,Ukkadam,11.000401,76.97652,2026-07-19,2,7,4,66.2,emergency_only,0,active
D04374,Pooja Menon,33,M,B+,Podanur,10.945093,76.940351,2025-02-15,6,11,10,30.4,weekdays,1,inactive
D04375,Ramesh Subramani,28,M,O+,Ukkadam,11.003929,76.980647,2025-04-23,4,6,1,55.4,anytime,0,active
D04376,Divya Balan,42,F,O+,Saibaba Colony,11.039228,76.963589,2025-05-25,1,5,5,17.7,anytime,1,active
D04377,Meena Kumar,29,M,AB+,Kalapatti,11.075769,77.034843,2024-08-15,2,2,0,23.6,weekdays,1,active
D04378,Revathi Kumar,30,F,A-,Coimbatore Central,10.975259,76.975486,2026-07-06,4,7,7,41.1,anytime,1,active
D04379,Nithya Raj,26,M,O+,Peelamedu,11.030173,77.036108,2026-06-03,4,5,2,38.7,anytime,1,active
D04380,Ganesh Gowda,27,F,A-,Coimbatore Central,11.014775,76.93088,2024-07-09,3,4,1,83.0,anytime,1,inactive
D04381,Senthil Menon,44,F,A-,Gandhipuram,11.008697,76.994192,2024-10-14,3,7,5,56.0,weekdays,1,active
D04382,Pooja Pillai,20,F,O+,Coimbatore Central,11.006168,76.938712,2024-05-18,3,5,1,15.8,anytime,0,active
D04383,Ganesh Nair,42,F,O+,Peelamedu,11.04349,77.052606,2026-02-24,3,4,2,56.4,emergency_only,0,active
D04384,Senthil Reddy,34,M,B+,Peelamedu,11.015803,77.032626,2026-04-05,4,9,4,34.7,weekdays,0,suspended
D04385,Bhavani Gowda,18,M,A+,Vadavalli,11.02172,76.911197,2025-02-05,1,4,1,46.1,weekdays,1,active
D04386,Sathish Chandran,22,M,B+,Singanallur,10.986693,77.019411,2025-11-19,1,5,2,28.7,emergency_only,0,active
D04387,Kavya Menon,42,M,O-,Kalapatti,11.068047,77.0679,2025-07-06,4,6,2,40.0,anytime,1,active
D04388,Sandhya Reddy,33,M,B+,Kalapatti,11.074057,77.06537,2026-08-25,7,8,0,50.3,anytime,0,active
D04389,Sathish Kumar,29,M,O+,Coimbatore Central,11.002279,76.985247,2025-04-23,1,4,1,35.6,weekdays,1,inactive
D04390,Dinesh Krishnan,27,M,B+,RS Puram,11.017966,76.9621,2026-04-25,5,7,2,41.6,anytime,0,active
D04391,Dinesh Pillai,22,F,A+,Peelamedu,11.042421,77.035811,2026-03-09,4,5,3,21.6,weekdays,0,active
D04392,Priya Chandran,30,M,A+,Singanallur,10.973213,77.007521,2026-05-21,5,5,3,20.4,weekends,1,active
D04393,Priya Krishnan,26,Other,O+,RS Puram,10.98783,76.980484,2025-11-15,4,5,2,48.9,anytime,1,active
D04394,Dinesh Nair,30,M,B+,Peelamedu,11.029957,77.028061,2026-01-09,5,10,10,77.0,anytime,1,active
D04395,Anitha Chandran,24,M,O+,Podanur,10.968631,76.979295,2025-02-12,3,6,3,78.7,emergency_only,1,active
D04396,Manoj Rajan,19,M,B+,Gandhipuram,11.043249,76.979827,2025-03-26,3,7,4,39.1,anytime,0,active
D04397,Arjun Raj,28,F,O+,RS Puram,11.03157,76.949821,2026-01-01,3,7,4,61.6,anytime,1,active
D04398,Anitha Reddy,47,F,A+,Ukkadam,10.959494,76.94553,2026-06-17,2,3,3,42.6,weekdays,0,inactive
D04399,Geetha Chandran,31,M,O+,Ukkadam,10.999773,76.973717,2024-06-14,6,7,3,52.6,weekdays,1,active
D04400,Prakash Raj,37,F,A-,Ukkadam,11.008892,76.933808,2025-05-21,5,6,2,44.5,anytime,1,active
D04401,Meena Raj,37,M,O+,RS Puram,11.000254,76.956266,2024-05-25,5,9,5,36.9,weekends,0,active
D04402,Bhavani Menon,21,F,A+,Kalapatti,11.040715,77.016329,2024-10-04,5,10,6,51.2,weekdays,1,active
D04403,Vijay Subramani,34,F,A+,Podanur,10.951623,76.981467,2025-08-16,5,7,5,59.2,anytime,0,active
D04404,Nithya Kumar,46,M,B+,Kalapatti,11.038532,77.019322,2026-08-01,2,4,2,34.7,weekends,1,active
D04405,Ganesh Krishnan,39,M,O+,Coimbatore Central,10.981997,76.966453,2024-05-17,3,7,3,49.5,emergency_only,1,active
D04406,Nithya Moorthy,41,M,A+,Podanur,10.95543,76.978384,2025-11-15,3,6,0,53.9,emergency_only,0,active
D04407,Nithya Kumar,32,M,O+,Kalapatti,11.083482,77.054374,2024-04-26,4,5,1,91.5,anytime,0,active
D04408,Meena Krishnan,33,M,O+,Peelamedu,11.005757,77.008613,2026-04-27,1,4,4,32.3,anytime,1,suspended
D04409,Prakash Reddy,33,F,O+,Singanallur,11.016156,77.005087,2024-11-05,3,4,3,45.1,weekdays,0,inactive
D04410,Bhavani Krishnan,29,M,O+,RS Puram,11.022024,76.931798,2024-12-14,4,9,7,48.0,weekdays,1,inactive
D04411,Sandhya Nair,20,M,A+,Peelamedu,11.018827,77.032534,2024-11-07,5,8,4,47.4,weekends,1,active
D04412,Kavya Balan,28,F,AB+,Saibaba Colony,11.031079,76.949038,2024-10-18,5,6,3,24.1,weekdays,1,active
D04413,Senthil Subramani,18,M,A-,Coimbatore Central,10.979917,76.971675,2026-01-12,3,3,1,15.0,anytime,0,active
D04414,Revathi Balan,38,F,A+,Singanallur,10.973674,77.004944,2025-05-04,3,7,4,33.7,weekdays,1,active
D04415,Ramesh Kumar,34,F,O-,Gandhipuram,11.034141,76.954349,2026-07-18,4,9,5,41.5,anytime,1,active
D04416,Deepa Moorthy,28,F,O+,Singanallur,10.996389,77.006439,2026-08-20,2,5,2,37.5,anytime,0,active
D04417,Revathi Subramani,49,M,O-,Ukkadam,10.962306,76.94172,2025-06-30,5,5,2,43.6,anytime,1,active
D04418,Priya Raj,23,F,AB+,Vadavalli,11.021865,76.922613,2026-05-23,5,5,4,32.1,anytime,1,active
D04419,Manoj Reddy,29,F,O+,Saibaba Colony,11.025097,76.970174,2024-06-03,4,7,4,66.2,weekends,1,active
D04420,Karthik Kumar,26,F,O+,Ukkadam,11.009064,76.980794,2024-06-14,4,6,2,53.8,anytime,0,active
D04421,Priya Gowda,47,M,O-,Ukkadam,10.996041,76.948018,2024-04-19,4,4,0,43.3,weekends,0,active
D04422,Lakshmi Menon,33,M,A-,Peelamedu,11.023912,77.02419,2025-08-03,4,5,1,16.9,weekends,0,inactive
D04423,Arun Sharma,26,F,A+,Podanur,10.926548,76.973124,2025-03-05,8,11,6,47.1,weekends,1,active
D04424,Swathi Balan,42,F,AB-,Vadavalli,11.032645,76.897086,2025-02-08,5,8,7,42.5,anytime,0,active
D04425,Sandhya Sharma,27,M,O+,Singanallur,10.98219,77.013115,2024-10-23,2,6,5,53.7,emergency_only,0,active
D04426,Dinesh Nair,21,M,A+,Vadavalli,11.002211,76.889078,2026-09-11,5,7,4,51.1,weekends,1,active
D04427,Anitha Moorthy,18,M,O-,Singanallur,11.021748,77.050786,2026-02-26,4,7,5,38.5,weekdays,1,active
D04428,Manoj Subramani,31,Other,O+,Saibaba Colony,11.032236,76.973046,2026-04-29,2,4,2,56.9,weekends,0,active
D04429,Nithya Kumar,44,M,B+,Podanur,10.980801,76.981077,,0,4,3,17.9,anytime,0,active
D04430,Sathish Krishnan,45,M,O+,Singanallur,11.001016,77.01829,2025-01-09,6,10,8,46.4,emergency_only,1,active
D04431,Kavya Sharma,37,M,A+,Coimbatore Central,11.003798,76.930727,2026-07-11,2,4,2,84.5,weekends,1,active
D04432,Anitha Rajan,20,M,A+,Coimbatore Central,10.997899,76.93734,2025-07-16,2,3,0,49.2,weekdays,1,active
D04433,Nithya Kumar,40,M,A+,Singanallur,10.979462,77.032503,2024-10-03,6,9,5,83.0,anytime,1,active
D04434,Priya Chandran,39,Other,O+,Ukkadam,10.986654,76.989168,2026-02-16,2,2,1,24.0,emergency_only,0,active
D04435,Senthil Raj,43,F,O-,Gandhipuram,11.044001,76.989239,2024-09-20,4,6,3,57.6,weekends,1,active
D04436,Lakshmi Balan,40,F,O+,Podanur,10.925847,76.960177,2024-09-27,7,8,3,60.6,anytime,1,active
D04437,Vikram Nair,26,Other,O+,Kalapatti,11.088953,77.043469,2024-06-15,1,5,0,51.9,anytime,0,active
D04438,Manoj Chandran,37,M,O-,Podanur,10.964697,76.976146,2026-07-16,3,8,5,48.0,weekends,1,active
D04439,Pooja Moorthy,27,M,AB-,Singanallur,11.009841,77.024861,2024-08-22,3,8,6,29.9,anytime,1,active
D04440,Anitha Krishnan,35,M,B+,Peelamedu,11.059335,77.049603,2024-07-11,3,3,2,79.7,weekends,1,active
D04441,Naveen Pillai,38,F,O+,Coimbatore Central,10.998671,76.932338,,0,2,1,15.5,anytime,1,active
D04442,Pooja Rajan,18,M,O+,Saibaba Colony,11.022181,76.939891,2024-09-12,3,7,3,68.1,anytime,1,active
D04443,Kavya Krishnan,43,F,B+,Podanur,10.951477,76.957964,2024-04-23,2,2,2,47.6,weekdays,1,active
D04444,Sathish Kumar,40,F,O+,Kalapatti,11.062098,77.026332,2024-05-21,7,12,6,72.0,weekdays,1,active
D04445,Geetha Kumar,40,M,O+,Peelamedu,11.03156,77.003709,2025-08-03,4,4,1,54.0,weekdays,1,active
D04446,Sandhya Chandran,32,M,O+,Podanur,10.959811,76.972672,2026-09-07,2,7,3,43.4,anytime,1,suspended
D04447,Arjun Iyer,34,F,A-,Saibaba Colony,11.011381,76.959274,2024-07-29,3,4,0,52.6,weekdays,1,inactive
D04448,Arjun Moorthy,21,M,A+,Gandhipuram,11.040068,76.963354,2025-04-10,2,6,3,14.6,weekends,1,active
D04449,Swathi Subramani,18,F,O+,Podanur,10.951798,76.949319,2024-05-21,4,7,1,79.9,emergency_only,0,active
D04450,Revathi Gowda,21,F,O+,RS Puram,10.976405,76.980823,2025-09-06,4,5,2,58.0,weekends,0,active
D04451,Arjun Subramani,24,F,O+,Ukkadam,10.973653,76.978705,2025-12-14,3,6,6,17.3,weekdays,1,active
D04452,Roja Nair,26,Other,O+,Gandhipuram,10.992821,76.97104,2025-07-09,4,5,0,80.9,weekdays,1,active
D04453,Sandhya Raj,24,F,O+,Ukkadam,10.972924,76.951916,2025-02-24,2,6,2,31.1,anytime,1,active
D04454,Karthik Balan,40,M,O+,Podanur,10.959716,76.985124,2024-11-09,5,6,5,15.9,emergency_only,1,active
D04455,Ganesh Rajan,18,F,B+,Gandhipuram,11.02281,76.949869,2025-01-21,2,5,2,65.5,emergency_only,0,active
D04456,Geetha Iyer,39,M,O-,Kalapatti,11.073209,77.064678,2024-09-04,3,4,2,38.0,anytime,0,active
D04457,Priya Pillai,51,M,A+,Vadavalli,11.040483,76.89109,2026-06-01,5,9,4,55.4,anytime,1,active
D04458,Naveen Chandran,48,M,O+,Kalapatti,11.054372,77.063425,2025-03-11,2,2,0,38.9,anytime,1,active
D04459,Swathi Subramani,30,M,B+,Kalapatti,11.092293,77.047716,,0,1,1,45.6,anytime,1,active
D04460,Senthil Nair,32,M,B-,Vadavalli,11.04743,76.927273,2026-07-08,2,4,2,40.8,anytime,0,active
D04461,Vijay Chandran,43,F,O+,Kalapatti,11.070813,77.026109,2025-10-13,4,9,3,23.7,weekends,1,suspended
D04462,Arun Moorthy,31,M,A+,Saibaba Colony,11.021346,76.975722,2025-04-10,8,11,9,27.6,emergency_only,1,active
D04463,Vikram Rajan,18,M,O+,Singanallur,11.007005,77.046445,2024-10-26,3,6,3,62.6,anytime,0,inactive
D04464,Arun Menon,28,M,O-,Singanallur,10.99327,77.01484,2025-08-15,4,4,2,51.9,emergency_only,0,active
D04465,Manoj Menon,27,M,A+,Kalapatti,11.057209,77.056764,2025-12-25,6,7,4,63.3,anytime,1,active
D04466,Revathi Menon,40,F,O+,Podanur,10.926734,76.937206,2025-06-30,4,5,1,70.6,weekdays,1,active
D04467,Priya Reddy,30,F,B+,Vadavalli,11.005274,76.895784,2026-03-06,7,9,2,70.9,weekends,0,active
D04468,Dinesh Subramani,18,F,AB+,Gandhipuram,11.013687,76.951906,2024-11-13,3,6,5,71.6,weekdays,1,active
D04469,Dinesh Nair,30,F,A+,Podanur,10.944658,76.964559,2026-05-14,5,6,2,49.6,emergency_only,1,active
D04470,Bhavani Balan,25,M,A-,Ukkadam,11.008969,76.955151,2024-09-07,4,5,4,48.0,anytime,1,inactive
D04471,Naveen Subramani,32,M,A+,RS Puram,10.982521,76.973182,2024-05-12,4,6,5,50.3,weekends,1,active
D04472,Sandhya Raj,36,F,O+,Saibaba Colony,10.995124,76.946872,2026-03-25,9,13,8,67.6,anytime,1,active
D04473,Priya Rajan,35,M,A+,Peelamedu,11.050551,77.021257,,0,0,0,33.1,emergency_only,1,active
D04474,Vikram Balan,32,M,A+,Singanallur,11.002326,77.008237,2024-06-04,6,8,5,77.8,weekdays,1,active
D04475,Geetha Moorthy,36,F,O+,Podanur,10.946468,76.985705,2026-07-21,8,13,5,84.1,weekdays,1,active
D04476,Ramesh Rajan,34,F,AB+,Peelamedu,11.043941,77.00571,2025-12-23,7,11,2,50.0,weekdays,1,active
D04477,Geetha Gowda,33,F,O+,Saibaba Colony,11.040032,76.943525,2024-05-14,5,5,2,61.7,anytime,1,active
D04478,Priya Iyer,39,F,A-,Saibaba Colony,11.017228,76.959377,2025-07-11,4,4,1,5.0,anytime,1,active
D04479,Roja Nair,18,M,B+,Podanur,10.966936,76.992618,2026-06-14,3,6,4,23.1,weekends,0,active
D04480,Prakash Rajan,23,M,A+,Kalapatti,11.078208,77.055199,2026-08-19,6,10,10,5.0,emergency_only,1,active
D04481,Anitha Pillai,18,M,B+,Gandhipuram,11.043986,76.948187,2025-12-02,5,9,1,37.3,weekdays,1,active
D04482,Manoj Kumar,27,M,O+,Ukkadam,11.016309,76.979062,2025-05-07,5,6,4,73.4,anytime,1,active
D04483,Lakshmi Krishnan,18,F,B+,Saibaba Colony,11.013873,76.916735,2024-04-29,4,8,2,17.4,emergency_only,1,active
D04484,Kavya Raj,20,M,O+,Singanallur,10.989785,77.043746,2025-11-21,3,5,1,64.3,weekdays,1,active
D04485,Arun Nair,38,M,B+,Kalapatti,11.055298,77.035438,2026-09-13,5,9,4,35.2,anytime,1,active
D04486,Arun Chandran,25,F,O-,Coimbatore Central,11.000544,76.953195,2025-10-21,1,3,3,7.4,anytime,1,active
D04487,Roja Chandran,22,M,A+,Coimbatore Central,11.022023,76.947135,2025-09-13,6,6,6,41.9,weekends,0,active
D04488,Nithya Sharma,21,F,O-,Singanallur,10.980451,77.045755,2024-12-13,4,9,3,37.6,anytime,1,active
D04489,Deepa Krishnan,46,F,A+,Singanallur,11.020319,77.033589,2025-03-30,5,6,4,10.6,anytime,1,active
D04490,Vikram Moorthy,35,M,O+,Singanallur,10.971003,77.052069,2026-08-25,3,7,6,22.6,weekends,1,active
D04491,Naveen Reddy,18,M,B+,Gandhipuram,10.997799,76.952434,2026-07-01,3,8,7,22.4,anytime,1,active
D04492,Anitha Rajan,31,F,O-,Gandhipuram,11.043624,76.964989,2024-10-07,5,7,1,63.4,weekdays,0,active
D04493,Senthil Iyer,26,F,A-,Ukkadam,10.983232,76.939422,2025-08-18,5,6,5,46.0,weekends,1,active
D04494,Vijay Krishnan,34,F,O+,Vadavalli,11.035989,76.904682,2025-04-25,4,6,5,27.1,anytime,1,active
D04495,Suresh Nair,30,F,O+,RS Puram,11.021784,76.928307,2026-03-10,2,2,1,29.9,weekends,1,active
D04496,Ganesh Balan,19,M,A+,Vadavalli,11.014978,76.929115,2026-08-27,3,8,4,87.6,weekends,1,active
D04497,Muthu Sharma,26,F,AB+,Coimbatore Central,10.978092,76.94962,2025-04-07,8,8,5,29.2,emergency_only,0,active
D04498,Arun Nair,33,F,A+,Gandhipuram,11.036489,76.961273,2026-01-05,6,8,3,75.9,anytime,0,active
D04499,Pooja Moorthy,26,M,O+,Gandhipuram,11.039175,76.996824,2025-05-27,3,7,5,29.2,anytime,1,active
D04500,Anitha Kumar,38,M,O-,Peelamedu,11.040174,77.039715,2025-04-13,2,2,2,56.7,anytime,0,active
D04501,Meena Krishnan,33,M,B+,Vadavalli,11.037139,76.917977,2025-06-16,5,5,0,77.7,weekdays,1,active
D04502,Vikram Gowda,37,F,A+,Vadavalli,11.011229,76.897246,2026-06-17,4,7,4,45.5,weekdays,1,suspended
D04503,Arjun Reddy,37,M,O-,RS Puram,10.996508,76.938317,2025-07-12,3,5,5,65.3,emergency_only,1,active
D04504,Kavya Kumar,32,M,AB+,Podanur,10.93053,76.982252,2024-11-28,5,5,5,9.0,weekends,0,active
D04505,Anitha Nair,25,F,A+,Ukkadam,10.9753,76.951415,2025-02-27,4,9,7,43.0,emergency_only,1,active
D04506,Vijay Raj,45,F,A+,Gandhipuram,10.999237,76.98914,2025-02-19,4,5,5,25.9,emergency_only,0,active
D04507,Sandhya Nair,44,M,B+,RS Puram,10.99028,76.932849,2026-03-08,4,8,5,10.7,anytime,1,active
D04508,Sathish Rajan,33,F,A+,Peelamedu,11.010546,77.030453,2025-05-17,8,12,5,31.4,weekdays,1,active
D04509,Senthil Balan,24,F,A+,Vadavalli,11.042707,76.912839,2026-02-26,1,3,3,68.6,emergency_only,0,active
D04510,Sathish Balan,40,M,O+,RS Puram,11.015573,76.962614,2025-11-27,3,3,2,19.1,anytime,0,active
D04511,Sathish Kumar,44,M,AB+,Gandhipuram,11.045644,76.987867,2024-07-23,5,8,1,45.5,weekends,1,active
D04512,Ganesh Chandran,36,M,O+,Kalapatti,11.09375,77.023591,2024-04-28,6,6,5,9.0,weekdays,1,active
D04513,Anitha Iyer,26,M,A+,Peelamedu,11.045587,77.034449,2025-08-18,4,4,4,42.4,weekends,0,suspended
D04514,Arjun Gowda,20,M,A+,Coimbatore Central,11.015399,76.938635,2024-09-20,5,10,4,24.2,weekdays,1,inactive
D04515,Naveen Moorthy,30,M,O-,Gandhipuram,11.012356,76.945288,2024-05-01,5,10,5,70.1,weekends,1,active
D04516,Sandhya Iyer,35,F,O+,Coimbatore Central,10.972761,76.930488,2025-03-30,2,5,4,52.8,weekdays,1,active
D04517,Prakash Balan,26,M,A+,Podanur,10.944469,76.949347,2024-11-11,3,3,3,70.4,weekdays,1,active
D04518,Suresh Gowda,29,F,O+,Peelamedu,11.04523,77.01702,2025-01-19,1,2,2,21.3,anytime,0,active
D04519,Dinesh Reddy,51,F,A+,Peelamedu,11.013021,77.053375,2024-10-20,6,10,1,38.9,weekends,0,inactive
D04520,Revathi Iyer,18,F,A-,Gandhipuram,11.004971,76.948329,2025-05-20,7,11,11,42.7,anytime,0,active
D04521,Dinesh Rajan,35,F,O+,Kalapatti,11.050169,77.04987,2025-06-02,10,15,11,6.3,anytime,1,active
D04522,Arjun Menon,41,M,O+,Coimbatore Central,11.026558,76.981392,2024-12-13,2,6,4,16.1,emergency_only,1,active
D04523,Bhavani Sharma,47,M,A+,Coimbatore Central,11.003067,76.955683,2025-09-06,3,3,2,37.8,anytime,1,active
D04524,Geetha Kumar,23,M,O+,Peelamedu,10.999964,77.0363,2024-06-03,5,10,6,18.1,anytime,1,active
D04525,Anitha Rajan,29,M,AB+,Peelamedu,11.048845,77.032202,2025-01-16,2,2,2,49.7,weekdays,1,active
D04526,Karthik Pillai,26,F,B+,Gandhipuram,11.043472,76.981612,2025-08-14,3,6,2,53.3,anytime,1,active
D04527,Kavya Moorthy,29,M,A+,Vadavalli,11.016922,76.883159,2024-10-10,4,6,6,7.1,emergency_only,0,active
D04528,Arun Nair,36,M,O-,Kalapatti,11.051023,77.064496,2024-12-07,6,11,6,56.4,anytime,1,inactive
D04529,Sandhya Iyer,26,F,A+,Podanur,10.93156,76.93756,2025-01-17,3,5,4,73.5,weekdays,0,suspended
D04530,Arjun Pillai,37,F,O+,Saibaba Colony,11.000578,76.968236,2025-10-06,3,8,5,62.7,anytime,0,active
D04531,Swathi Kumar,36,M,O+,Kalapatti,11.089592,77.045757,2025-03-11,3,6,2,31.9,weekdays,1,active
D04532,Priya Sharma,28,Other,O-,Ukkadam,10.962676,76.943493,2024-06-09,5,6,2,5.0,weekdays,1,active
D04533,Arjun Iyer,21,M,B+,Vadavalli,11.036165,76.900083,2026-04-21,4,8,5,28.0,weekends,0,active
D04534,Dinesh Menon,35,M,A+,Peelamedu,11.006483,77.051246,2025-10-08,6,11,6,69.7,emergency_only,1,active
D04535,Dinesh Sharma,18,M,O+,Singanallur,10.999667,77.038929,2025-08-29,4,4,0,85.2,anytime,0,active
D04536,Sandhya Chandran,30,F,O-,RS Puram,10.97648,76.977262,2026-07-02,7,11,9,28.1,anytime,1,inactive
D04537,Kavya Krishnan,37,M,B+,Kalapatti,11.053699,77.017691,2024-06-12,3,6,2,38.6,anytime,1,inactive
D04538,Ganesh Gowda,25,F,O+,Saibaba Colony,11.030076,76.976102,2024-05-23,4,7,7,5.0,anytime,0,active
D04539,Kavya Raj,31,M,A-,Podanur,10.967028,76.947285,2026-01-20,2,2,0,45.8,weekdays,1,active
D04540,Vikram Iyer,26,Other,B-,Vadavalli,11.020253,76.911227,2026-04-05,5,9,2,74.2,weekdays,1,active
D04541,Priya Raj,27,F,A+,Podanur,10.966205,76.950346,2025-12-22,1,1,0,11.9,anytime,1,active
D04542,Arjun Chandran,29,F,O+,Podanur,10.978111,76.938038,2024-11-16,3,4,0,77.4,emergency_only,0,active
D04543,Divya Kumar,24,M,O+,Vadavalli,11.032567,76.89526,2024-06-21,1,5,0,42.0,weekdays,1,active
D04544,Karthik Reddy,21,M,O+,Vadavalli,11.042821,76.896141,2025-11-11,5,5,4,44.2,emergency_only,0,active
D04545,Suresh Sharma,32,M,A+,Gandhipuram,11.031589,76.953975,2025-11-28,6,6,2,35.6,weekdays,0,active
D04546,Sandhya Iyer,34,F,O+,Ukkadam,10.967485,76.936367,2024-11-02,7,7,3,67.1,anytime,0,active
D04547,Anitha Subramani,42,Other,O+,Peelamedu,11.051819,77.004133,2026-02-08,3,8,2,38.8,anytime,1,active
D04548,Pooja Sharma,42,M,O+,Saibaba Colony,11.030561,76.954279,2026-08-13,5,9,0,74.7,emergency_only,0,active
D04549,Pooja Kumar,20,F,A-,Gandhipuram,11.006177,76.964702,2025-11-27,3,6,0,39.7,anytime,0,active
D04550,Kavya Pillai,33,Other,O+,Ukkadam,11.01854,76.955387,2024-12-16,5,9,4,47.2,weekdays,1,active
D04551,Revathi Chandran,21,F,O+,Podanur,10.9578,76.966799,2026-05-30,2,6,5,50.6,anytime,1,active
D04552,Bhavani Subramani,33,M,A+,Saibaba Colony,10.994428,76.935364,2024-06-26,7,11,6,62.9,weekends,1,active
D04553,Bhavani Menon,40,M,A-,Ukkadam,11.016607,76.951061,2024-05-22,2,2,0,79.3,weekends,1,active
D04554,Karthik Rajan,37,F,O+,Vadavalli,11.012539,76.907554,2026-01-08,5,6,1,67.8,weekends,1,active
D04555,Suresh Menon,32,M,O+,Vadavalli,11.025045,76.935329,2024-09-14,4,6,1,64.6,anytime,0,active
D04556,Nithya Sharma,36,F,A-,Saibaba Colony,11.00477,76.940843,2025-05-20,7,8,7,33.3,weekdays,1,active
D04557,Roja Sharma,33,M,O+,RS Puram,11.001879,76.938754,2025-04-25,3,5,3,5.0,weekends,0,active
D04558,Manoj Subramani,32,F,O+,Kalapatti,11.063631,77.021647,2026-03-01,3,5,5,40.7,anytime,1,active
D04559,Ganesh Sharma,24,F,O+,Vadavalli,11.02808,76.902712,2025-04-06,6,11,11,26.7,weekends,1,active
D04560,Nithya Kumar,35,F,O-,Podanur,10.974765,76.971405,2026-05-22,3,8,5,107.9,weekdays,0,active
D04561,Naveen Reddy,21,F,A+,RS Puram,10.995052,76.940908,2025-12-05,3,7,3,49.9,anytime,1,suspended
D04562,Roja Reddy,23,F,A-,Peelamedu,11.053908,77.006663,2026-07-02,4,9,5,75.7,weekdays,0,active
D04563,Manoj Sharma,32,F,B+,Podanur,10.925901,76.9461,2026-08-24,3,6,4,58.8,emergency_only,0,active
D04564,Nithya Krishnan,31,M,AB+,Gandhipuram,11.039969,76.976149,2025-03-28,2,2,0,20.3,weekdays,1,active
D04565,Manoj Iyer,22,M,A+,Peelamedu,11.033599,77.055624,2025-02-24,2,2,0,75.9,anytime,1,active
D04566,Nithya Nair,40,M,O-,Coimbatore Central,10.973516,76.958622,2025-11-02,3,5,1,41.3,emergency_only,1,active
D04567,Kavya Raj,54,F,A+,Singanallur,10.989171,77.051077,2026-02-23,4,9,1,42.1,emergency_only,1,active
D04568,Deepa Sharma,47,M,O+,Singanallur,11.009352,77.005608,2025-02-10,4,5,2,35.5,emergency_only,1,active
D04569,Naveen Balan,34,M,A+,RS Puram,11.005824,76.975091,2025-05-28,4,7,6,33.2,weekdays,1,active
D04570,Manoj Subramani,18,M,A-,Ukkadam,10.995713,76.970875,2024-06-16,3,3,0,52.1,emergency_only,1,active
D04571,Manoj Krishnan,41,M,B-,RS Puram,11.027994,76.972342,2024-07-24,7,12,3,76.0,weekends,1,active
D04572,Deepa Nair,36,F,A+,RS Puram,10.991568,76.938959,2024-07-22,3,4,0,59.8,weekends,0,active
D04573,Deepa Chandran,38,M,B+,Gandhipuram,11.042243,76.964121,2026-04-23,4,5,4,29.8,weekends,0,active
D04574,Roja Nair,38,F,A+,RS Puram,11.03451,76.936476,2025-09-16,5,7,4,30.3,anytime,0,active
D04575,Revathi Rajan,18,F,A+,Coimbatore Central,11.003397,76.951338,2026-03-10,3,3,2,29.1,anytime,0,active
D04576,Anitha Subramani,33,M,O-,Coimbatore Central,10.986731,76.94575,2025-04-02,3,6,2,45.1,anytime,1,active
D04577,Karthik Kumar,33,F,A-,Ukkadam,10.977006,76.980284,2025-06-10,5,6,0,29.4,weekends,1,active
D04578,Geetha Iyer,27,M,A+,Kalapatti,11.062524,77.050408,2025-06-03,2,7,3,22.6,weekdays,1,active
D04579,Roja Sharma,32,F,A+,Saibaba Colony,11.039376,76.955291,2025-05-12,5,5,2,52.9,anytime,1,active
D04580,Manoj Nair,18,F,O+,Saibaba Colony,11.045634,76.938771,2024-12-21,3,7,0,66.9,weekends,0,inactive
D04581,Suresh Moorthy,42,M,O+,Saibaba Colony,10.996622,76.958895,2025-12-01,3,4,1,45.0,anytime,1,inactive
D04582,Roja Kumar,39,M,B+,Vadavalli,11.006028,76.883624,2024-09-12,3,5,3,48.3,emergency_only,0,inactive
D04583,Vijay Rajan,33,M,O+,Singanallur,11.026182,77.017426,2025-05-13,3,3,0,42.9,anytime,0,active
D04584,Revathi Subramani,43,M,AB+,Gandhipuram,11.008445,76.960778,2025-04-25,4,8,0,50.5,anytime,0,active
D04585,Nithya Iyer,27,M,B+,Saibaba Colony,11.048568,76.954612,2026-01-30,2,6,3,45.6,weekends,1,active
D04586,Priya Rajan,33,F,A+,Vadavalli,11.018446,76.931401,2025-07-11,2,6,4,64.7,weekends,1,active
D04587,Muthu Chandran,42,M,A+,RS Puram,11.032376,76.962244,2025-12-16,2,4,2,39.5,weekends,1,active
D04588,Pooja Menon,42,M,O+,Podanur,10.966889,76.988836,2024-05-13,5,5,4,33.1,emergency_only,1,active
D04589,Pooja Balan,56,F,O+,Coimbatore Central,10.977457,76.939297,2024-12-23,4,9,8,20.2,weekdays,1,active
D04590,Senthil Gowda,18,M,A+,Singanallur,11.013105,77.043707,2024-05-03,7,12,6,26.1,weekends,0,inactive
D04591,Muthu Sharma,22,M,B-,Ukkadam,10.98595,76.982862,2026-02-01,7,8,8,5.0,anytime,0,active
D04592,Geetha Chandran,30,F,AB+,Gandhipuram,11.044904,76.994428,2026-08-20,11,14,5,44.1,anytime,1,active
D04593,Vijay Raj,30,M,O+,Peelamedu,11.020561,77.040661,2024-12-04,2,5,1,52.5,anytime,1,inactive
D04594,Arun Menon,45,M,A+,Singanallur,11.017195,77.025633,2026-01-28,9,12,5,51.7,anytime,1,active
D04595,Dinesh Raj,18,M,O+,Kalapatti,11.068324,77.057216,2025-12-18,9,11,9,35.5,weekends,1,active
D04596,Priya Sharma,24,M,A+,RS Puram,11.003703,76.973877,2026-06-02,7,11,8,57.2,weekdays,0,active
D04597,Vikram Subramani,35,M,O+,RS Puram,10.980258,76.936547,2024-05-15,3,8,0,26.0,weekdays,0,active
D04598,Priya Chandran,29,M,O+,Coimbatore Central,10.981719,76.959032,2025-12-25,1,3,0,29.0,weekends,0,active
D04599,Ganesh Raj,29,F,O+,Vadavalli,11.049571,76.942076,2025-01-11,6,7,1,58.9,anytime,1,active
D04600,Vijay Rajan,21,M,AB+,Coimbatore Central,10.993052,76.937256,2024-11-01,7,7,4,26.7,anytime,1,active
D04601,Karthik Balan,18,M,O+,Gandhipuram,11.011588,76.995271,2025-03-09,8,11,3,38.7,anytime,1,active
D04602,Prakash Sharma,36,M,A+,Podanur,10.98142,76.949147,2025-06-04,2,3,3,45.2,anytime,0,inactive
D04603,Muthu Balan,22,M,O-,Gandhipuram,11.007264,76.955354,2025-05-27,3,3,0,49.2,weekdays,1,active
D04604,Dinesh Nair,20,M,O+,Saibaba Colony,11.0068,76.956303,2024-08-28,2,7,5,23.7,emergency_only,1,active
D04605,Suresh Menon,37,F,O+,Coimbatore Central,11.003603,76.975668,2024-05-17,3,6,5,41.7,anytime,1,active
D04606,Divya Menon,24,M,A-,Vadavalli,11.024358,76.932592,2024-08-18,3,8,5,53.6,anytime,1,active
D04607,Lakshmi Rajan,34,M,O+,Gandhipuram,11.022695,76.96078,2026-01-03,5,6,3,24.6,weekdays,1,active
D04608,Arjun Sharma,33,F,O+,Vadavalli,11.000031,76.937786,2025-04-28,4,7,6,66.5,anytime,1,active
D04609,Ganesh Pillai,29,M,B-,Singanallur,11.026932,77.055857,2026-04-28,6,9,6,43.1,emergency_only,1,active
D04610,Muthu Sharma,28,F,A+,Kalapatti,11.038398,77.062191,2026-06-13,4,9,1,22.8,emergency_only,1,active
D04611,Ganesh Balan,32,M,A+,Peelamedu,11.041576,77.014384,2026-07-26,9,9,4,44.1,weekends,1,active
D04612,Divya Menon,35,F,O-,Coimbatore Central,11.029036,76.97294,2025-05-15,4,7,3,35.3,anytime,0,active
D04613,Vijay Nair,22,F,A+,Gandhipuram,11.027351,76.994134,2026-08-17,13,14,5,33.4,weekdays,1,active
D04614,Karthik Moorthy,42,M,O+,RS Puram,11.011014,76.970194,2026-05-07,3,3,2,5.6,weekends,1,active
D04615,Geetha Kumar,23,M,O-,Saibaba Colony,11.025745,76.965011,2024-05-16,7,11,2,56.5,weekdays,1,active
D04616,Suresh Nair,26,F,O+,Ukkadam,10.976322,76.989557,2024-07-26,2,5,3,17.4,weekends,1,active
D04617,Geetha Iyer,31,F,A+,Singanallur,10.971546,77.046193,2026-04-09,8,11,10,35.5,weekdays,0,active
D04618,Roja Menon,34,F,B+,Ukkadam,10.963892,76.964996,2024-12-03,6,6,3,51.9,weekdays,0,active
D04619,Meena Pillai,39,F,O+,Singanallur,10.986481,77.011806,2024-05-20,7,10,6,39.0,weekends,0,active
D04620,Suresh Rajan,32,M,B+,Kalapatti,11.077926,77.026576,2025-07-17,7,7,3,36.4,emergency_only,1,inactive
D04621,Divya Moorthy,31,M,A+,Peelamedu,11.001655,77.01009,2025-04-07,2,3,1,41.7,anytime,1,active
D04622,Lakshmi Balan,26,M,B-,Podanur,10.943669,76.996351,2025-04-06,4,4,1,53.7,weekends,1,active
D04623,Priya Gowda,26,Other,A-,Coimbatore Central,10.999233,76.978342,2024-04-24,6,8,2,39.0,anytime,0,active
D04624,Deepa Kumar,30,M,A+,Podanur,10.980063,76.961503,2025-01-09,5,8,5,38.3,weekends,0,active
D04625,Kavya Subramani,32,M,B+,Podanur,10.978206,76.984442,2026-07-30,2,5,5,69.3,anytime,1,active
D04626,Muthu Chandran,23,F,O+,Coimbatore Central,10.976995,76.957922,2024-04-17,6,10,3,63.9,weekdays,1,active
D04627,Geetha Balan,29,M,B+,Podanur,10.92608,76.987891,2025-03-12,4,7,5,38.0,anytime,0,active
D04628,Meena Moorthy,18,F,A+,Ukkadam,11.010782,76.940126,2025-05-27,8,11,9,44.3,weekends,1,active
D04629,Revathi Nair,29,M,O+,Gandhipuram,11.024323,76.985293,2025-04-13,6,8,6,53.3,emergency_only,1,active
D04630,Swathi Rajan,38,M,O+,Gandhipuram,10.997878,76.984785,2024-11-09,6,10,5,20.6,emergency_only,0,active
D04631,Prakash Menon,34,F,A+,Kalapatti,11.038611,77.060722,2024-09-11,5,7,3,36.8,weekends,1,inactive
D04632,Naveen Iyer,29,M,O+,RS Puram,11.015349,76.938374,2024-11-17,4,7,4,59.9,anytime,1,active
D04633,Arun Nair,27,F,A+,Kalapatti,11.039358,77.039035,2024-11-14,4,5,2,19.1,weekdays,1,active
D04634,Bhavani Nair,34,F,B+,Kalapatti,11.039244,77.029915,2024-12-25,9,14,4,39.3,anytime,1,active
D04635,Roja Moorthy,25,F,A+,Gandhipuram,11.009377,76.990664,2026-03-25,2,2,2,39.0,weekdays,1,active
D04636,Lakshmi Rajan,26,M,AB+,Saibaba Colony,11.04011,76.947786,2025-12-08,6,9,4,65.4,anytime,0,active
D04637,Anitha Reddy,44,M,O+,Kalapatti,11.08572,77.07127,2025-07-03,8,9,0,51.5,emergency_only,1,active
D04638,Bhavani Kumar,24,F,B+,Podanur,10.943864,76.98488,2025-12-19,4,6,0,52.4,anytime,1,active
D04639,Karthik Chandran,27,M,O+,Coimbatore Central,11.001123,76.982215,2026-06-13,6,9,2,58.0,anytime,0,active
D04640,Arun Reddy,29,M,O+,Vadavalli,11.013957,76.931152,2025-10-28,2,2,2,24.3,anytime,1,active
D04641,Vikram Kumar,43,F,A-,Singanallur,11.022918,77.031758,2026-09-01,2,7,6,34.6,weekdays,0,active
D04642,Suresh Raj,39,F,B+,Coimbatore Central,10.990653,76.942373,2024-11-14,5,6,5,50.2,anytime,1,active
D04643,Revathi Chandran,32,M,O+,Saibaba Colony,11.044389,76.97502,2024-05-26,4,8,8,15.8,anytime,1,active
D04644,Senthil Kumar,24,M,A+,RS Puram,10.994363,76.979766,2025-07-25,4,8,3,24.8,weekends,0,active
D04645,Suresh Menon,27,M,B+,Ukkadam,10.960258,76.985242,2024-10-17,4,6,0,90.4,anytime,0,active
D04646,Naveen Iyer,27,M,O+,Coimbatore Central,10.986368,76.959255,2024-07-06,2,5,2,41.3,weekdays,0,active
D04647,Sandhya Subramani,26,F,A+,RS Puram,10.994835,76.944654,2025-04-10,7,10,9,49.0,emergency_only,1,active
D04648,Deepa Raj,27,F,B+,RS Puram,11.007846,76.949669,2026-02-02,6,6,3,14.5,weekends,1,active
D04649,Priya Raj,33,M,A+,Ukkadam,10.965297,76.953083,2026-01-28,2,5,1,52.9,anytime,1,active
D04650,Arjun Pillai,38,M,O+,Saibaba Colony,11.026244,76.931069,2024-04-30,5,10,2,80.1,emergency_only,1,active
D04651,Roja Rajan,33,F,O+,Ukkadam,10.964188,76.96902,2025-12-14,3,5,4,27.6,weekends,0,active
D04652,Manoj Balan,33,M,B+,Coimbatore Central,10.982298,76.934177,2025-12-19,7,7,4,65.9,weekends,0,active
D04653,Nithya Chandran,18,M,O+,Podanur,10.945215,76.984755,2024-05-12,7,10,8,53.5,weekdays,1,active
D04654,Roja Krishnan,27,F,A-,Vadavalli,10.994592,76.941692,2024-11-21,2,7,1,59.0,anytime,0,active
D04655,Anitha Subramani,29,F,O+,Peelamedu,11.049499,77.000312,2026-09-18,5,7,7,41.5,weekends,1,active
D04656,Nithya Reddy,38,M,O+,RS Puram,11.032379,76.943863,2025-05-08,1,2,0,53.7,weekdays,0,active
D04657,Sathish Kumar,28,M,A-,Kalapatti,11.079845,77.072977,2026-05-22,2,5,3,35.3,anytime,0,active
D04658,Ramesh Sharma,28,M,B+,Coimbatore Central,11.019349,76.93278,2024-06-05,1,2,0,90.7,emergency_only,1,active
D04659,Suresh Moorthy,36,M,A+,Saibaba Colony,10.989748,76.968645,2025-05-02,2,2,0,51.7,weekdays,1,active
D04660,Meena Sharma,26,M,A+,Peelamedu,11.023975,77.01303,2024-08-18,5,8,5,54.1,weekends,0,active
D04661,Revathi Menon,32,F,O+,Peelamedu,11.026442,77.025023,2025-01-10,1,6,1,58.7,weekdays,0,active
D04662,Arun Rajan,41,F,A-,RS Puram,10.991644,76.930574,2024-10-14,6,9,5,51.3,anytime,1,active
D04663,Muthu Reddy,46,M,A-,Peelamedu,11.044593,77.009472,2025-08-30,1,4,3,33.3,anytime,1,active
D04664,Anitha Chandran,25,M,O+,RS Puram,11.00466,76.967367,2026-03-18,5,10,4,49.6,weekends,0,suspended
D04665,Geetha Balan,23,F,AB+,Peelamedu,11.034229,77.05286,2025-04-25,6,6,3,5.0,weekdays,1,inactive
D04666,Deepa Rajan,19,M,O+,Gandhipuram,11.037642,76.957715,2026-08-28,3,6,6,15.7,weekdays,1,active
D04667,Sathish Krishnan,39,F,O+,Kalapatti,11.069253,77.038429,2026-06-24,4,4,4,48.5,anytime,1,active
D04668,Senthil Nair,21,F,AB+,Saibaba Colony,11.038837,76.930402,2026-03-28,2,3,1,41.9,weekends,1,active
D04669,Priya Gowda,19,M,AB+,Singanallur,11.017791,77.013883,2026-02-27,3,6,5,5.0,anytime,1,active
D04670,Nithya Pillai,26,M,O-,Podanur,10.927839,76.965028,2025-06-08,7,7,0,39.4,weekdays,1,active
D04671,Priya Subramani,32,M,A+,RS Puram,11.003033,76.97048,2024-05-27,1,3,2,68.6,weekends,1,active
D04672,Pooja Chandran,28,M,O+,Singanallur,11.014273,77.032447,2026-09-05,2,5,2,50.1,emergency_only,1,active
D04673,Swathi Sharma,34,F,A-,Ukkadam,11.010118,76.943595,2026-03-29,1,5,3,53.2,weekdays,1,active
D04674,Anitha Gowda,39,M,A+,Podanur,10.940801,76.988976,2024-08-27,6,7,1,76.2,weekdays,1,active
D04675,Naveen Menon,28,M,O-,Podanur,10.953129,76.938701,2026-02-27,5,5,3,40.6,weekdays,1,active
D04676,Geetha Nair,30,F,A-,Peelamedu,11.01364,77.006102,2026-09-10,4,6,5,66.7,anytime,0,active
D04677,Prakash Iyer,43,M,O+,Podanur,10.958761,76.9662,2024-08-02,6,11,6,22.5,weekends,0,active
D04678,Bhavani Balan,37,M,A+,Ukkadam,10.978511,76.939799,2025-08-16,5,5,5,34.3,anytime,1,active
D04679,Prakash Moorthy,39,F,O+,RS Puram,10.985594,76.92789,2024-06-27,2,4,1,6.7,anytime,1,active
D04680,Ramesh Chandran,49,F,A+,RS Puram,10.997445,76.941295,2024-10-08,2,5,4,38.0,anytime,1,active
D04681,Suresh Rajan,30,M,AB+,Singanallur,11.018144,77.037719,2024-12-22,4,8,4,34.1,weekdays,1,suspended
D04682,Vikram Rajan,36,F,O+,Kalapatti,11.083831,77.023469,2026-09-10,6,7,2,51.6,weekdays,0,active
D04683,Divya Iyer,18,M,B+,Saibaba Colony,10.994647,76.928376,2025-05-06,1,3,3,14.2,weekdays,1,active
D04684,Dinesh Krishnan,23,M,O+,Podanur,10.942076,76.985174,2024-11-12,3,8,7,87.2,weekdays,1,inactive
D04685,Roja Raj,54,F,A+,Peelamedu,11.048208,77.029457,2024-05-15,1,3,2,22.3,weekdays,1,active
D04686,Ramesh Menon,28,M,B+,Podanur,10.925373,76.991747,2025-08-26,2,3,2,22.0,emergency_only,1,inactive
D04687,Sandhya Menon,18,F,B+,RS Puram,10.986816,76.952602,,0,5,3,53.6,weekends,0,active
D04688,Manoj Moorthy,27,M,B+,Ukkadam,10.994981,76.976006,2026-08-13,8,8,8,46.3,weekdays,1,inactive
D04689,Muthu Menon,31,F,A+,Vadavalli,10.993263,76.908558,2026-03-04,4,5,4,29.5,weekends,1,active
D04690,Naveen Menon,18,F,A-,Vadavalli,11.024955,76.904079,2025-04-18,3,5,2,31.8,emergency_only,1,active
D04691,Roja Menon,28,M,A+,Vadavalli,11.008563,76.928689,2024-09-07,6,11,6,63.7,anytime,1,active
D04692,Roja Kumar,26,M,O+,Peelamedu,11.006685,77.043902,2026-08-02,2,7,3,44.0,weekdays,0,active
D04693,Arjun Sharma,31,M,B+,Saibaba Colony,11.005428,76.930854,2024-08-01,7,9,2,87.1,weekends,0,active
D04694,Karthik Moorthy,33,F,O+,Ukkadam,10.96632,76.979737,2024-12-07,6,7,7,30.5,weekdays,1,active
D04695,Lakshmi Reddy,18,M,O-,Singanallur,10.998166,77.032785,2025-06-27,5,5,5,51.4,weekdays,1,inactive
D04696,Dinesh Kumar,33,M,A+,Saibaba Colony,11.010745,76.93701,2025-05-28,11,16,11,63.6,anytime,1,suspended
D04697,Vijay Chandran,27,F,O+,Podanur,10.959668,76.964987,2026-09-17,1,3,1,39.6,emergency_only,0,active
D04698,Deepa Chandran,29,F,O+,Coimbatore Central,11.002652,76.946347,2026-01-16,6,10,4,41.1,weekdays,1,active
D04699,Kavya Balan,18,M,AB+,RS Puram,10.998075,76.951212,2026-02-19,4,4,3,20.4,emergency_only,1,active
D04700,Vijay Rajan,32,M,O+,Vadavalli,11.00793,76.910289,2025-01-20,4,9,4,29.2,anytime,0,active
D04701,Ramesh Raj,25,M,O+,Gandhipuram,11.001485,76.947705,2025-07-24,3,5,1,25.1,anytime,1,active
D04702,Bhavani Chandran,45,M,B+,Ukkadam,10.9974,76.983524,2025-06-26,2,4,2,60.7,weekdays,0,active
D04703,Lakshmi Kumar,35,M,O+,Peelamedu,11.045841,77.018587,2025-12-23,2,3,2,54.0,emergency_only,0,active
D04704,Geetha Krishnan,19,F,A+,Saibaba Colony,11.021081,76.975895,2024-10-01,7,8,2,25.3,anytime,1,active
D04705,Pooja Rajan,18,M,O+,Podanur,10.936714,76.969939,2025-03-09,5,6,4,48.4,weekdays,1,active
D04706,Lakshmi Gowda,18,F,B+,Peelamedu,11.055891,77.048927,2024-07-06,2,7,7,41.7,emergency_only,1,suspended
D04707,Suresh Nair,49,M,B+,RS Puram,11.030765,76.94271,2025-07-02,4,5,1,8.7,weekdays,1,active
D04708,Deepa Chandran,33,M,O+,Gandhipuram,10.988876,76.973156,2026-04-13,9,10,4,96.4,emergency_only,0,inactive
D04709,Dinesh Kumar,25,F,O-,Saibaba Colony,11.041289,76.922066,2025-12-11,5,10,7,63.4,weekdays,0,active
D04710,Manoj Raj,20,M,O+,Saibaba Colony,10.990426,76.948956,2026-01-09,4,8,2,97.5,weekdays,1,active
D04711,Meena Menon,38,M,O+,Saibaba Colony,11.012737,76.921896,2025-04-04,5,8,8,21.7,anytime,1,active
D04712,Deepa Subramani,38,F,A-,Peelamedu,11.028008,76.997392,2025-09-19,6,10,8,50.0,weekends,0,active
D04713,Pooja Reddy,33,F,A+,Singanallur,10.986768,77.02884,2026-08-01,6,9,1,122.7,anytime,1,active
D04714,Pooja Moorthy,32,M,A-,Ukkadam,10.960426,76.936005,2025-02-11,1,5,3,42.4,emergency_only,0,active
D04715,Sandhya Reddy,18,M,B+,Podanur,10.977774,76.982103,2026-02-16,2,6,4,29.7,weekends,1,active
D04716,Dinesh Raj,28,F,B+,Kalapatti,11.073822,77.049358,2025-08-03,2,4,2,49.8,weekdays,1,inactive
D04717,Naveen Krishnan,22,F,A-,Vadavalli,11.025646,76.89785,2026-06-14,5,9,0,55.2,emergency_only,0,inactive
D04718,Nithya Subramani,22,F,A+,RS Puram,11.033119,76.934778,2025-11-04,8,10,1,32.6,anytime,0,active
D04719,Arun Rajan,20,M,O-,Podanur,10.943751,76.946449,2026-03-05,3,5,1,30.7,weekdays,0,active
D04720,Manoj Moorthy,29,F,O+,Vadavalli,11.018529,76.935849,2025-07-15,3,5,0,51.5,weekdays,1,active
D04721,Divya Krishnan,25,M,O+,Podanur,10.981392,76.941421,2025-04-13,3,4,3,66.8,weekdays,1,active
D04722,Senthil Iyer,44,M,A+,Podanur,10.969318,76.992899,,0,4,3,45.5,weekdays,0,active
D04723,Meena Iyer,27,F,A-,Kalapatti,11.084658,77.035618,2024-07-09,3,7,5,25.3,emergency_only,1,suspended
D04724,Karthik Iyer,40,F,B+,Kalapatti,11.060007,77.021501,2026-02-13,2,4,3,51.1,anytime,1,inactive
D04725,Meena Menon,29,M,B+,Podanur,10.924355,76.939437,2026-06-30,4,9,3,43.5,weekdays,0,active
D04726,Vijay Balan,25,M,O+,Saibaba Colony,10.990425,76.924922,2026-02-16,1,6,2,74.3,emergency_only,0,inactive
D04727,Muthu Chandran,21,M,O+,Kalapatti,11.049682,77.047984,2024-10-18,7,7,5,50.4,weekends,1,active
D04728,Meena Pillai,20,M,B+,Gandhipuram,11.023396,76.971991,2024-11-22,2,4,2,50.3,anytime,0,active
D04729,Arjun Nair,23,M,B-,Singanallur,11.013715,77.044284,2025-09-05,8,8,7,52.3,anytime,1,active
D04730,Sathish Sharma,30,M,O-,Coimbatore Central,10.997868,76.938498,2026-02-27,6,9,8,35.9,anytime,1,active
D04731,Ramesh Gowda,35,F,O+,Saibaba Colony,11.027036,76.943405,2026-07-19,5,5,2,22.7,weekends,1,active
D04732,Sandhya Chandran,18,M,O+,RS Puram,10.999094,76.95475,2024-04-25,5,8,5,10.9,emergency_only,1,active
D04733,Meena Reddy,41,M,O+,Ukkadam,11.011683,76.973387,2024-08-10,1,5,1,58.8,anytime,1,active
D04734,Sandhya Subramani,28,M,O+,Gandhipuram,11.043878,76.995531,2025-08-22,4,7,4,65.4,weekdays,0,active
D04735,Anitha Menon,32,F,O+,Peelamedu,11.031743,77.008088,2024-10-26,3,5,3,110.3,weekends,0,active
D04736,Pooja Gowda,35,M,A+,RS Puram,11.021463,76.969987,2026-01-02,3,7,5,21.6,weekdays,1,active
D04737,Meena Nair,21,F,A-,Podanur,10.978954,76.992811,2026-01-01,3,8,2,33.4,weekdays,1,active
D04738,Muthu Menon,23,M,O+,Vadavalli,11.007413,76.914916,2025-03-30,6,7,3,11.0,anytime,0,active
D04739,Prakash Subramani,46,M,O+,Saibaba Colony,11.004513,76.92574,2024-11-11,4,7,4,54.6,weekends,1,active
D04740,Meena Chandran,24,F,O+,Kalapatti,11.080162,77.066181,2024-06-05,3,6,3,80.3,anytime,1,inactive
D04741,Anitha Pillai,25,M,A+,Singanallur,11.025044,77.044906,2025-03-04,3,5,2,70.5,emergency_only,1,active
D04742,Muthu Reddy,22,F,O+,Podanur,10.943051,76.973277,2025-04-05,4,4,4,35.9,anytime,0,active
D04743,Nithya Nair,34,M,B+,Coimbatore Central,10.996139,76.981107,2025-08-29,5,8,3,22.3,weekdays,1,active
D04744,Prakash Reddy,30,M,O+,Vadavalli,11.031938,76.912482,2025-06-07,6,8,7,32.9,weekends,1,active
D04745,Karthik Balan,25,M,B+,Coimbatore Central,11.001498,76.959645,2026-01-02,9,13,10,48.0,emergency_only,1,active
D04746,Senthil Rajan,31,M,O-,Singanallur,11.022891,77.054587,2026-08-27,3,4,2,77.0,anytime,1,active
D04747,Revathi Krishnan,28,F,B+,Peelamedu,11.001876,77.000372,2024-05-28,9,11,9,41.1,anytime,1,active
D04748,Nithya Raj,45,F,O+,Saibaba Colony,11.039332,76.938007,2025-10-01,2,6,6,90.7,weekdays,0,active
D04749,Dinesh Reddy,34,M,A+,Singanallur,11.02994,77.046908,2026-09-05,3,5,1,104.9,anytime,0,active
D04750,Geetha Krishnan,36,F,O-,Saibaba Colony,11.044893,76.948793,2026-08-24,5,6,4,5.0,emergency_only,1,active
D04751,Sandhya Nair,31,M,O-,Kalapatti,11.084796,77.033817,2026-04-02,2,3,3,5.3,weekdays,1,active
D04752,Geetha Subramani,26,M,O+,Peelamedu,11.057415,77.048387,2025-08-09,2,7,0,60.6,weekdays,1,active
D04753,Divya Menon,41,F,O+,Ukkadam,10.962509,76.940079,2025-05-16,1,4,3,67.6,anytime,1,active
D04754,Suresh Kumar,33,M,O+,Singanallur,11.004679,77.00325,2026-03-22,2,7,5,29.3,weekdays,0,active
D04755,Bhavani Moorthy,28,F,O+,Peelamedu,11.051324,77.033276,2025-06-25,8,9,2,21.7,weekends,1,active
D04756,Dinesh Balan,32,M,O+,Coimbatore Central,10.974859,76.971604,2025-12-04,2,6,3,40.2,anytime,1,active
D04757,Bhavani Gowda,38,F,B+,Saibaba Colony,11.015753,76.951463,2024-09-04,4,7,4,51.5,anytime,0,active
D04758,Naveen Balan,45,M,O-,Peelamedu,11.054547,77.033973,2026-04-23,8,11,9,36.0,anytime,0,active
D04759,Meena Kumar,18,F,O-,Singanallur,10.978711,77.035823,2024-10-27,4,4,2,49.1,weekends,1,active
D04760,Karthik Krishnan,25,M,A+,Saibaba Colony,10.992438,76.965499,2024-08-25,5,8,8,5.0,weekdays,1,active
D04761,Arun Pillai,27,M,O+,Saibaba Colony,11.022592,76.944865,2026-08-26,4,6,5,83.9,weekends,1,active
D04762,Meena Gowda,34,M,O-,Podanur,10.935373,76.953184,2025-12-03,2,4,3,88.5,anytime,0,active
D04763,Suresh Pillai,29,F,O+,Coimbatore Central,10.987747,76.984681,2025-07-03,2,2,0,33.3,anytime,1,active
D04764,Dinesh Balan,18,M,A+,Peelamedu,11.008237,77.001228,2026-05-28,3,4,3,81.8,weekends,0,active
D04765,Kavya Pillai,31,F,AB+,Saibaba Colony,11.024723,76.971038,2025-05-26,5,9,3,44.1,weekdays,1,active
D04766,Senthil Menon,27,M,O+,Coimbatore Central,10.996119,76.951228,2024-11-25,4,9,7,94.3,weekdays,1,active
D04767,Geetha Chandran,34,F,A+,Vadavalli,10.9927,76.893123,2024-12-05,4,9,1,70.3,anytime,1,active
D04768,Prakash Subramani,19,M,O+,Kalapatti,11.086263,77.068235,2025-10-05,5,8,1,15.4,weekends,1,active
D04769,Nithya Gowda,44,M,A+,Podanur,10.933206,76.978429,2025-06-28,6,9,3,64.3,emergency_only,0,active
D04770,Anitha Reddy,23,F,O+,Peelamedu,11.04068,77.000011,2026-05-07,6,9,7,46.2,weekdays,1,active
D04771,Geetha Kumar,40,M,B+,Vadavalli,11.006957,76.897257,2024-05-02,6,10,9,69.9,anytime,1,active
D04772,Naveen Kumar,31,F,B+,Peelamedu,11.036309,77.007089,2025-01-15,6,11,6,24.5,weekdays,0,active
D04773,Lakshmi Gowda,27,M,O-,Saibaba Colony,11.022023,76.97533,2026-01-15,8,8,2,52.2,anytime,0,active
D04774,Arjun Raj,24,M,A+,Podanur,10.973152,76.989524,2026-03-23,2,4,2,42.3,weekends,1,active
D04775,Suresh Iyer,18,F,AB+,Gandhipuram,11.010079,76.987873,2024-09-23,3,4,3,35.6,weekends,1,suspended
D04776,Arjun Sharma,41,F,O+,RS Puram,11.024589,76.968205,2024-07-27,8,13,5,68.9,weekends,1,suspended
D04777,Senthil Raj,19,F,O+,Kalapatti,11.070147,77.040457,2024-07-13,5,7,5,37.0,anytime,1,active
D04778,Lakshmi Balan,31,M,A+,Podanur,10.927419,76.980444,2026-01-21,3,5,1,28.2,anytime,1,active
D04779,Swathi Menon,38,F,A-,Vadavalli,11.024047,76.920137,2026-05-12,4,9,7,25.3,weekdays,1,inactive
D04780,Senthil Sharma,26,F,A+,Peelamedu,11.056414,77.005489,2026-01-11,2,6,4,35.5,weekdays,1,active
D04781,Manoj Balan,35,M,O+,Peelamedu,11.013076,77.043763,2024-12-10,2,6,4,29.1,anytime,1,inactive
D04782,Divya Rajan,21,F,O+,Coimbatore Central,10.998681,76.963983,2026-04-09,3,5,1,68.1,anytime,1,active
D04783,Bhavani Krishnan,18,F,O+,Coimbatore Central,11.013993,76.950229,2024-11-16,6,10,3,9.6,anytime,0,inactive
D04784,Priya Nair,43,F,A+,Peelamedu,11.020856,77.010265,2026-01-17,4,8,4,65.7,weekdays,1,active
D04785,Naveen Subramani,26,F,A+,Ukkadam,10.998962,76.971114,2025-11-29,6,6,4,44.3,anytime,0,active
D04786,Prakash Chandran,44,M,O-,RS Puram,10.985281,76.950817,2024-11-23,2,2,0,29.2,weekdays,1,active
D04787,Anitha Pillai,42,M,O+,RS Puram,10.979464,76.960935,2026-03-16,3,3,1,48.2,emergency_only,0,inactive
D04788,Manoj Chandran,34,M,B+,Singanallur,11.013442,77.01143,2026-01-06,4,6,2,18.1,emergency_only,1,active
D04789,Muthu Pillai,22,M,O+,Ukkadam,11.007003,76.963572,2026-03-31,8,8,3,24.8,weekends,0,active
D04790,Dinesh Nair,18,M,A+,Peelamedu,11.046289,77.050851,2024-05-24,1,1,0,40.6,weekends,1,active
D04791,Swathi Reddy,42,F,B+,Vadavalli,10.997401,76.920642,,0,2,1,43.5,anytime,0,inactive
D04792,Nithya Pillai,38,M,O+,Ukkadam,10.962767,76.98959,2024-11-29,2,3,2,30.7,emergency_only,1,inactive
D04793,Ramesh Sharma,18,M,O+,Saibaba Colony,11.031064,76.949198,2024-12-15,6,7,2,68.6,weekends,0,active
D04794,Geetha Rajan,27,F,O+,Singanallur,10.980528,77.013704,2025-02-17,5,7,4,53.4,weekends,1,active
D04795,Anitha Subramani,28,M,O-,Podanur,10.961066,76.970619,2025-05-03,3,7,2,57.2,weekdays,0,inactive
D04796,Anitha Nair,18,M,AB+,Vadavalli,11.000501,76.941102,2025-11-25,4,6,5,42.6,anytime,0,active
D04797,Arjun Reddy,31,M,A+,Coimbatore Central,11.015653,76.952,2025-06-30,5,9,1,48.6,weekends,1,active
D04798,Anitha Kumar,25,Other,B+,RS Puram,10.987955,76.948423,2026-09-13,3,5,2,19.1,emergency_only,1,active
D04799,Manoj Kumar,19,F,A+,Coimbatore Central,11.005781,76.971269,2025-09-04,6,6,5,50.8,anytime,0,active
D04800,Karthik Moorthy,41,M,O+,RS Puram,11.001257,76.949524,2026-08-13,4,7,4,33.6,weekdays,0,active
D04801,Arjun Sharma,45,M,A-,Singanallur,10.983675,77.010943,2026-07-04,3,8,6,73.0,anytime,1,active
D04802,Arun Gowda,34,M,B+,Gandhipuram,11.021789,76.95033,2025-12-27,5,7,5,35.2,anytime,1,inactive
D04803,Divya Menon,33,M,O+,Vadavalli,10.998956,76.902291,2024-08-15,2,6,4,54.8,emergency_only,0,active
D04804,Arun Sharma,26,M,A+,Kalapatti,11.060536,77.036503,2025-10-24,4,8,3,66.0,weekdays,0,active
D04805,Dinesh Krishnan,33,F,B+,Coimbatore Central,10.994599,76.932934,2025-06-28,5,9,2,75.9,weekdays,0,active
D04806,Arun Menon,36,M,O+,Vadavalli,11.01858,76.885083,2025-07-28,6,10,9,47.0,anytime,0,active
D04807,Naveen Subramani,26,M,A+,Kalapatti,11.057244,77.071612,2025-09-19,4,8,2,43.3,weekdays,0,active
D04808,Bhavani Rajan,32,M,A-,RS Puram,10.976051,76.944937,2024-10-21,3,5,2,13.3,weekends,1,inactive
D04809,Bhavani Balan,40,F,B-,Podanur,10.959456,76.99495,2024-09-21,6,11,5,63.1,anytime,1,inactive
D04810,Nithya Chandran,23,F,O+,Podanur,10.947082,76.978696,2025-07-17,6,6,3,22.4,weekends,1,inactive
D04811,Arjun Sharma,30,F,O+,Peelamedu,11.019964,77.039981,2026-06-22,2,5,5,25.5,anytime,1,active
D04812,Priya Moorthy,29,M,B+,Peelamedu,11.02816,77.044586,2024-10-23,5,7,4,51.2,weekdays,0,inactive
D04813,Muthu Moorthy,33,F,O+,Peelamedu,11.049189,76.997367,2025-03-02,4,6,2,65.5,weekends,1,active
D04814,Senthil Balan,28,M,B+,Kalapatti,11.092702,77.024255,2025-08-13,4,6,2,35.9,anytime,0,active
D04815,Vikram Menon,38,M,O+,Ukkadam,10.986201,76.94672,2025-04-11,3,7,3,26.5,emergency_only,0,active
D04816,Geetha Raj,43,M,O+,Podanur,10.980675,76.9755,2025-07-01,2,4,1,20.6,weekends,1,inactive
D04817,Kavya Gowda,43,M,B-,Singanallur,10.992489,77.045775,2024-08-27,3,4,3,69.9,anytime,0,active
D04818,Lakshmi Rajan,25,M,B+,Vadavalli,11.021916,76.894197,2024-09-04,1,4,1,55.6,anytime,0,active
D04819,Sathish Nair,26,M,A+,Coimbatore Central,11.017133,76.983693,2026-04-10,4,9,4,66.1,weekdays,0,active
D04820,Revathi Sharma,29,F,A+,Gandhipuram,11.012595,76.945373,2024-07-03,7,7,1,40.6,emergency_only,0,active
D04821,Ganesh Rajan,44,M,O+,Coimbatore Central,11.025092,76.936964,2024-05-31,8,13,11,26.6,weekdays,1,active
D04822,Suresh Reddy,32,M,A+,Peelamedu,11.02352,77.024538,2026-05-12,4,8,2,54.0,weekdays,1,active
D04823,Naveen Chandran,44,F,B+,Ukkadam,11.004689,76.965943,2024-06-18,3,4,3,65.2,anytime,0,active
D04824,Ramesh Subramani,24,F,A+,Peelamedu,11.014194,77.054228,2026-04-04,3,7,7,60.5,anytime,1,active
D04825,Karthik Chandran,32,M,A+,Vadavalli,11.021896,76.887185,2026-05-30,4,8,8,43.0,weekends,0,active
D04826,Arun Moorthy,25,M,O-,Kalapatti,11.074989,77.072619,2025-02-06,4,8,6,25.9,weekdays,0,active
D04827,Sandhya Subramani,31,F,O+,RS Puram,11.018463,76.965483,2026-02-27,3,6,2,24.8,anytime,0,active
D04828,Vikram Menon,45,M,A+,Ukkadam,10.968292,76.984894,2025-06-17,4,4,2,69.4,weekends,1,active
D04829,Karthik Rajan,27,Other,B-,Gandhipuram,11.017023,76.962631,2025-11-23,3,5,5,29.9,anytime,0,active
D04830,Lakshmi Reddy,26,F,A+,Vadavalli,10.995826,76.941768,2025-03-18,6,11,8,32.4,weekdays,1,active
D04831,Swathi Pillai,33,M,A+,Podanur,10.926143,76.950161,2025-01-23,4,4,2,11.7,anytime,0,active
D04832,Divya Subramani,38,M,O+,Ukkadam,11.018579,76.97673,2025-02-04,7,7,4,23.8,weekdays,0,active
D04833,Ramesh Rajan,34,M,B-,Podanur,10.960109,76.944637,2025-04-27,2,4,2,54.3,weekends,0,inactive
D04834,Ramesh Menon,32,M,A+,Peelamedu,11.042258,77.031161,2025-09-15,4,4,4,23.1,weekends,1,active
D04835,Deepa Rajan,40,M,B-,Vadavalli,11.007055,76.888117,2025-04-28,5,9,5,8.5,weekends,1,active
D04836,Suresh Pillai,18,Other,O+,Gandhipuram,11.038718,76.946808,2025-07-12,3,6,5,32.8,anytime,0,active
D04837,Ramesh Gowda,41,F,O+,Kalapatti,11.074785,77.048849,2026-02-11,2,6,2,62.4,weekdays,0,active
D04838,Dinesh Raj,34,M,O+,Peelamedu,11.043736,77.03032,2026-07-23,5,7,5,43.4,emergency_only,1,active
D04839,Roja Reddy,19,Other,O+,Peelamedu,11.055197,77.033409,2025-06-11,4,6,4,11.7,weekends,1,active
D04840,Geetha Chandran,45,F,O-,Vadavalli,10.998542,76.916631,2026-05-24,3,4,2,34.7,weekdays,0,active
D04841,Senthil Pillai,35,F,O+,RS Puram,10.982368,76.940184,2025-04-20,6,8,4,64.5,anytime,1,active
D04842,Revathi Kumar,22,M,A+,Peelamedu,11.056316,77.031832,2025-08-30,3,5,4,5.0,anytime,0,active
D04843,Revathi Sharma,18,M,A+,RS Puram,10.985434,76.95828,2026-09-17,3,3,1,29.9,weekdays,0,active
D04844,Vikram Nair,42,M,O+,Podanur,10.976117,76.947584,2026-09-04,7,7,6,8.4,emergency_only,0,active
D04845,Vikram Menon,25,F,O+,Vadavalli,11.010545,76.935288,2024-10-31,2,2,1,5.0,weekdays,1,inactive
D04846,Dinesh Moorthy,23,F,B-,Singanallur,10.985508,77.00035,2024-07-05,2,7,6,14.9,emergency_only,1,active
D04847,Swathi Gowda,34,F,A+,Coimbatore Central,11.002123,76.973297,2026-01-17,2,5,5,29.0,emergency_only,0,active
D04848,Priya Chandran,32,F,O+,Coimbatore Central,11.005587,76.935661,2026-09-09,4,6,2,61.0,weekends,1,inactive
D04849,Vijay Balan,25,F,O+,Peelamedu,11.01161,77.034845,2026-02-16,3,3,1,59.4,anytime,1,active
D04850,Manoj Kumar,27,M,A+,Podanur,10.934593,76.978476,2025-04-18,4,4,0,72.0,weekdays,0,active
D04851,Revathi Sharma,30,M,A+,Gandhipuram,11.000243,76.997112,2026-04-17,4,7,1,30.9,anytime,1,active
D04852,Revathi Chandran,34,M,O+,RS Puram,11.008844,76.949563,2025-09-03,4,5,5,30.2,anytime,0,active
D04853,Meena Nair,28,M,O+,Kalapatti,11.073214,77.060156,2025-11-15,4,9,3,33.8,weekends,1,active
D04854,Senthil Balan,32,M,A+,Singanallur,10.975252,77.031722,2024-07-28,1,6,2,49.9,anytime,1,inactive
D04855,Ramesh Pillai,35,M,AB+,Ukkadam,11.005756,76.969531,2026-07-06,3,4,1,61.0,weekends,1,active
D04856,Vikram Subramani,35,F,A+,Gandhipuram,11.024901,76.960018,2025-06-11,6,10,7,57.7,weekends,1,active
D04857,Ramesh Gowda,39,F,O-,Vadavalli,11.043458,76.928182,2025-04-09,3,7,4,22.3,weekends,0,active
D04858,Muthu Iyer,31,F,A+,RS Puram,10.996293,76.928136,2025-08-13,4,5,3,63.2,weekdays,1,suspended
D04859,Swathi Menon,35,M,O+,RS Puram,10.985449,76.975115,2025-05-28,8,12,7,47.1,weekdays,1,active
D04860,Priya Raj,40,F,O+,Peelamedu,11.04547,77.017621,2025-04-25,2,6,1,51.2,weekends,1,inactive
D04861,Ramesh Kumar,24,M,B-,Podanur,10.981498,76.993353,2024-09-21,5,6,5,28.3,anytime,1,active
D04862,Senthil Reddy,40,M,O+,Ukkadam,10.985128,76.946592,2026-02-24,2,5,4,37.0,emergency_only,1,active
D04863,Ganesh Kumar,18,F,B+,Vadavalli,11.045563,76.906126,2024-06-17,7,9,4,33.4,anytime,1,active
D04864,Prakash Balan,30,M,O+,Vadavalli,11.042012,76.927444,2024-10-07,2,4,2,49.8,anytime,0,active
D04865,Dinesh Subramani,34,F,A+,Gandhipuram,11.018894,76.948618,2024-11-29,5,6,3,32.9,weekdays,1,active
D04866,Lakshmi Gowda,26,M,A+,Singanallur,10.996877,77.038899,2025-11-26,6,10,6,48.3,weekdays,1,active
D04867,Vijay Raj,45,M,O+,Gandhipuram,11.02005,76.982961,2026-08-25,4,6,0,71.2,weekdays,1,active
D04868,Naveen Rajan,34,F,O+,Vadavalli,11.010291,76.928516,2025-06-13,3,5,3,28.2,weekdays,1,active
D04869,Sandhya Menon,32,F,A+,Kalapatti,11.054287,77.040319,,0,1,0,48.1,anytime,1,active
D04870,Meena Chandran,22,M,O+,Podanur,10.969512,76.983023,2024-08-14,5,5,3,45.4,weekends,0,active
D04871,Revathi Rajan,34,M,O+,Kalapatti,11.049998,77.05867,2024-08-27,4,7,5,66.9,weekends,1,active
D04872,Kavya Krishnan,24,M,B+,Ukkadam,10.999538,76.952296,2026-08-31,6,9,7,61.5,anytime,1,inactive
D04873,Dinesh Chandran,35,Other,O+,Podanur,10.924301,76.948665,2026-08-28,5,6,4,62.7,weekdays,1,active
D04874,Vikram Menon,35,M,O-,Peelamedu,11.025233,77.055087,2024-08-21,2,7,3,55.6,weekends,1,active
D04875,Revathi Moorthy,31,F,O+,Vadavalli,11.033456,76.900405,2025-12-19,4,9,5,31.0,weekdays,1,active
D04876,Muthu Gowda,33,F,O-,Saibaba Colony,11.035472,76.939907,2025-01-16,5,10,9,55.9,anytime,0,active
D04877,Suresh Menon,40,F,O+,Peelamedu,11.048107,77.054388,,0,5,3,23.5,weekdays,0,active
D04878,Dinesh Nair,23,M,A+,Vadavalli,11.039767,76.885833,2026-08-28,3,7,2,44.9,anytime,1,active
D04879,Manoj Rajan,39,F,A+,Vadavalli,10.999057,76.937766,2025-04-02,5,6,2,70.6,anytime,0,inactive
D04880,Lakshmi Chandran,35,M,B+,Saibaba Colony,11.00147,76.937099,2026-09-05,5,10,7,30.3,anytime,1,inactive
D04881,Arun Sharma,18,F,O-,Peelamedu,11.008579,77.054108,2024-05-14,5,10,9,51.5,weekends,0,active
D04882,Nithya Rajan,44,F,A+,Peelamedu,11.022363,77.020868,2026-07-15,5,9,6,73.6,emergency_only,1,active
D04883,Sandhya Chandran,39,M,A+,Ukkadam,10.987638,76.96287,2025-11-16,4,9,6,56.9,emergency_only,1,active
D04884,Revathi Kumar,18,F,AB+,Kalapatti,11.089538,77.026676,2024-08-01,3,6,6,34.7,emergency_only,1,active
D04885,Kavya Sharma,18,F,B-,RS Puram,10.976432,76.926272,2025-03-09,5,7,4,61.3,anytime,1,active
D04886,Roja Krishnan,38,M,AB+,Gandhipuram,10.99701,76.997277,2025-03-18,3,6,5,38.0,anytime,0,active
D04887,Revathi Moorthy,18,M,B+,Ukkadam,10.987123,76.983529,2025-08-21,4,9,2,28.7,weekends,1,inactive
D04888,Prakash Menon,37,F,A+,Coimbatore Central,11.023848,76.949587,2025-08-30,4,7,6,5.0,emergency_only,0,active
D04889,Revathi Raj,33,F,O-,Coimbatore Central,10.992162,76.982156,2024-08-02,5,9,8,28.8,weekdays,1,active
D04890,Prakash Iyer,22,M,O+,Vadavalli,11.001771,76.917788,2025-07-12,3,4,1,60.9,weekends,0,inactive
D04891,Arjun Menon,31,M,O-,Coimbatore Central,11.007315,76.969302,2026-03-01,5,8,8,9.4,weekends,1,active
D04892,Lakshmi Rajan,28,F,A-,Saibaba Colony,10.996807,76.953239,2024-08-13,3,4,4,11.6,anytime,1,active
D04893,Swathi Reddy,37,M,O+,Podanur,10.955746,76.968124,2025-01-26,2,2,2,59.0,weekdays,1,active
D04894,Geetha Nair,33,F,O+,Saibaba Colony,10.999263,76.974374,2026-04-09,1,4,2,70.1,weekends,0,active
D04895,Pooja Subramani,23,M,O+,Singanallur,10.972286,77.009581,2026-09-11,6,10,8,56.5,anytime,0,active
D04896,Revathi Moorthy,28,M,O+,Ukkadam,10.978001,76.961219,2025-08-24,1,1,0,72.2,weekends,1,inactive
D04897,Karthik Rajan,18,M,A+,Singanallur,10.973127,77.048481,2025-12-15,3,6,3,50.2,weekdays,1,inactive
D04898,Meena Pillai,26,F,B+,Gandhipuram,11.026313,76.960629,2025-02-15,5,8,6,46.7,weekdays,1,active
D04899,Prakash Subramani,42,F,A+,Peelamedu,11.030554,77.027285,2025-07-11,2,6,2,19.8,emergency_only,1,active
D04900,Nithya Menon,18,M,O-,Kalapatti,11.04588,77.033433,2025-01-22,4,8,3,85.0,weekdays,0,active
D04901,Ramesh Pillai,35,M,O+,Podanur,10.939667,76.977528,2026-03-30,3,7,2,13.4,weekdays,1,active
D04902,Pooja Raj,28,M,O+,RS Puram,11.023693,76.965223,,0,4,1,39.5,weekends,0,active
D04903,Vikram Krishnan,50,F,O+,Gandhipuram,11.040917,76.974382,2026-04-26,2,3,1,37.5,anytime,0,active
D04904,Anitha Balan,29,M,A+,Saibaba Colony,11.005656,76.963827,2026-02-25,4,4,3,23.6,anytime,1,active
D04905,Sathish Kumar,18,M,A-,Vadavalli,11.003472,76.915543,2024-09-01,8,11,0,29.5,anytime,1,active
D04906,Dinesh Chandran,22,F,O-,Coimbatore Central,11.00034,76.962661,2025-04-07,1,3,1,37.0,weekdays,0,active
D04907,Anitha Kumar,35,F,A+,Peelamedu,11.051055,77.033363,2026-02-02,3,4,4,18.4,weekdays,0,active
D04908,Arjun Chandran,47,M,A+,Podanur,10.979908,76.940264,2025-10-28,3,3,2,33.9,weekdays,1,active
D04909,Deepa Sharma,22,M,O+,Gandhipuram,11.03606,76.988963,2024-06-19,2,4,1,24.7,weekends,1,active
D04910,Anitha Pillai,41,M,B+,Podanur,10.97716,76.937144,2025-05-30,5,5,5,36.9,anytime,1,active
D04911,Sathish Iyer,39,M,B+,Ukkadam,10.959937,76.942445,2026-04-15,7,7,7,5.0,weekends,1,active
D04912,Suresh Sharma,32,F,O+,Singanallur,11.006242,77.02928,2026-09-18,6,6,5,56.7,weekdays,1,active
D04913,Muthu Moorthy,45,F,B+,Podanur,10.936463,76.979526,2026-05-04,3,7,3,58.3,anytime,1,active
D04914,Sandhya Kumar,39,M,O+,Ukkadam,11.004664,76.983186,2024-12-11,3,6,6,52.4,anytime,1,active
D04915,Swathi Iyer,18,M,O+,Coimbatore Central,11.020098,76.977216,2025-04-18,4,7,3,42.0,weekdays,1,active
D04916,Muthu Sharma,49,M,O+,Peelamedu,11.037253,77.000946,2024-05-07,5,5,0,65.4,weekdays,0,active
D04917,Arun Pillai,22,F,O+,Singanallur,11.026815,77.024322,2025-06-02,6,6,1,58.5,weekdays,1,suspended
D04918,Arun Sharma,32,F,B+,RS Puram,11.016935,76.945879,2026-09-07,1,3,0,58.6,emergency_only,1,active
D04919,Sathish Reddy,33,F,O+,RS Puram,11.034552,76.97509,2024-08-21,5,8,3,72.4,anytime,0,active
D04920,Muthu Raj,29,F,B+,Coimbatore Central,11.018141,76.983256,2026-06-07,7,12,4,53.1,weekends,1,inactive
D04921,Nithya Gowda,27,F,O+,Podanur,10.952546,76.95832,2026-02-24,5,8,4,45.7,weekdays,1,active
D04922,Priya Krishnan,27,M,B+,Coimbatore Central,11.024371,76.961039,2025-01-27,3,7,6,71.4,weekends,0,inactive
D04923,Geetha Moorthy,30,F,A+,Vadavalli,11.024024,76.92777,2024-07-25,7,11,3,79.0,emergency_only,1,active
D04924,Deepa Nair,46,M,O-,Gandhipuram,11.039065,76.990588,2026-03-26,5,5,1,55.2,weekdays,1,active
D04925,Lakshmi Nair,18,F,B+,Vadavalli,11.015096,76.926282,2024-07-12,4,7,6,51.5,weekdays,0,active
D04926,Bhavani Iyer,21,M,A+,Peelamedu,11.03565,77.004907,2025-05-21,1,1,0,44.5,weekends,1,suspended
D04927,Deepa Subramani,36,F,B-,RS Puram,11.006946,76.924089,2024-06-28,3,6,4,29.7,anytime,1,inactive
D04928,Ramesh Pillai,34,F,O+,RS Puram,11.007394,76.944118,2024-10-29,4,5,1,79.7,weekends,1,active
D04929,Lakshmi Rajan,34,F,O-,Podanur,10.976303,76.981562,2024-04-17,7,11,6,57.9,emergency_only,1,active
D04930,Naveen Chandran,35,M,O+,Gandhipuram,11.019731,76.94697,2025-04-07,6,10,10,13.8,anytime,1,active
D04931,Anitha Rajan,23,M,O+,Kalapatti,11.044544,77.021369,,0,5,0,44.1,anytime,1,active
D04932,Lakshmi Pillai,22,M,O+,Podanur,10.953936,76.943217,2025-12-29,5,9,4,42.7,anytime,0,active
D04933,Sathish Nair,36,M,A+,RS Puram,10.983974,76.925292,2025-08-25,3,7,2,68.0,weekdays,1,active
D04934,Lakshmi Iyer,32,M,O-,Vadavalli,11.049561,76.920233,2025-04-02,3,4,1,32.2,emergency_only,1,active
D04935,Revathi Menon,25,F,O+,Podanur,10.974256,76.941342,2024-06-15,7,10,2,71.2,anytime,1,inactive
D04936,Geetha Pillai,24,F,A+,Coimbatore Central,11.019552,76.962808,2026-07-13,2,6,3,79.1,weekdays,1,active
D04937,Lakshmi Subramani,30,M,A+,Podanur,10.978674,76.987099,2024-09-23,2,7,4,73.5,anytime,0,suspended
D04938,Suresh Rajan,25,M,A-,Saibaba Colony,11.030294,76.944957,2025-02-12,4,7,2,68.4,anytime,1,active
D04939,Kavya Balan,30,F,O+,Ukkadam,10.964745,76.972172,2026-05-18,4,8,4,18.2,weekdays,1,active
D04940,Ramesh Krishnan,34,F,O+,Peelamedu,11.055471,77.003172,2025-08-18,7,12,7,47.6,anytime,0,active
D04941,Roja Krishnan,32,F,B+,Coimbatore Central,11.007127,76.932785,2025-12-22,5,10,8,44.3,weekdays,1,active
D04942,Anitha Chandran,26,M,A+,Gandhipuram,11.009117,76.937877,2025-06-18,3,5,2,16.6,weekends,1,active
D04943,Priya Subramani,23,F,O+,Gandhipuram,11.032137,76.9836,2025-07-11,4,9,1,27.3,anytime,0,active
D04944,Vijay Menon,47,F,O+,Peelamedu,11.048187,77.038904,2024-05-31,2,5,3,68.3,anytime,0,active
D04945,Sathish Raj,29,M,A+,Singanallur,10.975589,77.05451,2025-04-05,3,3,2,48.7,emergency_only,0,active
D04946,Meena Chandran,39,F,AB+,Vadavalli,11.048887,76.9212,2024-07-11,3,5,0,68.8,anytime,1,active
D04947,Roja Rajan,21,M,O-,RS Puram,11.026398,76.978756,2025-06-19,1,4,2,55.4,anytime,1,active
D04948,Revathi Subramani,23,F,A+,RS Puram,10.998385,76.964241,2026-03-20,4,6,2,56.0,weekends,0,active
D04949,Nithya Kumar,31,M,O+,Coimbatore Central,10.995792,76.975353,2025-05-10,2,4,1,62.7,weekdays,0,active
D04950,Sathish Moorthy,26,F,B+,Ukkadam,10.996515,76.961429,2025-07-02,3,8,2,29.0,anytime,0,active
D04951,Swathi Subramani,40,M,O+,Gandhipuram,11.029346,76.988304,2024-06-11,10,15,7,21.9,anytime,0,active
D04952,Arun Rajan,24,F,O+,Singanallur,11.023535,77.036455,2026-05-21,1,3,3,63.7,weekdays,0,active
D04953,Manoj Nair,23,M,O+,Saibaba Colony,11.008438,76.948834,2026-08-26,7,9,8,22.5,weekdays,1,active
D04954,Dinesh Gowda,37,Other,O+,Ukkadam,10.989858,76.931847,2026-03-17,4,8,0,71.8,anytime,0,inactive
D04955,Roja Pillai,43,M,O+,Coimbatore Central,11.001091,76.966057,2025-03-12,2,3,0,56.1,weekdays,1,active
D04956,Prakash Subramani,35,M,O+,Vadavalli,11.043757,76.926749,2025-01-10,3,6,4,10.9,emergency_only,1,active
D04957,Arun Kumar,37,M,O+,Ukkadam,11.015451,76.974478,2024-08-02,3,3,2,24.1,anytime,1,active
D04958,Senthil Pillai,27,Other,B+,Saibaba Colony,10.992335,76.919693,2024-07-27,7,10,5,85.7,weekends,1,active
D04959,Priya Raj,20,M,A+,RS Puram,11.03177,76.942246,2024-10-29,3,4,3,34.5,emergency_only,1,active
D04960,Ramesh Moorthy,27,M,O+,Gandhipuram,11.038204,76.97676,2025-06-12,1,3,1,26.4,weekdays,1,active
D04961,Karthik Reddy,40,F,B+,Podanur,10.923108,76.95827,2024-09-20,3,4,4,12.3,weekdays,1,active
D04962,Prakash Krishnan,29,M,O+,Peelamedu,11.020313,77.042255,2025-12-05,2,3,3,48.0,weekdays,1,active
D04963,Prakash Iyer,21,F,O+,RS Puram,10.987424,76.961618,2024-04-22,4,6,2,60.5,anytime,0,active
D04964,Kavya Chandran,45,M,O+,Gandhipuram,11.009223,76.945886,2026-03-30,5,8,4,52.6,emergency_only,0,active
D04965,Kavya Kumar,18,F,AB-,Coimbatore Central,10.986059,76.971972,2025-11-28,3,3,2,30.2,anytime,1,active
D04966,Ganesh Rajan,39,M,B-,Vadavalli,11.001941,76.937531,,0,5,1,78.0,anytime,0,active
D04967,Ramesh Balan,25,M,A+,Ukkadam,10.975538,76.955223,2026-04-28,4,4,2,77.4,weekdays,1,active
D04968,Ganesh Nair,33,M,O+,Kalapatti,11.05226,77.053497,2026-08-10,1,1,1,5.0,weekdays,1,active
D04969,Anitha Moorthy,18,M,AB+,Vadavalli,11.013914,76.899951,2025-11-06,3,6,5,27.4,weekdays,0,active
D04970,Lakshmi Nair,40,Other,O+,Singanallur,11.024525,77.036542,2024-08-31,5,9,7,38.6,weekdays,1,active
D04971,Arjun Balan,44,M,A+,RS Puram,10.988409,76.933933,2026-05-03,4,5,2,37.6,emergency_only,1,active
D04972,Lakshmi Nair,41,F,O+,Vadavalli,11.046341,76.919545,2024-05-25,4,8,5,50.5,weekdays,1,active
D04973,Roja Gowda,42,F,A+,RS Puram,11.020795,76.937175,2024-06-06,4,7,3,5.0,weekdays,0,active
D04974,Swathi Chandran,30,M,O+,Coimbatore Central,11.007046,76.939712,2026-04-10,6,10,2,74.7,weekdays,1,active
D04975,Ganesh Rajan,31,M,O+,RS Puram,11.033624,76.959179,2025-09-25,4,4,1,26.7,weekdays,0,suspended
D04976,Revathi Chandran,38,M,A+,Saibaba Colony,11.012632,76.947193,2024-12-15,4,5,2,33.1,weekends,1,active
D04977,Dinesh Iyer,54,F,O+,Vadavalli,11.046445,76.899309,2026-07-17,2,6,6,83.5,anytime,0,active
D04978,Sandhya Gowda,29,F,A-,Saibaba Colony,11.035356,76.973017,2025-11-19,5,5,3,28.7,anytime,1,active
D04979,Manoj Krishnan,42,M,AB+,RS Puram,11.026616,76.940212,2025-01-29,4,7,4,37.6,anytime,0,active
D04980,Sandhya Gowda,38,M,O+,Peelamedu,11.004083,77.01336,2024-06-13,6,6,3,67.5,anytime,1,active
D04981,Senthil Reddy,30,F,O+,Podanur,10.929311,76.954952,2025-03-10,1,4,3,75.4,anytime,0,active
D04982,Dinesh Sharma,49,M,O+,Kalapatti,11.065534,77.050814,2025-10-24,5,8,5,89.0,emergency_only,0,active
D04983,Dinesh Rajan,21,F,O-,Gandhipuram,10.993868,76.977148,2025-04-16,4,5,4,29.9,anytime,1,active
D04984,Divya Balan,26,M,O-,Peelamedu,11.002963,77.003224,2024-11-28,3,5,0,23.7,weekdays,0,inactive
D04985,Senthil Krishnan,29,M,A+,Singanallur,10.971513,77.037786,2026-05-18,6,9,7,17.1,anytime,1,active
D04986,Arun Iyer,21,M,O+,Peelamedu,11.01965,77.033361,2025-06-30,4,7,4,42.3,anytime,1,active
D04987,Revathi Menon,24,F,O-,Gandhipuram,11.044654,76.985183,2025-11-02,2,3,0,22.7,weekdays,1,active
D04988,Suresh Raj,24,F,B+,Singanallur,11.016646,76.999869,2025-12-29,3,4,0,85.9,anytime,0,inactive
D04989,Prakash Kumar,38,F,B+,Peelamedu,11.04123,77.026863,2025-05-21,3,7,5,16.9,weekends,1,active
D04990,Anitha Balan,22,M,A+,Peelamedu,11.007645,77.001833,2025-06-01,4,8,5,23.4,emergency_only,1,inactive
D04991,Geetha Raj,25,M,O+,RS Puram,11.00591,76.935963,2025-08-01,2,5,4,10.4,anytime,1,active
D04992,Nithya Menon,21,M,O+,Singanallur,10.989484,77.000046,2024-12-20,6,6,4,51.3,weekdays,1,active
D04993,Bhavani Reddy,25,M,O+,Ukkadam,10.984768,76.971573,2024-11-11,4,4,2,18.3,weekends,0,active
D04994,Nithya Menon,26,F,B+,Vadavalli,11.044748,76.903749,2025-01-29,2,5,2,45.4,anytime,1,active
D04995,Naveen Raj,32,M,O+,Peelamedu,11.028095,77.02818,2026-09-13,6,11,4,56.5,anytime,1,active
D04996,Revathi Rajan,36,M,O+,Gandhipuram,10.997728,76.950935,2025-06-25,4,4,0,68.2,anytime,1,active
D04997,Deepa Balan,18,M,O+,Kalapatti,11.048435,77.021682,2026-06-29,4,6,5,27.1,weekdays,1,active
D04998,Dinesh Reddy,27,M,O+,Vadavalli,11.05066,76.906632,2026-08-19,7,11,9,70.8,anytime,1,active
D04999,Sandhya Rajan,21,F,O+,Gandhipuram,11.01879,76.942824,2025-04-02,2,3,2,27.3,weekends,1,active
D05000,Arjun Menon,21,F,O+,Peelamedu,11.037446,77.017599,2026-01-08,2,2,0,88.4,anytime,1,active
D05001,Divya Pillai,27,M,O-,Singanallur,10.982733,77.046648,2025-01-12,3,5,2,62.6,weekdays,0,active
D05002,Meena Rajan,36,M,AB+,Saibaba Colony,11.03085,76.934697,2025-09-08,5,5,3,49.8,anytime,1,active
D05003,Bhavani Reddy,32,M,O+,Podanur,10.955806,76.9815,2026-02-10,3,6,2,11.1,weekends,0,active
D05004,Vijay Raj,36,F,A+,Saibaba Colony,11.003497,76.962369,2025-11-27,5,9,6,5.0,weekdays,0,active
D05005,Ganesh Pillai,30,M,B+,Podanur,10.945661,76.948073,,0,0,0,38.3,weekdays,1,active
D05006,Revathi Iyer,23,F,O-,Podanur,10.960761,76.93989,2026-06-09,6,9,3,66.7,weekdays,0,active
D05007,Naveen Reddy,43,F,O+,Kalapatti,11.047528,77.030137,2026-08-04,4,9,7,11.6,weekends,0,active
D05008,Karthik Sharma,43,F,O+,Singanallur,10.994121,77.001678,2025-04-29,3,8,1,63.7,emergency_only,0,active
D05009,Sathish Menon,29,F,A-,Ukkadam,10.97625,76.951782,2024-10-09,3,8,5,31.2,weekdays,1,active
D05010,Meena Gowda,35,M,O+,Kalapatti,11.076236,77.046079,2026-05-19,4,5,1,48.0,weekends,1,active
D05011,Muthu Subramani,33,M,O-,Podanur,10.975993,76.962642,2026-07-23,4,7,5,49.0,weekends,0,active
D05012,Manoj Sharma,39,M,O+,Vadavalli,11.042155,76.9404,2025-11-30,5,8,5,51.1,weekdays,0,active
D05013,Lakshmi Moorthy,39,M,B+,Kalapatti,11.068807,77.041595,2024-07-10,3,5,0,70.6,weekends,1,active
D05014,Geetha Subramani,25,M,B-,Ukkadam,11.003441,76.972182,2025-02-14,3,7,2,64.9,weekends,1,active
D05015,Deepa Kumar,37,M,O+,Kalapatti,11.050927,77.07263,2026-05-06,6,9,9,50.8,anytime,1,inactive
D05016,Arjun Nair,42,M,O+,Ukkadam,11.006323,76.940824,2024-09-24,7,12,5,65.9,anytime,1,active
D05017,Ganesh Pillai,37,F,O+,Vadavalli,11.025608,76.915439,2025-10-03,3,8,3,48.5,weekdays,0,active
D05018,Bhavani Chandran,49,F,A+,RS Puram,10.982274,76.981647,2024-10-14,3,7,7,63.2,weekdays,1,active
D05019,Pooja Rajan,42,F,O+,Vadavalli,11.02347,76.933994,2025-02-22,2,5,3,5.0,weekends,1,active
D05020,Prakash Moorthy,30,M,O+,Ukkadam,11.014985,76.966758,2025-03-23,1,6,4,45.5,anytime,1,active
D05021,Sandhya Reddy,28,M,A+,Gandhipuram,11.034155,76.997174,2024-06-15,6,7,4,11.2,anytime,1,active
D05022,Dinesh Nair,35,M,A+,Podanur,10.943069,76.993251,2026-06-16,3,8,3,55.9,weekdays,0,active
D05023,Meena Moorthy,27,M,O+,Peelamedu,11.059063,77.007634,2025-01-29,2,3,2,68.0,anytime,0,active
D05024,Pooja Kumar,18,F,AB+,Singanallur,11.027103,77.040733,2025-11-20,3,5,1,79.9,weekdays,1,active
D05025,Senthil Chandran,22,M,O-,Singanallur,11.029837,77.04766,2025-10-21,2,2,1,53.7,weekends,1,active
D05026,Ganesh Kumar,30,M,O+,Gandhipuram,10.996853,76.955579,2026-07-06,4,4,1,69.6,anytime,1,inactive
D05027,Naveen Raj,35,M,O+,Saibaba Colony,11.036515,76.967261,2025-06-18,5,9,3,16.1,weekdays,1,inactive
D05028,Bhavani Sharma,31,F,O+,Vadavalli,11.012293,76.932285,2025-09-27,4,6,5,27.0,weekdays,1,active
D05029,Swathi Krishnan,31,F,O+,Saibaba Colony,11.015946,76.950603,2024-11-12,5,9,9,65.0,weekdays,1,active
D05030,Geetha Nair,20,M,A+,Vadavalli,11.009962,76.919909,2024-04-27,6,9,6,31.6,anytime,1,inactive
D05031,Nithya Rajan,19,F,O+,Vadavalli,11.004314,76.886073,2025-12-01,2,3,1,49.1,weekends,0,inactive
D05032,Ramesh Rajan,24,M,B+,Kalapatti,11.09717,77.037721,2026-03-20,4,6,2,45.0,anytime,1,active
D05033,Vikram Sharma,47,M,O+,Coimbatore Central,10.977606,76.941728,2025-10-23,8,10,8,32.6,anytime,0,active
D05034,Sandhya Nair,45,M,O+,Ukkadam,11.007101,76.974876,2026-06-25,3,4,2,47.6,anytime,1,active
D05035,Lakshmi Krishnan,30,M,O+,Ukkadam,11.004465,76.956892,2026-07-20,3,6,4,50.0,emergency_only,1,active
D05036,Roja Pillai,36,F,O-,Saibaba Colony,11.010848,76.965514,2025-07-19,2,3,1,63.5,anytime,0,active
D05037,Arjun Kumar,27,M,A-,Vadavalli,11.034452,76.911638,2026-02-07,2,2,0,55.5,anytime,1,active
D05038,Naveen Pillai,23,M,O+,Ukkadam,10.958702,76.986882,2026-07-24,4,5,2,48.7,anytime,1,active
D05039,Suresh Kumar,53,F,A+,Coimbatore Central,10.990719,76.93833,2024-12-30,6,6,4,25.8,weekends,1,active
D05040,Nithya Chandran,24,F,O+,Saibaba Colony,10.996672,76.95824,2025-07-02,8,10,4,49.3,emergency_only,1,active
D05041,Vijay Gowda,29,M,O+,Vadavalli,11.010839,76.890685,2026-03-28,5,10,2,41.8,emergency_only,0,active
D05042,Ramesh Kumar,22,M,O+,Vadavalli,11.033099,76.90118,2025-08-21,2,2,0,74.6,weekdays,0,active
D05043,Roja Nair,24,M,B+,Coimbatore Central,10.995158,76.93925,2024-07-16,3,8,4,42.1,emergency_only,1,active
D05044,Ramesh Moorthy,19,M,O+,Gandhipuram,11.005674,76.989012,2026-08-27,8,10,4,81.7,anytime,0,active
D05045,Swathi Krishnan,41,F,O+,Kalapatti,11.053693,77.037666,2025-09-28,3,3,0,55.1,weekdays,1,active
D05046,Swathi Raj,28,M,B+,Saibaba Colony,10.994894,76.976287,2025-03-04,5,6,6,11.0,anytime,1,active
D05047,Revathi Pillai,27,F,A+,Ukkadam,10.979068,76.985538,2024-10-09,7,10,1,44.0,anytime,1,active
D05048,Arjun Gowda,30,F,A-,Ukkadam,10.978203,76.935896,2024-09-17,3,8,4,38.2,weekdays,1,active
D05049,Geetha Menon,34,F,A+,Coimbatore Central,11.031303,76.931004,2025-06-13,7,12,8,42.3,emergency_only,1,active
D05050,Sandhya Balan,33,M,O+,Peelamedu,11.033861,77.036062,2025-05-03,3,7,4,74.2,anytime,1,active
D05051,Geetha Moorthy,18,F,O+,Gandhipuram,11.028712,76.9802,2024-12-29,3,7,4,19.7,weekdays,1,active
D05052,Suresh Menon,45,F,O+,Singanallur,11.008214,77.036189,2026-05-02,6,9,5,67.1,anytime,1,active
D05053,Pooja Nair,38,F,A+,Coimbatore Central,10.973991,76.968353,2026-03-12,8,9,8,37.9,anytime,1,inactive
D05054,Arun Rajan,33,M,A+,Podanur,10.975106,76.948256,2026-08-06,5,6,4,19.7,weekdays,1,active
D05055,Deepa Gowda,36,M,O+,Peelamedu,11.035989,77.014935,2024-11-17,3,5,0,59.0,weekdays,0,active
D05056,Deepa Raj,28,F,A+,Kalapatti,11.082911,77.029495,2025-06-14,6,11,9,5.0,weekdays,0,active
D05057,Roja Menon,32,M,O+,Gandhipuram,11.018731,76.953882,2026-03-12,7,9,8,46.1,weekdays,1,active
D05058,Ramesh Moorthy,29,M,A+,Gandhipuram,11.002898,76.943001,2024-10-01,3,5,2,67.5,weekends,1,active
D05059,Manoj Nair,27,F,A+,Vadavalli,10.996357,76.942104,2026-07-31,2,5,4,31.2,weekends,0,inactive
D05060,Arun Kumar,41,M,A-,Singanallur,11.009737,77.039204,2024-08-16,6,9,4,85.5,anytime,1,active
D05061,Revathi Balan,19,F,O+,Vadavalli,11.026573,76.921041,2025-04-01,4,4,4,13.6,weekends,0,active
D05062,Priya Chandran,18,M,B+,Vadavalli,11.022816,76.903808,2024-04-20,3,3,1,38.8,weekdays,1,active
D05063,Senthil Gowda,18,M,AB+,Coimbatore Central,11.017545,76.926449,2025-07-06,4,7,2,66.8,weekends,1,active
D05064,Sathish Subramani,49,M,O+,Ukkadam,10.992967,76.987445,2025-05-13,4,5,3,31.8,emergency_only,1,active
D05065,Divya Gowda,30,F,A+,Kalapatti,11.040443,77.048774,2025-09-20,2,3,3,23.5,anytime,1,active
D05066,Roja Subramani,38,M,A+,Peelamedu,11.011527,77.026604,2024-08-20,6,11,9,42.0,anytime,0,active
D05067,Dinesh Nair,46,M,O+,Vadavalli,11.039368,76.942201,2025-08-10,4,4,1,14.5,anytime,1,active
D05068,Geetha Chandran,18,M,O+,Gandhipuram,11.016601,76.985387,2025-07-16,3,8,1,5.0,weekends,1,active
D05069,Senthil Nair,29,F,A-,Saibaba Colony,10.990212,76.952104,2024-05-07,3,6,4,47.7,anytime,1,active
D05070,Geetha Gowda,24,M,B+,Singanallur,10.976654,77.030711,2024-06-07,1,4,1,9.1,emergency_only,0,active
D05071,Muthu Reddy,27,M,O+,Podanur,10.976327,76.981609,2026-09-05,2,5,4,26.2,weekends,1,active
D05072,Bhavani Gowda,33,M,AB+,Coimbatore Central,11.0112,76.959599,2026-03-24,5,5,0,78.1,emergency_only,1,active
D05073,Karthik Iyer,35,M,AB-,Vadavalli,11.012203,76.895314,2025-11-12,5,7,5,23.7,weekdays,1,active
D05074,Vijay Moorthy,24,M,O-,Singanallur,10.970974,77.048182,2025-01-21,8,8,6,24.1,anytime,1,inactive
D05075,Geetha Iyer,31,F,A+,Singanallur,10.988983,77.007579,2024-09-23,6,7,1,90.0,weekends,0,inactive
D05076,Arun Krishnan,40,M,O+,Saibaba Colony,11.021502,76.917479,2026-01-22,6,7,4,63.3,emergency_only,1,active
D05077,Lakshmi Nair,26,M,A+,Ukkadam,11.007822,76.969639,2024-08-06,8,12,0,50.2,emergency_only,1,active
D05078,Sathish Kumar,28,M,B-,Saibaba Colony,10.999141,76.927639,2026-01-06,1,6,1,69.4,emergency_only,1,active
D05079,Vikram Sharma,38,M,O+,Coimbatore Central,11.001791,76.933659,2025-07-12,5,7,1,51.0,anytime,0,active
D05080,Lakshmi Iyer,20,F,B+,Vadavalli,11.044084,76.887732,2025-05-10,2,3,2,61.5,weekdays,0,active
D05081,Sandhya Balan,33,M,O+,RS Puram,10.981108,76.950923,2024-10-25,5,9,1,75.3,anytime,0,inactive
D05082,Naveen Raj,18,F,B+,Coimbatore Central,11.020744,76.927774,2026-07-18,1,6,3,36.9,anytime,1,active
D05083,Divya Moorthy,23,F,O-,Saibaba Colony,11.044508,76.930825,2025-11-17,7,7,7,52.6,weekends,0,inactive
D05084,Deepa Iyer,26,M,A+,Peelamedu,11.035482,77.008296,2024-11-15,8,13,4,39.0,weekends,1,active
D05085,Swathi Sharma,33,M,O+,Kalapatti,11.048309,77.046657,2025-08-26,2,2,1,68.1,weekends,1,active
D05086,Geetha Gowda,31,M,A+,Kalapatti,11.065717,77.015507,2026-01-25,4,5,0,75.0,weekdays,1,active
D05087,Sathish Sharma,21,M,A+,Gandhipuram,11.036979,76.976463,2025-06-09,3,7,7,5.0,weekdays,1,active
D05088,Pooja Raj,32,M,B-,Gandhipuram,10.988351,76.981726,2025-01-05,2,6,4,37.9,weekends,0,active
D05089,Lakshmi Krishnan,38,F,A+,Kalapatti,11.074177,77.026869,2026-05-12,1,1,0,16.9,weekends,1,active
D05090,Sandhya Kumar,27,F,A-,Coimbatore Central,11.028916,76.969532,2025-09-30,4,7,2,25.1,anytime,1,active
D05091,Senthil Kumar,46,F,O+,RS Puram,11.015636,76.967941,2024-11-15,8,8,6,13.9,weekends,1,active
D05092,Sandhya Gowda,21,M,O+,Kalapatti,11.067474,77.060937,2025-07-08,6,11,3,63.2,emergency_only,0,active
D05093,Arun Reddy,40,M,O-,Saibaba Colony,11.018007,76.940668,2026-02-14,4,6,2,42.5,emergency_only,1,active
D05094,Arjun Iyer,40,F,O+,Vadavalli,10.9983,76.897062,2025-04-26,7,7,1,56.0,anytime,1,active
D05095,Revathi Gowda,18,F,O+,Coimbatore Central,11.000699,76.970707,2026-04-18,9,14,14,42.2,emergency_only,1,active
D05096,Dinesh Gowda,25,F,O+,Podanur,10.934663,76.945136,2025-10-01,5,7,5,31.9,anytime,1,active
D05097,Deepa Iyer,22,F,O-,Podanur,10.932913,76.937154,2024-11-29,3,3,2,52.4,anytime,1,active
D05098,Geetha Rajan,33,M,A+,Saibaba Colony,11.023742,76.936265,2024-11-17,2,5,5,67.3,weekends,1,inactive
D05099,Suresh Subramani,18,M,O+,Peelamedu,11.03813,77.008622,2026-03-23,3,7,2,75.6,anytime,1,active
D05100,Vikram Raj,36,M,B+,Saibaba Colony,11.026079,76.940432,2025-02-24,3,4,2,36.5,anytime,0,active
D05101,Sathish Krishnan,38,F,O+,Vadavalli,11.016037,76.906114,2026-01-02,4,6,2,8.9,weekdays,1,active
D05102,Deepa Chandran,35,M,A+,Vadavalli,11.026995,76.92739,2024-07-01,2,5,2,68.1,weekdays,0,active
D05103,Prakash Gowda,39,M,O+,Ukkadam,10.959391,76.965414,2026-05-30,4,6,1,69.9,anytime,0,active
D05104,Naveen Pillai,21,M,B+,Podanur,10.92828,76.955939,2024-07-06,6,11,6,13.7,weekends,1,inactive
D05105,Divya Raj,37,M,AB-,Kalapatti,11.068708,77.048395,2026-01-24,4,5,2,37.2,anytime,1,active
D05106,Dinesh Subramani,32,M,O+,Gandhipuram,10.997433,76.944534,2025-09-28,3,8,6,56.4,weekdays,1,active
D05107,Karthik Krishnan,26,M,O-,Gandhipuram,11.009003,76.98664,2025-02-02,2,3,0,39.3,anytime,1,active
D05108,Ramesh Gowda,31,F,O+,Coimbatore Central,10.986195,76.944445,2025-06-18,5,8,5,5.0,emergency_only,1,suspended
D05109,Naveen Nair,25,M,O+,RS Puram,11.001776,76.929959,2024-04-22,5,10,8,53.7,weekdays,1,active
D05110,Revathi Krishnan,35,F,A+,Kalapatti,11.074698,77.067332,2025-07-30,4,7,5,41.4,emergency_only,1,active
D05111,Sandhya Subramani,23,F,A+,Vadavalli,11.040964,76.890882,2025-02-09,2,3,3,33.0,weekdays,1,active
D05112,Karthik Gowda,21,M,B+,Saibaba Colony,11.024213,76.944601,2024-07-05,5,5,3,68.0,weekends,1,inactive
D05113,Anitha Iyer,39,M,A+,Kalapatti,11.048464,77.032461,2025-10-31,4,8,4,27.2,anytime,1,active
D05114,Senthil Balan,28,M,B+,RS Puram,11.011814,76.928544,2025-05-20,5,10,3,62.3,emergency_only,1,inactive
D05115,Pooja Moorthy,18,F,B+,RS Puram,10.99429,76.981211,2026-09-07,3,4,3,83.7,weekends,1,active
D05116,Manoj Balan,39,F,B+,Podanur,10.945133,76.979435,2026-03-22,2,5,3,37.9,emergency_only,1,active
D05117,Revathi Menon,37,F,O+,Ukkadam,11.015,76.943698,2025-02-24,1,3,2,33.9,anytime,0,active
D05118,Kavya Subramani,44,M,A-,Vadavalli,11.006109,76.893528,2026-01-10,6,9,6,39.2,weekdays,1,active
D05119,Manoj Subramani,33,M,A+,Peelamedu,11.059569,77.003898,,0,5,4,61.0,anytime,1,active
D05120,Priya Menon,35,F,B+,Coimbatore Central,11.023124,76.975809,2025-12-01,5,7,4,38.4,weekdays,1,active
D05121,Manoj Kumar,29,F,B+,Gandhipuram,11.025674,76.950812,2025-10-31,4,9,6,49.4,anytime,1,active
D05122,Sandhya Iyer,42,F,A+,RS Puram,10.996574,76.965142,2024-11-24,3,8,6,42.4,emergency_only,0,active
D05123,Naveen Chandran,34,M,O+,RS Puram,11.000104,76.939187,2026-07-13,4,6,2,27.7,weekends,1,active
D05124,Sandhya Moorthy,47,M,O+,Singanallur,10.983507,77.018385,2026-08-19,3,8,8,41.9,weekends,1,active
D05125,Kavya Menon,30,F,B+,Coimbatore Central,10.989415,76.984396,2026-07-26,2,6,6,10.3,weekends,1,active
D05126,Arjun Pillai,41,M,O+,Podanur,10.9515,76.954102,2026-01-13,4,7,2,42.0,weekdays,1,active
D05127,Karthik Kumar,36,F,O+,Gandhipuram,10.994122,76.991142,2026-02-03,3,3,3,5.0,emergency_only,1,active
D05128,Swathi Nair,27,M,B+,Gandhipuram,11.029738,76.942008,2026-06-25,5,6,1,74.4,weekends,0,active
D05129,Vijay Balan,31,M,O+,Saibaba Colony,10.992845,76.953372,2024-05-26,4,9,5,61.0,anytime,0,active
D05130,Geetha Reddy,22,F,B+,Podanur,10.923155,76.957387,2026-05-13,1,3,2,41.3,weekdays,1,active
D05131,Pooja Subramani,36,F,A+,Singanallur,10.999883,77.01108,2024-07-24,2,6,1,56.2,anytime,1,active
D05132,Arjun Reddy,30,M,A+,Saibaba Colony,11.006614,76.967264,2024-10-08,3,5,4,57.7,anytime,1,active
D05133,Deepa Subramani,29,M,A+,RS Puram,11.019224,76.937442,2024-09-23,2,3,2,44.8,weekdays,1,active
D05134,Sandhya Iyer,18,F,A+,Coimbatore Central,11.024148,76.964793,2025-01-03,3,6,5,48.7,emergency_only,0,active
D05135,Meena Pillai,31,F,B+,Ukkadam,10.95994,76.968924,2026-03-09,1,2,1,59.6,emergency_only,1,inactive
D05136,Arjun Menon,34,Other,B-,RS Puram,10.986672,76.954721,2025-10-23,6,6,4,35.8,emergency_only,1,active
D05137,Ganesh Sharma,28,F,O+,Saibaba Colony,11.043363,76.935984,2026-08-14,3,7,6,27.4,emergency_only,1,active
D05138,Deepa Raj,21,M,A-,Peelamedu,11.053804,77.018351,2024-08-05,3,8,8,5.0,anytime,0,active
D05139,Meena Kumar,29,Other,A+,RS Puram,11.007505,76.952935,2025-06-06,2,5,3,44.3,anytime,0,active
D05140,Arjun Balan,41,M,A-,Podanur,10.981753,76.945705,2024-07-02,3,7,3,46.6,anytime,1,active
D05141,Anitha Rajan,32,M,O+,Peelamedu,11.053795,77.023169,2025-11-11,4,6,2,42.1,emergency_only,1,active
D05142,Senthil Nair,22,F,AB+,Coimbatore Central,11.018949,76.926294,2026-02-27,3,6,6,9.0,anytime,1,active
D05143,Ramesh Iyer,22,F,O+,Vadavalli,11.019609,76.888821,2025-02-19,4,5,4,31.0,anytime,1,active
D05144,Vijay Pillai,33,Other,O+,Singanallur,11.004226,77.028724,2026-01-01,5,7,1,34.6,anytime,1,active
D05145,Kavya Kumar,30,M,O+,Peelamedu,11.033353,77.01849,2025-11-12,4,7,5,61.8,weekends,1,active
D05146,Roja Chandran,41,M,O+,Gandhipuram,10.988272,76.946275,2024-11-09,4,7,4,11.7,anytime,0,active
D05147,Pooja Reddy,21,F,O+,Gandhipuram,11.005521,76.953443,2025-09-30,6,6,3,36.6,anytime,1,active
D05148,Kavya Kumar,29,M,A-,Peelamedu,11.016194,77.016216,2024-10-06,5,7,7,5.1,weekdays,0,active
D05149,Deepa Iyer,36,M,A+,Peelamedu,11.018087,77.0324,2024-05-13,3,5,3,31.9,anytime,0,active
D05150,Sathish Nair,52,M,O+,Singanallur,10.987874,77.002863,2025-03-24,7,11,2,32.8,anytime,1,active
D05151,Vikram Iyer,30,F,O+,Peelamedu,11.050163,77.012572,2025-04-13,2,3,2,32.8,anytime,1,active
D05152,Geetha Moorthy,22,F,O+,Saibaba Colony,11.011246,76.947334,2024-07-05,5,5,0,63.8,anytime,1,inactive
D05153,Arun Balan,37,M,AB+,Kalapatti,11.079443,77.031589,2024-09-20,3,4,4,46.8,weekends,1,active
D05154,Swathi Subramani,21,M,AB-,Kalapatti,11.052831,77.017401,,0,2,2,5.0,weekdays,1,active
D05155,Priya Balan,35,F,B+,Vadavalli,11.033941,76.890922,2025-03-05,3,7,7,28.8,emergency_only,1,active
D05156,Suresh Raj,26,M,A+,Kalapatti,11.044278,77.062466,2025-03-31,5,6,3,60.5,weekdays,1,active
D05157,Meena Menon,27,M,A+,Coimbatore Central,11.00403,76.933472,2026-05-15,4,6,4,43.1,weekdays,1,active
D05158,Arun Iyer,36,M,A+,Kalapatti,11.04724,77.07149,2025-08-14,6,6,5,44.2,anytime,1,active
D05159,Senthil Krishnan,42,F,O+,Vadavalli,11.034474,76.942074,2024-08-13,6,9,5,66.7,anytime,0,active
D05160,Muthu Balan,38,M,O-,Kalapatti,11.039229,77.035864,2026-09-15,6,10,3,71.3,anytime,1,active
D05161,Meena Gowda,39,M,O-,Saibaba Colony,11.027732,76.9573,2025-05-31,4,4,2,54.5,anytime,1,active
D05162,Muthu Nair,22,M,O-,Kalapatti,11.070171,77.039933,2025-05-10,5,5,1,27.0,anytime,1,inactive
D05163,Arun Rajan,37,M,AB+,Vadavalli,11.044545,76.920554,2026-04-13,5,7,4,72.4,anytime,1,active
D05164,Meena Chandran,53,F,O+,Singanallur,10.979137,77.050281,2026-09-09,5,5,4,24.1,anytime,1,active
D05165,Sathish Chandran,48,M,A+,RS Puram,10.995727,76.947077,2024-08-02,2,5,1,43.0,weekdays,1,active
D05166,Geetha Krishnan,27,F,O+,Peelamedu,11.001783,77.029626,2025-09-06,5,8,5,49.4,emergency_only,1,inactive
D05167,Deepa Gowda,32,M,B+,Vadavalli,11.052051,76.893053,2025-04-02,5,10,1,61.8,weekdays,1,active
D05168,Suresh Sharma,38,M,O-,RS Puram,11.010435,76.97462,2024-06-12,7,9,4,72.0,anytime,1,active
D05169,Suresh Subramani,21,M,O+,Peelamedu,11.050926,77.007966,2024-05-17,2,3,3,20.5,emergency_only,1,active
D05170,Nithya Moorthy,18,M,O+,Saibaba Colony,10.996906,76.960319,2026-09-18,5,8,2,77.1,anytime,0,active
D05171,Roja Chandran,45,F,A-,Podanur,10.968671,76.993909,2025-02-22,7,7,6,5.0,weekdays,0,active
D05172,Revathi Pillai,48,F,AB+,Singanallur,10.983273,77.02043,2026-09-15,8,8,2,42.3,weekends,1,active
D05173,Anitha Kumar,18,F,O-,Peelamedu,11.045919,77.006696,2026-01-24,6,11,5,29.4,weekdays,0,active
D05174,Swathi Subramani,35,F,B+,Ukkadam,10.999207,76.937817,2024-05-19,5,5,1,38.1,anytime,1,active
D05175,Meena Chandran,32,F,O+,Singanallur,11.011288,77.047447,2026-09-10,2,2,2,69.3,anytime,0,active
D05176,Lakshmi Rajan,18,M,B+,RS Puram,10.980882,76.937591,2025-12-28,3,3,3,29.5,emergency_only,1,active
D05177,Karthik Gowda,32,M,A-,Gandhipuram,10.987702,76.958269,2024-10-14,2,2,2,31.1,weekdays,1,active
D05178,Manoj Sharma,34,F,B+,Gandhipuram,11.025091,76.947629,2024-05-08,3,6,5,61.8,weekends,0,active
D05179,Vijay Gowda,50,M,AB+,Podanur,10.942163,76.941104,2025-04-25,4,5,1,45.0,weekends,0,active
D05180,Vijay Rajan,33,F,A+,Podanur,10.923124,76.97659,2025-12-14,6,10,8,22.3,weekends,1,active
D05181,Swathi Reddy,36,F,O+,Ukkadam,11.012259,76.962602,2025-01-22,3,7,4,97.0,emergency_only,1,suspended
D05182,Revathi Sharma,32,F,A+,Peelamedu,11.048155,77.031873,2024-11-25,4,5,0,47.8,anytime,1,active
D05183,Ganesh Menon,23,M,A+,Vadavalli,11.006633,76.932273,2026-07-04,6,8,1,46.1,anytime,1,active
D05184,Priya Gowda,20,M,B+,Coimbatore Central,11.022119,76.967483,2025-05-17,6,8,7,98.4,weekdays,1,active
D05185,Pooja Kumar,42,M,O+,RS Puram,10.990892,76.93606,2024-07-20,3,3,3,27.6,anytime,0,active
D05186,Bhavani Pillai,34,F,A-,Coimbatore Central,11.010047,76.941516,2024-06-17,5,9,1,83.5,emergency_only,0,active
D05187,Suresh Raj,27,M,O+,RS Puram,11.012967,76.931095,2025-03-03,5,6,2,42.8,anytime,1,active
D05188,Arjun Menon,28,F,A+,Coimbatore Central,11.024844,76.978379,2025-01-30,2,4,1,26.7,anytime,1,inactive
D05189,Dinesh Menon,38,F,A+,Saibaba Colony,11.00111,76.970536,2025-10-24,3,4,2,48.5,weekdays,1,inactive
D05190,Vijay Pillai,42,F,A+,Vadavalli,11.045446,76.892238,2025-12-19,6,9,6,49.0,weekdays,0,active
D05191,Karthik Reddy,38,M,O+,Vadavalli,11.009783,76.9122,2025-10-07,3,4,3,31.0,anytime,1,active
D05192,Lakshmi Chandran,35,F,B+,Ukkadam,10.986934,76.985092,2026-01-28,6,8,4,18.0,anytime,1,active
D05193,Karthik Sharma,33,M,O-,Vadavalli,11.020236,76.931176,2026-05-20,3,4,2,35.7,anytime,0,active
D05194,Nithya Nair,31,M,A-,Singanallur,11.015535,77.037233,2025-06-04,3,7,6,17.7,weekends,1,active
D05195,Ramesh Balan,27,M,B+,RS Puram,11.01082,76.981716,2024-06-18,2,2,1,22.6,weekdays,0,active
D05196,Muthu Chandran,23,M,B-,Ukkadam,10.961102,76.986066,2026-03-08,2,7,4,49.7,emergency_only,1,active
D05197,Anitha Subramani,27,M,A+,Peelamedu,11.025524,77.001917,2025-09-19,1,6,5,37.6,anytime,0,active
D05198,Nithya Rajan,42,F,O+,RS Puram,10.996673,76.981153,2025-10-04,1,3,2,34.0,anytime,0,active
D05199,Anitha Menon,29,M,B+,Podanur,10.941996,76.992052,2026-08-22,8,11,0,38.9,anytime,0,active
D05200,Lakshmi Moorthy,33,M,O+,Gandhipuram,10.990164,76.984315,2026-01-11,4,5,3,26.6,weekends,1,active
D05201,Naveen Sharma,18,M,A+,Saibaba Colony,11.02151,76.948893,2024-09-21,5,10,3,74.4,anytime,1,active
D05202,Nithya Krishnan,34,F,O+,Saibaba Colony,11.007916,76.944682,2026-06-20,4,7,2,14.0,anytime,0,active
D05203,Kavya Sharma,41,F,B+,Coimbatore Central,10.982277,76.93424,2024-11-28,3,3,1,53.1,anytime,1,active
D05204,Arjun Krishnan,32,M,A-,Saibaba Colony,11.045843,76.924757,2024-06-11,6,10,5,36.0,emergency_only,0,inactive
D05205,Arun Kumar,46,M,B-,RS Puram,10.977384,76.975018,2024-08-08,4,9,2,51.9,anytime,0,active
D05206,Vijay Menon,55,F,O+,Ukkadam,11.012192,76.979895,2024-07-31,1,6,3,43.3,anytime,0,active
D05207,Geetha Iyer,35,M,O+,Singanallur,10.984594,77.037669,2026-03-03,5,8,2,49.9,weekdays,1,active
D05208,Dinesh Nair,47,F,A+,Kalapatti,11.059651,77.069094,2024-09-12,5,6,2,37.0,anytime,1,active
D05209,Arun Menon,26,F,O-,Vadavalli,11.019211,76.913774,2025-02-23,7,12,9,39.6,emergency_only,0,active
D05210,Prakash Sharma,25,F,A+,Ukkadam,11.005868,76.967934,2024-10-20,2,6,0,40.5,emergency_only,0,active
D05211,Deepa Menon,22,M,A-,RS Puram,10.989312,76.956167,2026-02-15,3,4,2,79.3,anytime,1,active
D05212,Naveen Sharma,32,M,O+,Vadavalli,11.009319,76.931087,2026-08-29,6,11,3,42.5,weekends,1,active
D05213,Prakash Iyer,36,M,O+,Podanur,10.97325,76.939645,2024-06-19,4,5,4,32.7,anytime,0,active
D05214,Deepa Menon,30,M,O+,RS Puram,11.016473,76.95502,2024-06-20,1,5,5,26.5,anytime,1,active
D05215,Pooja Menon,23,F,A+,RS Puram,11.015295,76.94019,2025-08-10,5,9,2,56.6,anytime,0,active
D05216,Swathi Rajan,35,M,O+,Peelamedu,11.020558,77.024976,2025-01-24,2,3,1,67.1,anytime,0,active
D05217,Arjun Menon,31,M,O+,Coimbatore Central,10.977247,76.954557,2026-08-18,8,12,3,66.9,anytime,1,active
D05218,Deepa Nair,18,M,O+,Coimbatore Central,10.978718,76.951979,2025-02-07,3,5,4,32.2,anytime,1,active
D05219,Karthik Chandran,30,M,O-,Kalapatti,11.052888,77.055463,2024-12-07,4,7,6,38.5,weekends,1,active
D05220,Sathish Kumar,37,M,A+,Vadavalli,10.994135,76.885443,2025-02-04,6,7,3,57.0,anytime,1,active
D05221,Karthik Iyer,34,F,O+,Peelamedu,11.04536,77.029479,2025-09-20,1,3,3,10.1,emergency_only,1,active
D05222,Arun Chandran,25,M,A-,Podanur,10.972159,76.958197,2024-06-18,6,7,4,44.5,weekdays,1,inactive
D05223,Priya Chandran,26,Other,B-,Coimbatore Central,10.981495,76.957431,2026-01-28,5,5,3,57.3,anytime,1,active
D05224,Sandhya Chandran,22,F,A+,Peelamedu,11.047816,77.003092,2025-04-18,4,6,4,32.9,emergency_only,1,active
D05225,Dinesh Gowda,45,F,O+,Saibaba Colony,11.029835,76.954399,2026-05-14,6,7,5,5.0,anytime,0,suspended
D05226,Prakash Reddy,40,F,AB+,Podanur,10.957171,76.93722,2024-05-05,1,5,3,72.3,anytime,1,active
D05227,Geetha Sharma,32,F,O-,Saibaba Colony,11.011812,76.970791,2024-09-15,5,6,5,69.3,anytime,1,inactive
D05228,Suresh Raj,18,M,B+,Gandhipuram,10.997796,76.983466,2026-04-30,5,9,8,48.5,weekdays,1,suspended
D05229,Bhavani Raj,42,F,B+,Coimbatore Central,10.990835,76.94137,2026-08-07,8,8,5,45.2,anytime,1,active
D05230,Priya Kumar,27,F,O+,Gandhipuram,11.032649,76.982621,2025-12-12,1,6,5,24.7,emergency_only,1,active
D05231,Naveen Iyer,32,M,AB+,Singanallur,10.985982,77.051717,2024-05-01,3,5,4,28.8,weekdays,1,active
D05232,Senthil Nair,34,F,A+,Vadavalli,11.043586,76.911116,2026-04-08,6,11,5,45.7,weekdays,0,active
D05233,Ganesh Pillai,18,M,O-,RS Puram,11.019667,76.96336,2024-05-13,7,11,4,22.2,weekdays,0,active
D05234,Meena Krishnan,37,F,O+,Coimbatore Central,11.014716,76.983806,2024-12-10,3,5,2,52.2,weekends,0,inactive
D05235,Arjun Chandran,28,F,B+,Ukkadam,11.002577,76.971021,2026-02-02,5,6,6,28.7,weekends,1,active
D05236,Kavya Menon,20,F,A+,Vadavalli,11.006486,76.923644,2025-08-09,3,3,1,35.4,anytime,1,active
D05237,Naveen Kumar,27,F,A+,Podanur,10.97288,76.952116,2025-07-06,1,1,1,42.3,weekdays,0,inactive
D05238,Suresh Balan,32,F,O+,Podanur,10.940396,76.986183,2026-05-25,4,8,5,58.5,weekdays,1,active
D05239,Revathi Sharma,26,M,A-,Podanur,10.962643,76.938591,2024-08-17,5,5,3,53.2,emergency_only,1,active
D05240,Anitha Balan,47,F,B-,Saibaba Colony,11.011776,76.965494,2024-06-14,2,2,2,5.0,anytime,0,active
D05241,Revathi Sharma,37,F,B+,Vadavalli,11.004725,76.895065,2025-08-27,5,10,5,34.4,weekends,1,active
D05242,Sathish Balan,38,F,O+,Singanallur,11.01387,77.040811,2026-03-03,5,6,2,31.8,weekdays,1,active
D05243,Manoj Kumar,33,M,A+,Vadavalli,11.006475,76.92639,2025-07-01,1,5,5,78.1,anytime,0,active
D05244,Vikram Rajan,18,F,A-,Gandhipuram,11.035163,76.984235,2024-07-22,4,6,3,5.5,anytime,1,suspended
D05245,Revathi Sharma,40,F,O+,Peelamedu,11.030854,77.009473,2025-11-07,3,3,3,98.1,anytime,0,inactive
D05246,Ganesh Rajan,32,M,A+,Vadavalli,11.024878,76.884748,2025-10-29,4,4,0,56.9,anytime,0,active
D05247,Sandhya Subramani,32,F,A+,Kalapatti,11.096073,77.035134,2024-07-15,2,3,2,29.8,weekdays,1,active
D05248,Karthik Balan,40,M,O-,Coimbatore Central,10.985454,76.948853,2026-05-15,2,7,5,46.7,weekdays,0,inactive
D05249,Anitha Reddy,35,F,A+,Vadavalli,11.043033,76.924409,2025-11-15,2,2,2,40.7,weekdays,0,active
D05250,Prakash Menon,31,M,A-,Coimbatore Central,10.997833,76.955357,2025-03-02,1,2,1,70.3,weekdays,0,inactive
D05251,Senthil Rajan,30,F,O-,Ukkadam,11.002469,76.971621,2026-03-15,2,7,5,29.3,weekdays,0,active
D05252,Deepa Gowda,22,F,AB+,Saibaba Colony,11.010732,76.940865,2024-06-21,3,7,5,49.5,emergency_only,0,active
D05253,Roja Sharma,27,F,A-,Kalapatti,11.082407,77.066692,2026-06-23,1,1,1,55.8,weekends,1,active
D05254,Roja Krishnan,27,F,O+,Gandhipuram,11.006776,76.987787,2024-11-29,4,8,6,67.4,weekdays,1,active
D05255,Pooja Iyer,24,F,O+,Gandhipuram,11.023871,76.947529,2024-12-26,8,12,10,19.0,anytime,1,active
D05256,Anitha Moorthy,39,F,O+,Gandhipuram,11.028325,76.983555,2024-09-07,3,5,1,30.8,anytime,1,inactive
D05257,Dinesh Reddy,29,M,A-,Singanallur,10.998857,77.047871,2025-05-19,7,12,7,16.3,weekends,0,suspended
D05258,Ramesh Iyer,37,F,A+,Podanur,10.939003,76.982737,2024-08-14,5,8,4,67.0,anytime,1,active
D05259,Dinesh Moorthy,28,F,A+,Vadavalli,11.041818,76.912504,2026-05-20,6,8,3,35.4,weekdays,1,suspended
D05260,Bhavani Moorthy,26,M,A-,Saibaba Colony,11.024664,76.932083,2024-10-07,2,3,1,41.1,anytime,1,active
D05261,Roja Gowda,20,F,B+,Podanur,10.956225,76.975896,2025-03-26,3,7,0,49.9,anytime,1,active
D05262,Geetha Chandran,24,M,A-,Vadavalli,11.012717,76.920839,2026-02-22,4,8,7,14.4,weekdays,1,active
D05263,Nithya Nair,19,M,O+,Singanallur,11.002369,77.022537,2026-01-25,3,7,3,68.5,emergency_only,0,active
D05264,Bhavani Moorthy,32,M,A+,RS Puram,10.991209,76.928966,2026-03-29,2,5,3,41.1,weekdays,1,active
D05265,Nithya Balan,39,F,O+,Podanur,10.972531,76.960182,2025-07-22,5,6,4,59.7,weekdays,1,active
D05266,Vijay Subramani,30,M,A-,Coimbatore Central,10.987238,76.982937,2024-09-21,3,4,0,38.4,weekdays,0,suspended
D05267,Dinesh Moorthy,26,M,O+,Gandhipuram,10.988018,76.996584,2024-12-14,6,6,2,61.9,weekends,1,active
D05268,Karthik Balan,40,M,AB+,RS Puram,11.018358,76.924255,2025-08-28,6,9,2,41.3,weekends,1,active
D05269,Senthil Moorthy,39,M,O+,Saibaba Colony,11.01706,76.927348,2025-07-08,4,9,2,52.5,weekdays,1,active
D05270,Revathi Menon,24,F,O+,RS Puram,10.976255,76.95091,2025-08-22,4,7,5,52.2,anytime,0,active
D05271,Sathish Subramani,33,M,O+,Singanallur,10.976904,77.048008,2025-04-26,5,7,3,36.1,weekdays,1,active
D05272,Deepa Pillai,32,F,O+,Podanur,10.944927,76.969994,2026-09-14,10,10,6,35.0,anytime,1,active
D05273,Sathish Krishnan,32,M,O-,Podanur,10.976069,76.992273,2025-03-07,2,6,3,51.5,anytime,1,active
D05274,Meena Reddy,35,F,A+,Saibaba Colony,11.013383,76.96021,2025-03-17,2,4,3,28.8,weekdays,1,active
D05275,Nithya Sharma,45,M,O+,Coimbatore Central,11.024361,76.984612,2025-08-11,6,9,6,78.4,emergency_only,1,inactive
D05276,Roja Pillai,29,F,O+,Coimbatore Central,11.023767,76.946508,2025-05-05,3,6,6,44.8,emergency_only,0,inactive
D05277,Lakshmi Sharma,37,M,A+,Gandhipuram,11.04578,76.939927,2025-10-03,7,8,3,56.1,emergency_only,0,inactive
D05278,Vijay Subramani,28,M,O+,Peelamedu,11.042947,77.011907,2025-06-12,4,5,3,18.7,anytime,0,active
D05279,Sathish Chandran,50,M,O+,Saibaba Colony,11.012496,76.944255,2026-08-17,8,8,6,57.6,weekends,0,active
D05280,Meena Reddy,26,F,A+,Vadavalli,11.0183,76.898169,2025-03-25,5,7,7,61.3,emergency_only,1,active
D05281,Manoj Kumar,36,Other,A+,Coimbatore Central,10.974534,76.931183,,0,0,0,48.3,anytime,1,active
D05282,Prakash Pillai,19,M,A+,Peelamedu,11.056835,77.004147,2026-01-20,3,7,4,49.5,weekdays,1,inactive
D05283,Prakash Moorthy,39,M,B+,Saibaba Colony,11.042999,76.939877,2025-09-26,5,7,7,59.6,anytime,1,active
D05284,Karthik Subramani,44,M,A+,Kalapatti,11.059299,77.030376,2025-05-21,2,4,1,41.6,weekdays,1,active
D05285,Dinesh Nair,40,M,A-,RS Puram,10.98661,76.976272,2024-08-16,2,4,0,43.9,weekdays,0,active
D05286,Bhavani Chandran,31,F,O+,Singanallur,11.012586,77.028814,2025-02-06,4,6,5,6.2,weekends,1,active
D05287,Arun Moorthy,29,F,A+,Gandhipuram,10.991699,76.98664,2024-12-13,6,6,3,40.9,anytime,1,active
D05288,Dinesh Krishnan,44,F,A+,Kalapatti,11.087035,77.05216,2025-11-10,4,8,8,32.1,weekends,0,inactive
D05289,Meena Moorthy,44,M,A+,Singanallur,11.012317,77.019385,2025-07-21,2,7,2,21.6,weekdays,0,active
D05290,Karthik Balan,44,F,O+,Podanur,10.981177,76.947433,2026-06-03,5,7,5,12.6,anytime,1,active
D05291,Arjun Nair,33,F,A-,Vadavalli,11.015679,76.898609,2026-02-07,2,3,2,78.8,weekends,0,active
D05292,Naveen Rajan,40,F,A+,Ukkadam,10.965325,76.972364,2026-06-17,1,6,1,56.0,weekends,1,active
D05293,Deepa Balan,31,F,A+,Vadavalli,11.024859,76.915185,2026-09-16,3,4,4,57.8,anytime,0,inactive
D05294,Sathish Chandran,21,M,A+,Saibaba Colony,10.995607,76.967822,2026-02-28,4,9,4,68.3,anytime,1,active
D05295,Vikram Iyer,44,M,O+,Gandhipuram,11.032694,76.97833,2025-05-16,6,10,6,48.6,weekends,1,active
D05296,Ramesh Kumar,28,F,O+,Ukkadam,11.017369,76.96064,2025-06-08,4,9,9,60.8,weekdays,1,active
D05297,Sathish Pillai,48,M,B+,Vadavalli,11.01674,76.928293,2025-06-20,3,8,8,53.0,anytime,1,active
D05298,Arun Krishnan,36,F,A-,Ukkadam,10.977008,76.97811,,0,1,1,24.9,weekends,0,active
D05299,Divya Iyer,22,M,B+,Singanallur,10.995471,77.010119,2024-12-03,7,8,7,40.6,anytime,1,active
D05300,Vijay Subramani,20,F,O+,Gandhipuram,11.003365,76.974801,2025-08-11,6,8,4,17.8,emergency_only,1,active
D05301,Sathish Kumar,41,F,O+,Coimbatore Central,11.028469,76.935183,2024-06-02,5,5,1,30.7,anytime,0,active
D05302,Vikram Sharma,39,M,O+,Ukkadam,11.001034,76.936001,2026-09-11,4,8,4,9.9,emergency_only,1,active
D05303,Suresh Nair,40,M,O+,RS Puram,10.986621,76.976246,,0,5,3,66.1,weekdays,1,active
D05304,Arjun Menon,31,F,A-,Gandhipuram,10.99076,76.989331,2025-05-01,4,5,3,5.9,weekends,1,inactive
D05305,Vikram Iyer,24,F,B+,RS Puram,11.034014,76.965196,2026-04-17,5,5,2,37.7,weekdays,0,active
D05306,Sandhya Raj,24,F,O+,RS Puram,11.023467,76.974541,2026-06-12,7,9,3,31.4,weekends,1,active
D05307,Senthil Chandran,28,F,O-,Singanallur,10.99838,77.040005,2024-10-03,3,5,4,66.9,weekends,1,active
D05308,Geetha Raj,18,F,B-,Saibaba Colony,11.031283,76.934806,2026-09-11,2,2,1,43.9,emergency_only,1,active
D05309,Karthik Pillai,18,M,O+,Ukkadam,11.005987,76.985907,2025-05-25,4,4,2,24.1,weekends,0,active
D05310,Geetha Balan,38,M,O+,Singanallur,10.990266,77.009826,2026-01-13,3,5,2,46.8,weekdays,1,active
D05311,Sathish Chandran,43,F,B+,Peelamedu,11.021099,77.015131,2025-05-09,5,6,2,37.4,anytime,1,active
D05312,Lakshmi Menon,30,M,B+,Ukkadam,10.984946,76.962648,2024-11-11,4,8,3,42.0,weekends,0,active
D05313,Arun Subramani,25,M,O+,Peelamedu,11.027004,77.04442,2024-12-03,7,9,2,71.3,weekdays,0,suspended
D05314,Roja Iyer,29,F,O+,Gandhipuram,10.997638,76.946993,2026-05-01,2,3,1,34.4,anytime,0,active
D05315,Vikram Raj,24,F,O-,Gandhipuram,11.018524,76.960392,2025-11-20,7,7,6,49.7,emergency_only,1,inactive
D05316,Deepa Gowda,18,M,B+,Coimbatore Central,11.01031,76.957564,2024-05-19,5,6,2,5.3,weekdays,1,active
D05317,Nithya Raj,41,M,B-,Vadavalli,11.000904,76.883267,2025-04-17,3,4,2,35.7,anytime,1,active
D05318,Naveen Nair,43,M,AB-,Vadavalli,10.999297,76.923224,2026-05-16,4,9,2,54.9,weekdays,0,active
D05319,Bhavani Chandran,28,F,A-,Singanallur,10.977669,77.008955,2025-10-01,4,9,7,45.9,weekends,1,active
D05320,Vijay Reddy,23,M,B+,Gandhipuram,11.011605,76.979725,2025-06-13,8,13,11,32.5,weekends,1,active
D05321,Deepa Menon,31,M,B+,Peelamedu,11.008043,77.036729,2026-08-05,1,2,1,41.9,anytime,1,active
D05322,Ramesh Raj,32,M,AB+,Coimbatore Central,11.003321,76.959667,2024-05-20,3,6,4,8.3,anytime,0,active
D05323,Roja Gowda,41,M,O+,Saibaba Colony,11.021621,76.920169,2025-02-12,4,4,4,31.4,weekends,1,active
D05324,Senthil Balan,34,M,A+,Podanur,10.950373,76.981728,2024-06-22,2,7,4,36.7,anytime,0,inactive
D05325,Ramesh Kumar,33,M,O+,Ukkadam,11.018454,76.983707,2024-12-18,2,7,2,63.7,emergency_only,0,inactive
D05326,Roja Menon,41,M,O+,Podanur,10.92624,76.996471,2024-08-23,6,11,6,14.8,weekdays,1,active
D05327,Arjun Nair,39,Other,AB+,Kalapatti,11.073775,77.042076,2024-09-03,8,11,2,88.8,emergency_only,1,active
D05328,Kavya Pillai,30,F,A+,Ukkadam,11.007915,76.944292,2024-05-25,3,5,3,40.3,weekends,1,active
D05329,Arjun Moorthy,36,M,O+,Vadavalli,11.023704,76.929505,2024-10-12,2,2,2,22.3,anytime,1,active
D05330,Deepa Reddy,40,M,O+,RS Puram,10.97637,76.930707,2025-05-17,3,6,1,44.1,anytime,1,active
D05331,Prakash Pillai,18,M,O+,Peelamedu,11.006951,77.019255,2025-12-24,1,1,0,47.0,weekends,1,active
D05332,Senthil Gowda,33,F,O+,Podanur,10.951084,76.968456,2024-10-13,5,6,4,84.0,weekdays,1,active
D05333,Vijay Sharma,39,F,A-,Vadavalli,10.999832,76.883835,2025-05-24,1,6,0,35.6,anytime,1,active
D05334,Sathish Nair,31,F,B+,Coimbatore Central,11.003898,76.94184,2026-07-09,2,3,3,44.1,anytime,0,active
D05335,Ramesh Gowda,21,M,O+,Kalapatti,11.05564,77.016962,2026-02-12,4,4,2,48.2,anytime,1,active
D05336,Priya Chandran,38,F,O+,Ukkadam,11.015451,76.975209,2026-02-24,6,7,3,31.8,weekdays,0,active
D05337,Revathi Sharma,29,F,O-,Gandhipuram,11.037874,76.951647,2024-10-22,3,4,1,72.6,anytime,0,active
D05338,Sandhya Rajan,45,M,O-,Ukkadam,10.988633,76.955302,2025-06-17,6,6,2,35.5,emergency_only,0,active
D05339,Roja Krishnan,18,F,O+,Kalapatti,11.059421,77.019588,2024-07-04,5,5,1,58.0,emergency_only,1,active
D05340,Deepa Moorthy,48,M,O+,Ukkadam,10.993619,76.986368,2024-09-03,4,6,4,47.8,anytime,1,active
D05341,Prakash Menon,42,M,A+,Kalapatti,11.063068,77.047367,2025-08-12,3,8,5,50.8,weekdays,1,active
D05342,Vikram Krishnan,33,F,B+,RS Puram,11.013244,76.957338,2025-03-04,6,11,3,58.7,emergency_only,1,inactive
D05343,Pooja Raj,43,F,AB+,Kalapatti,11.057701,77.054297,2025-01-17,4,5,0,50.1,weekends,1,active
D05344,Arjun Pillai,46,M,A+,Podanur,10.9513,76.947467,2025-12-13,4,8,2,7.4,weekdays,1,active
D05345,Ganesh Gowda,38,F,O+,Peelamedu,11.019108,77.008247,2025-08-06,3,3,1,60.0,anytime,1,active
D05346,Deepa Kumar,41,F,B+,Gandhipuram,10.993186,76.991603,2025-03-26,6,10,5,44.6,weekends,1,inactive
D05347,Suresh Gowda,31,F,A+,Podanur,10.943849,76.957664,2024-05-20,4,8,2,29.5,anytime,0,active
D05348,Prakash Rajan,18,F,O+,RS Puram,10.984593,76.955147,2026-01-22,5,5,1,57.3,anytime,1,active
D05349,Dinesh Reddy,31,F,A-,Ukkadam,10.980763,76.939497,2024-10-18,2,6,4,83.8,weekdays,1,inactive
D05350,Naveen Krishnan,18,F,O-,Kalapatti,11.047863,77.05563,2024-09-05,3,7,3,46.9,weekends,0,active
D05351,Geetha Kumar,36,M,B+,RS Puram,11.0318,76.963211,2026-02-27,3,7,4,27.4,weekends,0,active
D05352,Roja Nair,18,F,A+,Kalapatti,11.058942,77.024514,2024-08-08,2,7,2,24.3,anytime,1,active
D05353,Ganesh Moorthy,18,F,A+,Saibaba Colony,10.996648,76.923052,2025-04-24,5,10,4,39.8,anytime,1,active
D05354,Meena Subramani,25,M,O+,Singanallur,11.010483,77.038153,2024-07-03,7,8,7,23.6,weekends,0,active
D05355,Deepa Reddy,28,M,A+,Coimbatore Central,10.996664,76.962416,2025-07-29,6,7,0,29.6,weekdays,1,active
D05356,Meena Pillai,28,M,O+,Saibaba Colony,11.040427,76.944154,2025-09-21,4,6,2,67.2,weekends,0,active
D05357,Naveen Pillai,29,F,B+,Podanur,10.966665,76.972089,2026-04-09,5,9,5,37.3,anytime,0,active
D05358,Nithya Balan,34,F,A+,Coimbatore Central,11.009493,76.981421,2024-09-01,3,6,0,83.2,emergency_only,0,active
D05359,Ramesh Krishnan,33,M,A+,Saibaba Colony,11.00616,76.959683,2026-08-05,5,7,3,28.9,anytime,1,active
D05360,Sandhya Raj,34,M,AB+,Ukkadam,10.960381,76.973499,2026-06-19,2,4,0,70.5,anytime,0,active
D05361,Kavya Pillai,40,F,O+,Ukkadam,11.001691,76.972692,2025-11-16,8,8,1,61.8,weekends,0,active
D05362,Suresh Menon,21,M,O+,Vadavalli,11.027623,76.926334,2026-03-09,3,7,4,69.6,anytime,0,active
D05363,Arun Krishnan,20,M,AB+,Coimbatore Central,11.014844,76.978772,2025-11-13,4,9,2,63.4,anytime,0,active
D05364,Deepa Reddy,53,F,O-,Singanallur,11.027972,77.010609,2024-05-21,2,6,0,103.4,anytime,1,active
D05365,Suresh Nair,19,F,B-,Vadavalli,11.009154,76.896678,2024-12-29,7,11,5,47.7,anytime,0,active
D05366,Manoj Sharma,32,M,A+,Gandhipuram,10.999656,76.965189,2026-02-15,2,2,1,50.0,weekends,1,active
D05367,Arun Sharma,35,M,B-,Saibaba Colony,10.997042,76.935193,2026-02-07,2,7,5,55.2,anytime,0,inactive
D05368,Anitha Iyer,49,M,A+,Singanallur,11.023971,77.042352,2025-05-02,6,8,8,12.9,anytime,1,active
D05369,Divya Balan,33,F,O+,RS Puram,10.986144,76.964344,2026-04-15,2,4,1,83.6,emergency_only,1,active
D05370,Kavya Krishnan,22,F,A+,Gandhipuram,11.008167,76.993719,2026-03-05,2,3,2,59.1,emergency_only,0,active
D05371,Arun Subramani,26,M,O+,Coimbatore Central,10.980336,76.959388,2025-03-21,3,8,4,50.9,anytime,1,suspended
D05372,Priya Raj,25,F,A+,Gandhipuram,10.994278,76.970251,2026-02-11,5,6,4,55.6,weekends,1,suspended
D05373,Vikram Sharma,30,F,O+,Gandhipuram,11.015281,76.953703,2025-11-29,5,6,3,5.4,emergency_only,1,inactive
D05374,Divya Subramani,29,F,A+,Ukkadam,10.981638,76.987013,2026-09-14,1,3,0,40.2,weekends,0,inactive
D05375,Lakshmi Kumar,18,F,A+,Saibaba Colony,11.026746,76.953649,2024-09-03,5,9,2,21.3,emergency_only,1,active
D05376,Vijay Gowda,26,F,O+,Coimbatore Central,10.973334,76.969475,2026-08-05,3,3,0,82.5,weekdays,0,active
D05377,Manoj Krishnan,34,F,O+,Saibaba Colony,10.998574,76.942976,2024-10-06,3,6,4,27.7,weekdays,0,active
D05378,Lakshmi Raj,25,M,O+,Ukkadam,10.998713,76.952899,2025-12-30,4,9,3,5.0,anytime,1,active
D05379,Revathi Reddy,18,F,O-,Saibaba Colony,11.016068,76.948402,2026-03-11,5,5,3,50.5,weekends,1,active
D05380,Naveen Kumar,23,M,AB-,Saibaba Colony,11.040443,76.964975,2025-10-20,4,6,0,50.7,weekdays,0,active
D05381,Dinesh Chandran,18,F,O+,Singanallur,10.977273,77.008533,2024-06-06,5,7,4,52.2,weekends,1,active
D05382,Geetha Kumar,43,F,A+,Singanallur,11.0043,77.051785,2025-09-11,3,8,2,67.5,weekends,1,active
D05383,Revathi Moorthy,27,F,A+,RS Puram,10.994401,76.964161,2025-11-07,6,7,4,27.4,anytime,1,active
D05384,Kavya Balan,30,F,O-,Vadavalli,11.008567,76.913317,2025-05-10,1,3,1,28.0,emergency_only,1,active
D05385,Dinesh Sharma,32,M,A+,Podanur,10.940556,76.962469,2024-12-05,3,3,0,24.2,weekdays,0,active
D05386,Bhavani Gowda,50,M,B-,Gandhipuram,11.01566,76.992607,2025-08-10,4,7,2,21.1,weekdays,1,suspended
D05387,Vijay Raj,42,F,O+,Podanur,10.961627,76.962014,2024-07-03,5,6,2,5.0,anytime,0,active
D05388,Pooja Chandran,48,M,A+,Peelamedu,11.040982,77.034612,2025-08-15,7,11,10,43.6,weekends,1,suspended
D05389,Karthik Kumar,21,M,O-,Kalapatti,11.064293,77.057969,2026-03-17,8,10,4,53.1,weekdays,1,active
D05390,Sathish Subramani,38,F,O+,Singanallur,10.986002,77.039572,2025-06-17,3,8,2,63.9,anytime,0,active
D05391,Ramesh Subramani,43,M,O+,Singanallur,11.004508,77.020115,2026-01-09,5,9,3,77.2,weekends,1,active
D05392,Senthil Iyer,25,M,O+,Kalapatti,11.072633,77.048836,2024-04-26,3,3,1,64.7,weekdays,0,suspended
D05393,Bhavani Balan,18,M,A+,Coimbatore Central,10.975623,76.962548,2025-04-29,2,4,1,47.3,weekends,0,active
D05394,Priya Menon,33,M,A+,Podanur,10.939587,76.96665,2025-10-31,8,10,5,59.5,anytime,0,active
D05395,Vikram Nair,35,F,A+,Coimbatore Central,10.983496,76.968316,2026-06-24,4,6,0,60.0,anytime,1,active
D05396,Geetha Krishnan,36,F,A-,Coimbatore Central,11.004403,76.963448,2024-09-13,5,7,4,72.1,anytime,1,active
D05397,Vikram Chandran,33,M,O+,Vadavalli,11.022095,76.942029,2026-04-19,6,11,5,47.5,weekdays,1,active
D05398,Swathi Sharma,47,M,O+,RS Puram,11.008779,76.944498,2024-12-20,5,9,1,34.0,anytime,0,active
D05399,Karthik Iyer,29,M,AB-,Ukkadam,10.958956,76.932847,2026-09-03,5,5,4,78.2,anytime,1,active
D05400,Dinesh Iyer,28,M,A+,Kalapatti,11.080416,77.020959,2025-03-06,4,5,2,41.7,anytime,1,active
D05401,Nithya Iyer,23,F,O+,Vadavalli,11.00738,76.932355,2026-01-25,7,8,7,27.6,emergency_only,1,active
D05402,Manoj Sharma,34,F,B+,Gandhipuram,11.010076,76.976544,2025-03-31,1,6,5,28.4,weekdays,1,active
D05403,Suresh Nair,41,M,A+,Kalapatti,11.045639,77.051958,2025-01-12,8,11,7,61.2,anytime,0,active
D05404,Lakshmi Chandran,39,Other,O-,Saibaba Colony,10.995773,76.97061,2026-04-05,5,7,4,33.7,weekends,1,inactive
D05405,Vikram Nair,50,M,A+,Coimbatore Central,11.016484,76.96875,2025-10-27,3,8,7,57.5,anytime,0,active
D05406,Geetha Reddy,21,M,O+,Singanallur,11.003444,77.048151,2026-05-25,5,5,1,88.6,anytime,1,active
D05407,Pooja Rajan,38,F,A+,RS Puram,11.035894,76.957568,2025-12-11,7,11,3,54.5,weekends,1,active
D05408,Divya Rajan,25,M,O-,Singanallur,11.024344,77.048352,2025-03-11,4,4,0,25.3,anytime,0,active
D05409,Lakshmi Menon,46,M,A+,RS Puram,10.995024,76.945697,2024-10-22,3,4,2,39.3,emergency_only,1,active
D05410,Naveen Gowda,32,M,A+,RS Puram,10.976365,76.978648,2026-02-11,4,9,5,24.2,weekends,0,active
D05411,Vikram Pillai,48,M,O+,Coimbatore Central,10.988439,76.950475,2026-07-23,6,9,2,81.7,anytime,0,active
D05412,Priya Menon,34,F,B+,Kalapatti,11.051337,77.044543,2024-12-26,5,10,9,14.8,emergency_only,1,active
D05413,Karthik Moorthy,26,F,B+,Vadavalli,11.028623,76.926464,,0,0,0,45.7,weekdays,0,active
D05414,Prakash Raj,47,F,AB+,Peelamedu,11.032619,77.027444,2024-09-27,3,5,4,51.6,weekdays,1,active
D05415,Pooja Reddy,33,F,B+,Podanur,10.958567,76.945729,2026-02-04,2,5,3,70.3,weekdays,1,active
D05416,Nithya Chandran,35,M,B+,Saibaba Colony,11.033803,76.917355,2025-05-14,1,6,2,69.4,anytime,1,active
D05417,Nithya Menon,43,M,O+,Singanallur,11.007111,77.034689,2024-06-12,4,6,4,53.8,anytime,1,active
D05418,Muthu Sharma,45,M,A+,Kalapatti,11.038187,77.055383,2024-08-16,3,4,3,26.6,anytime,1,active
D05419,Swathi Pillai,42,M,O+,Gandhipuram,10.990709,76.950177,2026-04-01,2,4,1,53.6,weekdays,1,active
D05420,Arjun Moorthy,24,F,A+,RS Puram,10.978238,76.950054,2026-07-28,6,11,4,31.8,anytime,0,active
D05421,Roja Menon,30,M,O+,Gandhipuram,11.031051,76.969984,2024-12-06,5,5,3,60.2,weekdays,1,active
D05422,Arun Sharma,36,F,B+,RS Puram,11.035107,76.977933,2025-11-03,6,10,1,105.9,anytime,1,active
D05423,Vikram Rajan,25,M,A+,Peelamedu,11.049941,77.021354,2025-11-29,3,5,0,18.1,emergency_only,0,active
D05424,Vikram Pillai,33,F,O-,Podanur,10.953179,76.956805,2025-07-13,3,3,2,59.7,anytime,0,active
D05425,Anitha Chandran,26,F,O+,RS Puram,11.021129,76.972844,2024-12-10,2,4,4,50.8,anytime,1,active
D05426,Prakash Moorthy,33,M,B-,Saibaba Colony,11.034968,76.947095,2025-04-08,5,10,8,45.7,weekends,1,active
D05427,Nithya Sharma,23,M,B+,Ukkadam,10.982384,76.976296,2024-10-14,4,6,4,32.7,emergency_only,1,active
D05428,Pooja Gowda,52,F,O+,Peelamedu,11.024742,77.052188,2025-05-15,2,7,5,40.9,weekends,1,active
D05429,Karthik Pillai,38,M,A+,Singanallur,10.987339,77.047774,2025-10-26,6,10,4,34.4,weekends,1,active
D05430,Bhavani Subramani,42,F,A-,Gandhipuram,11.003901,76.938625,2025-02-20,6,10,7,24.1,anytime,1,active
D05431,Swathi Iyer,27,F,A-,Gandhipuram,11.023376,76.996791,2026-05-12,8,12,9,30.3,weekdays,1,active
D05432,Deepa Raj,32,M,A+,Kalapatti,11.081019,77.072107,2026-03-21,5,7,3,36.7,emergency_only,0,active
D05433,Ganesh Sharma,18,M,O-,Gandhipuram,10.998456,76.937986,2026-03-16,7,8,2,39.9,anytime,1,active
D05434,Bhavani Raj,28,M,O-,Saibaba Colony,11.042773,76.927098,2026-09-08,5,9,1,82.4,weekends,1,active
D05435,Suresh Balan,30,M,B-,RS Puram,11.031174,76.944156,2026-02-24,4,5,3,48.2,weekends,1,active
D05436,Divya Pillai,40,M,O+,Saibaba Colony,11.035012,76.964247,2025-04-08,2,3,3,50.4,weekdays,1,active
D05437,Vijay Balan,24,F,A+,Podanur,10.933566,76.955675,2026-03-03,5,7,2,63.5,anytime,1,active
D05438,Kavya Nair,35,M,A+,Kalapatti,11.045822,77.057561,2024-12-26,5,7,2,82.1,weekends,1,active
D05439,Ganesh Krishnan,30,M,A+,Ukkadam,10.958851,76.933781,2025-03-16,4,6,5,41.9,weekdays,1,active
D05440,Sathish Rajan,36,F,O+,Gandhipuram,10.993567,76.95571,2025-05-29,1,1,1,51.9,weekdays,1,active
D05441,Lakshmi Menon,34,M,O+,Peelamedu,11.039525,77.053071,2024-09-23,3,6,4,35.0,emergency_only,1,active
D05442,Kavya Subramani,34,F,B-,Coimbatore Central,11.023722,76.976985,2026-03-16,5,9,6,25.1,weekends,1,active
D05443,Karthik Menon,22,F,O+,Gandhipuram,11.034171,76.96685,2025-11-30,5,10,10,21.5,weekends,1,active
D05444,Swathi Menon,36,F,O+,Saibaba Colony,11.012883,76.948687,2025-09-08,3,6,5,5.0,weekends,1,active
D05445,Nithya Sharma,25,M,O-,Gandhipuram,11.036754,76.993188,2026-02-02,3,3,0,45.2,anytime,1,active
D05446,Vijay Rajan,20,M,B+,Kalapatti,11.087363,77.033417,2025-03-30,4,9,8,26.6,weekdays,0,active
D05447,Revathi Krishnan,47,M,O-,Kalapatti,11.075369,77.061422,2025-07-01,4,7,4,7.7,weekdays,0,active
D05448,Nithya Chandran,39,F,O+,RS Puram,10.985134,76.951197,2024-09-05,4,9,8,36.5,anytime,0,active
D05449,Priya Kumar,30,M,A+,Vadavalli,11.012231,76.935111,2024-11-25,3,6,5,96.6,weekdays,1,active
D05450,Sandhya Pillai,21,M,O-,RS Puram,11.023635,76.936253,2024-06-07,3,4,4,21.6,anytime,0,active
D05451,Bhavani Raj,21,M,O+,Kalapatti,11.042775,77.02052,2025-11-09,4,8,5,5.0,weekends,0,active
D05452,Anitha Krishnan,43,F,A-,RS Puram,10.984692,76.970779,2024-12-04,6,7,3,38.5,anytime,0,active
D05453,Kavya Balan,41,M,A+,Singanallur,11.005749,77.004906,2026-07-30,3,7,5,28.3,weekends,0,active
D05454,Arjun Sharma,19,M,O-,Podanur,10.962758,76.953732,2026-02-28,5,6,5,17.9,anytime,0,active
D05455,Ramesh Gowda,27,F,B+,Saibaba Colony,11.016022,76.96482,2025-07-16,4,5,1,50.4,weekends,1,active
D05456,Divya Raj,35,F,O+,Coimbatore Central,11.000826,76.976613,2026-06-25,3,6,5,89.0,anytime,1,inactive
D05457,Muthu Pillai,33,M,A-,RS Puram,10.999333,76.969311,2025-02-22,6,11,3,36.2,weekdays,1,active
D05458,Geetha Menon,35,F,O+,Vadavalli,11.040194,76.923561,2025-05-12,5,5,3,38.2,weekdays,1,active
D05459,Swathi Moorthy,29,F,A+,Peelamedu,11.052306,77.047126,2025-11-21,7,11,2,60.1,anytime,1,active
D05460,Roja Kumar,19,M,A+,Coimbatore Central,10.998165,76.977813,2024-11-15,5,9,4,47.9,weekdays,0,active
D05461,Divya Balan,37,M,B+,Coimbatore Central,10.983025,76.955313,2025-05-26,3,3,1,22.4,anytime,1,active
D05462,Meena Iyer,18,F,O+,Kalapatti,11.071432,77.05765,2025-12-15,4,7,2,52.0,emergency_only,0,active
D05463,Naveen Reddy,35,F,O+,Kalapatti,11.09719,77.030503,2024-11-06,3,4,3,59.8,weekends,1,active
D05464,Deepa Raj,27,M,O-,Saibaba Colony,11.005324,76.932688,2026-07-08,7,10,4,22.7,emergency_only,0,active
D05465,Vijay Nair,40,F,O+,Ukkadam,10.972763,76.937152,2025-04-02,6,6,4,29.6,anytime,0,active
D05466,Sathish Raj,24,F,O-,Gandhipuram,10.995577,76.964251,2026-01-01,4,6,2,67.4,anytime,0,active
D05467,Bhavani Krishnan,27,M,O+,Peelamedu,11.038844,77.055871,2026-08-28,2,5,5,42.4,anytime,1,active
D05468,Divya Menon,39,F,A+,Kalapatti,11.043938,77.036383,2025-09-03,2,4,1,59.2,anytime,1,inactive
D05469,Manoj Moorthy,26,F,O+,RS Puram,10.984638,76.927441,2026-09-04,7,10,6,28.5,anytime,0,active
D05470,Vikram Kumar,27,F,O+,Saibaba Colony,11.011366,76.936683,2026-07-26,8,13,4,47.8,weekends,1,suspended
D05471,Naveen Kumar,35,M,AB+,Kalapatti,11.091512,77.051269,2026-05-31,1,3,2,51.7,weekdays,1,active
D05472,Priya Rajan,36,M,O-,Singanallur,10.982578,77.035385,2026-03-13,5,6,1,48.6,weekdays,1,active
D05473,Nithya Kumar,31,F,B+,Saibaba Colony,11.023027,76.950162,2025-01-11,5,6,0,56.5,anytime,0,active
D05474,Suresh Reddy,29,F,A+,Singanallur,11.0275,76.99953,2025-06-21,6,7,4,11.2,emergency_only,1,suspended
D05475,Lakshmi Iyer,21,M,A+,Singanallur,11.025755,77.009194,2024-10-13,3,4,1,68.7,emergency_only,1,inactive
D05476,Senthil Reddy,45,M,O+,Singanallur,11.020262,77.058065,2024-12-29,1,3,0,69.5,weekends,1,active
D05477,Sathish Krishnan,44,M,O+,Saibaba Colony,11.044565,76.931031,2025-05-06,4,7,3,33.3,anytime,1,active
D05478,Karthik Menon,32,F,O-,Peelamedu,11.044251,77.023578,2025-01-18,7,11,3,67.7,emergency_only,1,active
D05479,Kavya Krishnan,27,F,B+,Podanur,10.96376,76.991437,2026-03-06,6,9,1,62.8,anytime,1,active
D05480,Sathish Menon,46,F,B+,Kalapatti,11.078764,77.040091,2026-07-13,2,4,1,32.0,anytime,0,active
D05481,Suresh Raj,45,M,A+,Coimbatore Central,11.006627,76.982258,2026-01-16,3,4,3,34.5,anytime,0,active
D05482,Dinesh Reddy,18,M,B+,Saibaba Colony,11.006062,76.940899,2025-05-05,1,2,0,5.0,anytime,1,inactive
D05483,Dinesh Gowda,18,M,O+,Vadavalli,11.027996,76.920138,2026-05-02,2,4,1,55.0,weekends,1,active
D05484,Priya Reddy,20,M,B+,Vadavalli,11.025826,76.907304,2024-07-15,6,7,2,66.4,anytime,1,active
D05485,Ramesh Rajan,23,Other,O+,Podanur,10.957847,76.951159,2025-03-05,3,4,2,52.6,anytime,1,active
D05486,Swathi Reddy,29,F,O-,Ukkadam,11.00869,76.953738,2025-11-21,8,10,1,58.0,weekdays,1,active
D05487,Karthik Kumar,24,F,A+,Kalapatti,11.092745,77.053536,2024-10-21,6,8,5,17.4,anytime,1,active
D05488,Manoj Gowda,19,M,AB+,Singanallur,11.00577,77.01517,2025-11-17,7,12,10,52.9,anytime,1,active
D05489,Revathi Gowda,29,F,B+,Coimbatore Central,11.030829,76.965433,2026-03-09,4,6,2,76.2,weekdays,1,active
D05490,Arun Subramani,37,M,A-,Ukkadam,11.011663,76.934642,2024-05-23,5,5,4,59.4,anytime,1,suspended
D05491,Nithya Balan,20,M,A+,Podanur,10.929651,76.975085,2025-01-12,6,9,2,64.2,anytime,1,active
D05492,Muthu Menon,34,M,O+,Vadavalli,11.049763,76.883835,2025-01-29,5,8,8,38.2,weekdays,0,inactive
D05493,Pooja Menon,20,M,A-,Ukkadam,11.003439,76.951908,2025-07-21,1,6,6,30.7,weekends,1,active
D05494,Manoj Rajan,35,F,B-,Peelamedu,11.048774,77.002126,2024-06-19,5,8,6,32.8,weekends,1,active
D05495,Ganesh Raj,31,M,O+,Peelamedu,11.016354,77.002349,2026-01-21,3,6,2,53.6,weekdays,1,active
D05496,Revathi Menon,18,M,B+,Vadavalli,11.031122,76.912258,2025-09-13,5,9,7,53.1,weekends,1,active
D05497,Lakshmi Pillai,32,M,B+,Coimbatore Central,11.024783,76.977396,2024-10-12,2,6,5,16.1,anytime,0,active
D05498,Sathish Menon,44,M,A+,Peelamedu,11.023898,77.035312,2025-05-07,2,4,3,5.0,emergency_only,1,active
D05499,Priya Balan,25,F,A+,Gandhipuram,10.997981,76.978681,2025-11-05,6,9,4,58.5,anytime,1,active
D05500,Lakshmi Subramani,30,M,O+,RS Puram,11.001365,76.925363,2026-07-25,3,5,2,45.7,anytime,0,active
D05501,Revathi Balan,36,M,O+,Ukkadam,10.994945,76.944532,2025-05-21,4,7,3,80.8,weekends,1,active
D05502,Swathi Pillai,39,F,B+,Singanallur,11.020466,77.013205,2026-01-30,1,1,1,24.0,weekends,1,active
D05503,Prakash Reddy,50,M,O-,Singanallur,10.993032,77.049869,2025-11-12,4,7,4,50.0,weekdays,1,inactive
D05504,Bhavani Iyer,20,F,B-,Singanallur,10.982733,77.05574,2025-12-31,4,4,4,73.5,weekdays,1,active
D05505,Lakshmi Menon,18,F,A+,Singanallur,11.02651,76.999744,2026-09-17,7,9,5,34.7,anytime,1,suspended
D05506,Ramesh Iyer,27,Other,A+,Singanallur,11.000184,77.021784,2026-04-24,6,9,2,77.4,anytime,1,active
D05507,Nithya Subramani,21,F,B+,Coimbatore Central,11.01813,76.945338,2026-01-15,3,8,8,26.9,weekdays,1,active
D05508,Deepa Raj,18,F,O+,Gandhipuram,11.006034,76.981634,2026-01-20,3,4,3,65.6,anytime,1,active
D05509,Revathi Gowda,49,F,O+,Saibaba Colony,11.023264,76.948819,2026-08-22,2,6,3,47.2,weekends,1,active
D05510,Anitha Sharma,32,M,O+,Coimbatore Central,11.008145,76.929156,2025-09-23,4,7,7,5.0,anytime,1,active
D05511,Dinesh Balan,24,F,A+,Peelamedu,11.02529,77.037512,2025-07-12,7,9,3,27.5,weekdays,0,active
D05512,Roja Raj,42,F,A+,RS Puram,10.982878,76.945334,2026-05-20,8,11,7,75.4,anytime,1,active
D05513,Vijay Kumar,44,Other,A+,Ukkadam,10.989023,76.969111,2024-06-03,1,5,3,42.6,weekends,1,active
D05514,Karthik Balan,18,F,O+,Gandhipuram,11.006516,76.958363,2025-01-14,4,8,3,48.0,weekdays,1,active
D05515,Karthik Menon,21,F,O-,Podanur,10.97361,76.949769,2024-06-03,5,7,4,38.0,weekdays,0,active
D05516,Sathish Iyer,42,F,B+,Gandhipuram,10.991925,76.943808,2024-06-26,9,10,6,17.2,weekdays,0,active
D05517,Deepa Menon,31,F,O+,Vadavalli,11.007911,76.936622,2025-03-31,6,9,7,5.0,emergency_only,1,inactive
D05518,Divya Krishnan,34,F,A+,Podanur,10.936588,76.964738,2026-08-22,2,6,2,32.8,weekends,1,inactive
D05519,Muthu Balan,28,F,A+,Kalapatti,11.081134,77.042218,2025-03-15,4,8,2,82.2,anytime,1,active
D05520,Arun Nair,34,F,B+,Ukkadam,11.01397,76.942174,2024-10-07,5,10,2,85.0,weekdays,1,active
D05521,Naveen Balan,30,F,A+,Podanur,10.953419,76.995105,2025-09-07,7,7,1,49.4,weekends,0,active
D05522,Ramesh Rajan,34,M,O-,Saibaba Colony,10.99528,76.927752,2025-09-09,3,5,0,71.3,weekdays,0,active
D05523,Dinesh Gowda,24,F,AB-,RS Puram,11.032998,76.980938,2024-07-06,3,6,1,36.7,emergency_only,1,active
D05524,Kavya Sharma,40,M,O+,Saibaba Colony,10.991898,76.962995,2026-05-31,5,7,4,48.1,weekends,1,active
D05525,Karthik Kumar,37,M,B+,Vadavalli,11.036821,76.939616,2025-03-12,3,6,5,21.9,anytime,1,active
D05526,Dinesh Nair,45,M,A-,Saibaba Colony,10.997312,76.957519,2025-07-04,3,5,3,64.7,anytime,1,active
D05527,Geetha Kumar,37,M,A-,Coimbatore Central,11.024452,76.980996,2026-07-13,4,9,7,29.1,emergency_only,1,active
D05528,Swathi Moorthy,18,M,O-,Podanur,10.932777,76.944642,2024-07-05,2,3,3,41.2,weekends,1,inactive
D05529,Vikram Rajan,30,M,O+,Vadavalli,11.007742,76.921165,2025-10-18,4,9,2,34.1,weekdays,1,active
D05530,Meena Subramani,31,F,A+,Vadavalli,11.023099,76.93302,2026-01-09,2,4,2,70.6,emergency_only,1,active
D05531,Bhavani Moorthy,25,F,O+,Kalapatti,11.087506,77.01424,2025-04-17,3,3,3,42.5,weekdays,0,active
D05532,Arjun Gowda,23,F,O+,Peelamedu,11.057337,77.041124,2024-12-21,3,3,2,30.0,anytime,1,active
D05533,Ganesh Chandran,27,M,B-,Peelamedu,11.021191,77.050693,2024-11-29,3,5,3,45.1,anytime,1,active
D05534,Suresh Kumar,40,F,O+,Singanallur,10.981735,77.052256,2025-10-03,3,6,5,44.1,weekdays,1,active
D05535,Manoj Rajan,44,M,A-,Saibaba Colony,11.033364,76.926424,2026-05-15,3,8,6,32.8,emergency_only,1,inactive
D05536,Lakshmi Krishnan,24,F,A+,Kalapatti,11.05514,77.035165,2025-06-17,2,2,2,44.5,anytime,1,active
D05537,Deepa Iyer,35,M,A+,Podanur,10.944398,76.954281,2026-08-31,6,7,2,65.4,weekends,1,active
D05538,Swathi Balan,26,M,A+,Saibaba Colony,11.042418,76.953612,2026-08-16,4,4,0,21.9,anytime,0,active
D05539,Lakshmi Chandran,30,M,O+,Gandhipuram,11.029244,76.960262,2025-07-23,11,15,7,39.8,emergency_only,0,active
D05540,Bhavani Rajan,30,F,O+,Singanallur,11.007382,77.054784,2026-09-04,2,5,1,80.5,emergency_only,0,active
D05541,Sathish Sharma,18,F,B+,Saibaba Colony,10.990454,76.932741,2025-04-21,3,4,3,45.3,weekends,1,active
D05542,Lakshmi Raj,24,F,A+,Vadavalli,11.002583,76.908136,2024-10-27,2,6,6,39.8,anytime,1,inactive
D05543,Bhavani Balan,39,M,A+,Kalapatti,11.046713,77.035597,2025-12-10,4,8,5,42.7,emergency_only,1,active
D05544,Karthik Gowda,31,Other,O-,RS Puram,11.032005,76.952417,2026-04-11,3,5,2,32.7,weekends,1,active
D05545,Divya Gowda,35,M,O-,Vadavalli,11.028884,76.930188,2026-01-16,5,9,3,63.1,emergency_only,1,active
D05546,Meena Chandran,32,M,O+,Kalapatti,11.097023,77.014857,2026-04-16,1,6,5,47.0,weekdays,1,active
D05547,Revathi Iyer,18,F,A+,Coimbatore Central,10.985904,76.978135,2025-03-27,1,1,0,47.8,weekends,0,active
D05548,Suresh Kumar,22,F,B-,Saibaba Colony,11.02276,76.946006,2025-04-28,6,6,4,33.0,emergency_only,1,active
D05549,Manoj Kumar,29,M,A+,Saibaba Colony,11.022955,76.927965,2026-07-12,3,4,2,42.8,anytime,1,active
D05550,Bhavani Rajan,36,M,O+,Gandhipuram,11.004469,76.99497,2025-03-25,2,4,3,39.6,emergency_only,1,active
D05551,Deepa Sharma,36,M,O+,Vadavalli,11.010582,76.898023,2025-07-14,5,8,3,51.5,weekends,1,active
D05552,Roja Reddy,19,F,O+,Vadavalli,11.048222,76.941978,2025-01-05,5,5,5,8.8,weekends,1,active
D05553,Senthil Subramani,18,M,O+,Coimbatore Central,11.019244,76.962714,2024-07-24,5,7,7,25.0,weekdays,1,active
D05554,Karthik Raj,18,M,A-,Singanallur,11.01467,77.023597,2026-09-13,4,4,2,61.3,weekdays,0,active
D05555,Priya Balan,22,F,O+,Podanur,10.970908,76.987367,2026-07-20,6,7,0,75.1,anytime,0,active
D05556,Geetha Reddy,37,M,AB+,RS Puram,10.999493,76.922429,2025-02-15,5,7,1,54.1,weekdays,0,active
D05557,Vikram Moorthy,40,M,B-,Ukkadam,11.012019,76.955272,2025-09-23,5,5,0,15.7,weekends,1,active
D05558,Divya Chandran,34,M,O+,Coimbatore Central,11.008404,76.926747,2026-08-17,4,8,3,27.4,anytime,0,active
D05559,Geetha Menon,33,M,B-,Ukkadam,11.002897,76.981793,2025-09-29,4,6,3,62.4,anytime,1,active
D05560,Pooja Rajan,46,F,A+,Coimbatore Central,10.980348,76.947001,2025-01-23,7,7,3,90.4,anytime,0,active
D05561,Dinesh Reddy,53,M,A+,Coimbatore Central,11.017859,76.944474,2026-07-26,6,10,3,38.2,weekdays,1,active
D05562,Suresh Kumar,29,M,O+,Coimbatore Central,11.02309,76.926223,2024-12-16,3,5,3,38.3,weekdays,1,active
D05563,Manoj Reddy,40,F,B+,Saibaba Colony,10.997888,76.917155,2026-04-20,6,8,6,50.0,anytime,1,active
D05564,Sathish Iyer,35,F,A-,Podanur,10.923305,76.9671,2025-01-09,8,9,2,38.8,anytime,0,active
D05565,Dinesh Raj,36,M,B+,Vadavalli,11.011676,76.900282,2026-07-09,9,14,9,24.8,emergency_only,0,active
D05566,Dinesh Menon,23,M,O-,Saibaba Colony,11.038673,76.955462,2026-07-25,1,2,1,43.6,anytime,0,active
D05567,Sathish Menon,52,M,O+,Ukkadam,10.993776,76.955878,2025-06-28,5,8,4,33.1,weekends,0,active
D05568,Karthik Sharma,18,F,A+,Podanur,10.929376,76.990892,2025-05-22,1,3,3,52.8,anytime,0,active
D05569,Arun Gowda,51,M,B+,Peelamedu,11.050013,77.019412,2024-09-18,4,7,4,70.4,weekends,1,active
D05570,Ramesh Menon,40,M,O+,Peelamedu,11.041588,77.038413,2024-10-13,3,4,0,80.3,emergency_only,1,active
D05571,Revathi Subramani,19,M,A+,Kalapatti,11.085198,77.031051,2025-06-19,2,5,3,52.9,anytime,1,active
D05572,Prakash Balan,34,M,A+,Ukkadam,10.984263,76.984198,2024-10-18,4,9,3,79.9,emergency_only,1,active
D05573,Vijay Rajan,47,M,AB+,Coimbatore Central,10.987416,76.957361,2026-07-29,3,6,4,77.1,anytime,1,active
D05574,Pooja Raj,36,M,B+,Coimbatore Central,11.02382,76.962611,2024-12-12,4,6,1,5.0,weekends,0,active
D05575,Divya Menon,19,F,A+,Vadavalli,10.997838,76.919027,2026-05-01,5,6,2,55.4,weekends,0,active
D05576,Dinesh Moorthy,22,M,O+,Ukkadam,10.964561,76.944097,2026-04-17,1,2,2,77.0,emergency_only,1,active
D05577,Swathi Chandran,32,F,O+,Saibaba Colony,11.010062,76.945781,2024-09-09,4,5,2,33.9,weekdays,1,active
D05578,Divya Subramani,36,M,AB+,Gandhipuram,11.033823,76.979103,2025-08-19,3,3,1,40.1,weekdays,0,active
D05579,Arjun Menon,45,M,O+,Gandhipuram,11.034095,76.96742,2025-07-26,2,3,1,64.2,anytime,0,active
D05580,Dinesh Pillai,37,M,O+,Kalapatti,11.095842,77.065308,2025-06-08,3,8,2,55.8,weekdays,0,active
D05581,Lakshmi Raj,39,M,B+,Ukkadam,10.964317,76.972762,2026-05-22,3,8,6,31.2,emergency_only,1,active
D05582,Pooja Rajan,23,F,AB+,Coimbatore Central,10.981415,76.93854,2026-02-22,7,10,8,18.9,weekdays,1,active
D05583,Meena Reddy,40,M,O+,Singanallur,11.024151,77.007561,2024-05-08,5,5,0,62.0,emergency_only,1,active
D05584,Geetha Balan,39,Other,A-,Peelamedu,11.04907,77.024745,2026-08-05,2,7,5,55.9,anytime,1,active
D05585,Prakash Nair,29,F,O+,Ukkadam,10.972675,76.939906,2024-06-15,5,7,6,46.4,weekdays,1,active
D05586,Arun Rajan,34,F,A-,Podanur,10.951249,76.940933,2024-12-25,4,8,7,21.1,weekends,1,active
D05587,Naveen Kumar,37,M,O+,Coimbatore Central,11.026929,76.943267,2025-02-26,5,7,3,34.9,anytime,0,inactive
D05588,Deepa Gowda,34,M,O+,Podanur,10.973579,76.948009,2025-02-04,4,7,5,44.1,weekdays,1,active
D05589,Anitha Balan,27,M,O+,RS Puram,10.987227,76.961859,2024-04-23,4,9,7,71.4,anytime,0,active
D05590,Geetha Pillai,26,M,O+,RS Puram,11.014003,76.928678,2024-10-10,6,7,7,5.0,weekends,0,active
D05591,Naveen Rajan,42,M,O+,Saibaba Colony,11.017207,76.952267,2025-07-06,7,8,7,23.8,emergency_only,0,active
D05592,Naveen Raj,31,M,O+,Singanallur,11.004534,77.054474,2025-02-23,3,6,3,39.1,emergency_only,1,active
D05593,Roja Krishnan,40,M,O+,Kalapatti,11.089595,77.063211,2024-10-17,2,2,0,41.7,anytime,1,active
D05594,Kavya Rajan,27,M,A-,Singanallur,11.013306,77.012611,2026-02-03,6,7,3,45.2,weekdays,1,active
D05595,Anitha Reddy,42,M,O+,Kalapatti,11.041114,77.028557,2025-07-12,7,7,6,56.2,emergency_only,1,active
D05596,Sathish Moorthy,34,M,A-,RS Puram,10.999009,76.943842,2026-02-01,6,7,2,81.5,weekends,0,active
D05597,Naveen Kumar,38,F,O+,Kalapatti,11.095674,77.067556,2026-07-09,6,8,8,46.4,weekends,1,active
D05598,Sandhya Gowda,20,M,O+,Saibaba Colony,10.996362,76.958333,2024-12-27,6,6,3,12.1,anytime,0,active
D05599,Manoj Chandran,35,M,AB+,Coimbatore Central,10.99687,76.979079,2024-10-07,2,4,3,31.8,anytime,1,inactive
D05600,Muthu Subramani,33,F,A-,Coimbatore Central,10.993347,76.973556,2025-08-09,4,7,3,88.6,emergency_only,0,active
D05601,Priya Moorthy,35,F,A+,Singanallur,10.986733,77.039621,2025-09-23,6,9,1,29.2,anytime,1,active
D05602,Vikram Kumar,34,F,O+,RS Puram,11.016708,76.947381,2024-08-04,3,5,3,20.8,emergency_only,1,active
D05603,Priya Raj,37,M,O+,Coimbatore Central,10.993958,76.967278,2025-04-28,1,5,5,36.6,emergency_only,1,active
D05604,Vijay Rajan,34,M,O+,Gandhipuram,11.012255,76.940927,2026-03-28,5,9,7,35.0,anytime,0,active
D05605,Sathish Chandran,34,F,A+,Singanallur,10.982957,76.999023,2026-08-25,5,10,1,39.2,weekends,0,active
D05606,Bhavani Menon,27,F,A+,Kalapatti,11.042424,77.059119,2024-12-24,6,6,6,45.2,weekdays,1,active
D05607,Arun Moorthy,26,M,A+,Kalapatti,11.04296,77.069289,2025-01-24,2,3,3,32.8,anytime,1,active
D05608,Roja Moorthy,32,M,AB+,Kalapatti,11.065537,77.059163,2024-10-07,3,4,2,50.3,anytime,0,inactive
D05609,Karthik Gowda,34,M,B+,RS Puram,10.990171,76.957537,2026-08-03,3,3,1,15.3,weekdays,1,active
D05610,Arjun Pillai,51,M,O-,Saibaba Colony,11.041858,76.923343,2024-08-02,4,6,2,63.6,weekdays,0,inactive
D05611,Karthik Moorthy,35,M,O+,RS Puram,10.997367,76.961887,2024-10-26,5,6,5,33.0,anytime,0,active
D05612,Lakshmi Reddy,30,M,AB-,Saibaba Colony,10.992549,76.970931,2024-09-03,3,4,1,45.8,weekends,0,active
D05613,Ganesh Subramani,19,Other,A+,RS Puram,10.982703,76.943109,2026-04-21,4,5,3,20.9,weekends,0,active
D05614,Suresh Iyer,23,F,O+,Saibaba Colony,11.040796,76.932812,2024-10-07,6,7,4,67.4,weekdays,1,active
D05615,Lakshmi Chandran,35,F,B-,Podanur,10.966416,76.955488,2024-05-26,4,9,3,13.9,weekends,1,active
D05616,Ganesh Sharma,24,M,B+,Kalapatti,11.080008,77.054373,2025-06-05,5,10,9,5.0,weekends,1,active
D05617,Prakash Kumar,27,M,B+,Vadavalli,11.051018,76.913857,2024-06-03,7,12,12,17.4,weekends,1,active
D05618,Roja Gowda,18,M,O-,RS Puram,10.984087,76.926995,2025-09-21,3,6,4,22.6,emergency_only,1,active
D05619,Sathish Raj,26,F,O+,Gandhipuram,11.045042,76.983228,2025-04-06,2,4,2,69.8,weekdays,0,active
D05620,Anitha Balan,38,F,B+,Ukkadam,11.006648,76.942007,2025-07-18,2,5,5,51.4,emergency_only,1,active
D05621,Karthik Sharma,27,M,O+,Singanallur,10.97457,77.042456,2025-12-10,4,9,4,50.0,weekdays,0,active
D05622,Revathi Reddy,26,M,A+,Singanallur,10.986086,77.013898,2026-02-14,4,6,3,46.8,anytime,1,active
D05623,Nithya Pillai,26,M,A+,Ukkadam,10.972675,76.94622,2025-10-25,2,7,1,41.8,weekdays,0,active
D05624,Ramesh Subramani,36,M,O+,Coimbatore Central,10.993453,76.97687,2025-06-01,2,6,4,59.5,weekdays,0,active
D05625,Arun Nair,18,F,A-,Gandhipuram,11.003716,76.950216,2025-02-27,2,7,6,42.7,weekdays,0,active
D05626,Prakash Krishnan,35,F,AB+,Coimbatore Central,10.972298,76.96564,2024-05-26,3,7,3,29.3,weekdays,0,active
D05627,Dinesh Iyer,23,M,AB+,Vadavalli,11.018958,76.895485,2025-07-01,3,8,4,86.0,anytime,1,active
D05628,Anitha Gowda,34,F,A+,Ukkadam,10.974392,76.931202,2024-07-04,2,6,3,37.6,emergency_only,1,active
D05629,Ganesh Subramani,31,F,A+,Gandhipuram,11.018055,76.95463,2024-08-28,4,7,1,48.8,emergency_only,0,inactive
D05630,Karthik Reddy,24,M,O+,Podanur,10.952493,76.994429,2024-05-12,8,9,8,37.6,anytime,0,active
D05631,Ramesh Subramani,37,M,O+,Coimbatore Central,11.011246,76.940088,2024-09-15,6,7,5,49.2,emergency_only,0,active
D05632,Sathish Krishnan,33,F,A+,RS Puram,10.982002,76.954375,2024-12-25,3,8,2,60.6,anytime,1,active
D05633,Ganesh Rajan,38,F,O-,Peelamedu,11.000134,77.046527,2025-01-27,2,3,2,43.6,anytime,0,active
D05634,Kavya Chandran,18,F,A+,Singanallur,10.988379,77.030264,2025-07-21,10,11,7,57.0,emergency_only,0,active
D05635,Sandhya Nair,40,M,O+,Singanallur,10.99247,77.017127,2025-02-18,3,4,0,46.2,anytime,0,active
D05636,Arjun Rajan,43,F,A+,Gandhipuram,10.989578,76.954363,2026-07-15,4,8,1,64.6,weekdays,0,active
D05637,Vikram Raj,29,M,O+,RS Puram,10.978354,76.922303,2024-04-19,5,8,4,55.1,weekends,0,inactive
D05638,Kavya Balan,35,M,O+,Saibaba Colony,11.031164,76.96321,2026-01-08,7,11,4,23.8,weekdays,1,active
D05639,Meena Raj,27,F,O+,Peelamedu,11.014673,77.010028,2024-09-22,4,4,3,15.1,weekdays,1,active
D05640,Deepa Gowda,49,F,A+,RS Puram,11.004247,76.969658,2024-07-20,2,7,1,47.6,anytime,1,active
D05641,Geetha Chandran,19,M,A+,Saibaba Colony,10.991223,76.974743,2024-12-08,6,7,2,70.9,weekends,1,active
D05642,Ganesh Subramani,18,F,B+,Ukkadam,10.988911,76.977804,2024-10-21,2,2,0,42.7,anytime,0,active
D05643,Ganesh Chandran,37,M,O+,Peelamedu,11.033718,77.042864,2024-07-23,2,6,4,64.5,anytime,0,active
D05644,Arun Iyer,37,M,B+,Vadavalli,10.997628,76.896901,2024-09-21,4,4,3,32.7,anytime,0,active
D05645,Revathi Sharma,33,M,O+,Saibaba Colony,10.994708,76.950529,2025-07-03,4,9,0,52.8,emergency_only,1,active
D05646,Arun Gowda,30,M,A+,Kalapatti,11.056836,77.024014,2026-04-05,9,13,11,55.9,emergency_only,0,suspended
D05647,Anitha Moorthy,18,M,B-,Coimbatore Central,10.991728,76.982454,2026-06-12,3,8,1,67.6,anytime,1,active
D05648,Prakash Chandran,27,M,O+,Vadavalli,11.038861,76.911574,2025-04-08,2,2,2,42.7,anytime,1,active
D05649,Meena Gowda,27,M,A-,Saibaba Colony,11.014026,76.972627,2025-05-04,6,9,3,32.4,anytime,1,active
D05650,Meena Krishnan,42,M,A+,Gandhipuram,11.037785,76.995725,2025-03-28,4,7,6,27.2,weekends,0,active
D05651,Arun Sharma,22,M,O+,Coimbatore Central,10.996379,76.939363,2025-03-18,5,10,5,46.5,anytime,1,active
D05652,Arun Krishnan,30,M,O+,Gandhipuram,11.007681,76.963428,2026-08-20,4,9,7,45.1,emergency_only,1,active
D05653,Revathi Chandran,26,F,A+,Saibaba Colony,11.047349,76.926449,2024-08-18,1,3,3,38.9,anytime,1,active
D05654,Meena Sharma,44,F,AB+,Singanallur,11.016687,76.999119,2025-11-08,3,3,0,50.2,emergency_only,1,active
D05655,Senthil Chandran,41,M,O+,Coimbatore Central,11.028916,76.980871,2024-09-03,1,3,2,27.5,weekends,1,active
D05656,Roja Sharma,28,M,O+,Ukkadam,10.959824,76.954427,2026-02-25,1,6,3,21.8,weekdays,1,active
D05657,Dinesh Pillai,25,M,B-,Podanur,10.944907,76.944241,2025-05-16,5,5,0,48.5,weekends,1,active
D05658,Sathish Kumar,43,F,O-,Ukkadam,10.971645,76.983302,2025-12-04,4,7,4,26.8,weekends,0,active
D05659,Suresh Sharma,24,M,O+,Vadavalli,11.023759,76.897401,2024-10-25,8,11,8,27.8,emergency_only,0,active
D05660,Anitha Sharma,29,M,A+,Podanur,10.962026,76.992631,2024-10-29,3,7,2,55.6,weekends,1,active
D05661,Anitha Subramani,34,F,A+,Singanallur,11.01565,77.007489,2024-06-14,5,8,8,27.7,anytime,1,active
D05662,Sandhya Moorthy,46,M,A+,Kalapatti,11.061849,77.055649,2025-01-16,4,5,0,41.3,weekdays,1,active
D05663,Priya Pillai,27,Other,A+,Kalapatti,11.090043,77.053037,2025-12-12,4,4,3,5.0,emergency_only,0,active
D05664,Suresh Rajan,35,F,O+,Singanallur,11.027027,77.008347,2026-05-26,1,3,1,61.2,weekends,0,inactive
D05665,Ganesh Sharma,36,F,B+,Podanur,10.956295,76.941364,2024-12-09,7,7,0,49.2,weekdays,0,active
D05666,Dinesh Iyer,42,F,A+,Singanallur,11.021926,77.052194,2026-05-31,2,7,5,63.0,weekends,0,active
D05667,Bhavani Reddy,35,F,O-,Vadavalli,11.034176,76.929107,2026-07-11,2,2,2,73.2,weekdays,1,active
D05668,Suresh Raj,48,F,O+,Kalapatti,11.097375,77.042957,2025-03-06,1,5,5,29.6,emergency_only,1,active
D05669,Pooja Subramani,30,M,B+,Peelamedu,11.03393,77.041695,2025-01-22,5,6,0,52.8,weekdays,0,active
D05670,Roja Nair,43,M,O+,Gandhipuram,10.995131,76.945675,2026-05-24,5,7,3,66.0,anytime,0,active
D05671,Muthu Gowda,29,F,A-,Ukkadam,10.969724,76.981793,2026-06-14,1,1,0,58.5,weekends,0,active
D05672,Muthu Pillai,49,M,O-,Ukkadam,10.997852,76.959716,,0,0,0,47.5,weekdays,1,active
D05673,Arun Balan,40,M,O+,Gandhipuram,11.03335,76.981553,2025-11-26,5,10,6,70.4,emergency_only,1,active
D05674,Deepa Krishnan,18,F,O+,Podanur,10.929957,76.969382,2026-06-05,5,7,1,45.7,anytime,0,active
D05675,Naveen Iyer,53,F,O+,RS Puram,10.987809,76.928397,2025-12-16,3,5,1,49.4,weekdays,1,active
D05676,Priya Sharma,28,F,B+,RS Puram,10.991751,76.938937,2025-05-20,5,10,5,68.5,anytime,0,active
D05677,Priya Menon,23,M,O-,Vadavalli,11.004709,76.919397,2024-09-17,7,12,3,5.0,weekdays,0,suspended
D05678,Nithya Krishnan,18,M,O-,Peelamedu,11.013929,77.000934,2024-09-04,3,4,2,55.2,anytime,1,active
D05679,Revathi Gowda,47,M,O+,RS Puram,10.996118,76.968593,2024-05-19,6,11,2,46.7,weekends,0,active
D05680,Sathish Sharma,43,M,O+,Podanur,10.976893,76.973053,2025-06-04,4,8,7,48.5,weekends,0,inactive
D05681,Vijay Chandran,21,F,O-,Ukkadam,10.985837,76.944076,2025-05-25,5,9,6,48.6,weekends,0,active
D05682,Prakash Sharma,42,M,O+,RS Puram,10.97634,76.945212,2026-05-16,7,10,7,58.3,weekends,1,active
D05683,Arjun Iyer,33,F,O+,Coimbatore Central,11.013706,76.968652,2026-05-13,8,12,9,24.7,weekdays,1,inactive
D05684,Suresh Krishnan,25,M,O-,Vadavalli,11.052133,76.9303,2026-06-17,3,7,4,64.6,weekdays,0,suspended
D05685,Suresh Sharma,26,F,A+,Saibaba Colony,10.989482,76.91636,2025-05-23,5,9,8,30.6,weekends,1,active
D05686,Divya Subramani,34,F,A-,Saibaba Colony,11.018512,76.941631,2025-06-03,4,7,6,28.2,anytime,0,active
D05687,Naveen Nair,33,M,A+,Coimbatore Central,10.989349,76.957128,2024-08-17,5,9,4,56.6,weekdays,1,active
D05688,Ganesh Chandran,36,F,AB+,Ukkadam,11.007482,76.940189,2024-09-23,4,6,3,57.2,weekdays,0,active
D05689,Arun Moorthy,20,F,O+,Peelamedu,11.029719,77.028959,2026-06-18,4,8,8,63.4,anytime,0,active
D05690,Sandhya Nair,35,M,B-,Coimbatore Central,10.995862,76.970813,2024-09-01,4,4,3,48.0,weekends,0,active
D05691,Swathi Menon,41,F,O+,Vadavalli,11.025056,76.903318,2026-03-04,2,7,4,55.0,anytime,0,active
D05692,Ganesh Krishnan,38,F,O+,Podanur,10.931032,76.984331,2025-08-05,4,7,3,28.6,anytime,1,active
D05693,Dinesh Sharma,34,F,O-,RS Puram,10.987661,76.975972,2026-07-14,5,6,2,38.8,weekdays,1,active
D05694,Anitha Moorthy,18,F,A-,Coimbatore Central,10.976166,76.942371,2024-12-12,2,6,3,37.9,emergency_only,0,active
D05695,Arun Balan,37,M,O+,Singanallur,10.990204,77.020446,2024-09-12,1,4,3,61.0,anytime,1,active
D05696,Naveen Kumar,40,F,O+,Kalapatti,11.065599,77.057066,2025-06-14,6,7,5,60.5,anytime,1,active
D05697,Karthik Subramani,25,M,B+,Vadavalli,11.035126,76.925613,2025-01-25,7,7,1,64.0,anytime,1,active
D05698,Prakash Nair,33,M,O+,Ukkadam,10.995055,76.953738,2024-05-20,4,4,2,39.2,weekends,0,active
D05699,Nithya Sharma,49,M,A+,Kalapatti,11.041461,77.051665,2024-11-05,5,7,2,63.9,anytime,0,active
D05700,Sandhya Pillai,25,F,O+,Saibaba Colony,11.036917,76.973122,2025-04-09,1,5,2,51.6,weekdays,1,active
D05701,Priya Sharma,20,M,O+,Kalapatti,11.040001,77.054807,2026-07-22,6,6,4,20.3,anytime,1,active
D05702,Vikram Kumar,36,F,O-,RS Puram,10.990695,76.971381,2025-07-22,4,8,4,30.3,anytime,0,active
D05703,Roja Kumar,32,F,O+,Saibaba Colony,11.002809,76.976013,2025-08-10,1,4,3,43.5,anytime,1,active
D05704,Swathi Iyer,21,F,O+,Kalapatti,11.096897,77.04325,2024-11-25,3,6,4,24.0,anytime,1,inactive
D05705,Sathish Subramani,34,M,O+,Podanur,10.966024,76.982204,2025-05-24,3,7,7,58.5,weekdays,1,active
D05706,Vikram Chandran,40,M,O+,Podanur,10.979378,76.99557,2024-11-28,3,7,3,20.8,weekdays,1,active
D05707,Kavya Iyer,44,M,A-,Podanur,10.932229,76.956381,2026-02-14,1,6,0,37.6,weekends,0,active
D05708,Bhavani Pillai,18,F,O+,Kalapatti,11.041241,77.01347,2025-06-24,5,5,0,56.0,anytime,1,active
D05709,Priya Subramani,31,M,O+,Singanallur,11.027312,77.026805,2024-07-15,5,8,7,21.3,weekdays,0,active
D05710,Suresh Rajan,27,F,A+,RS Puram,11.030312,76.979163,2025-12-27,2,7,4,54.5,weekdays,1,active
D05711,Revathi Nair,47,F,O+,Vadavalli,11.008882,76.895548,2026-02-23,1,5,3,50.8,weekdays,1,suspended
D05712,Senthil Gowda,34,M,A+,Saibaba Colony,11.001775,76.973231,2024-09-05,3,5,0,5.0,anytime,0,active
D05713,Priya Krishnan,35,M,A+,Coimbatore Central,11.011063,76.935632,2024-09-14,2,6,3,56.5,anytime,1,active
D05714,Arjun Kumar,39,M,B-,Coimbatore Central,10.983726,76.981892,2026-01-24,3,7,2,52.4,emergency_only,1,active
D05715,Arjun Reddy,19,M,O+,Ukkadam,11.010753,76.959587,2025-03-04,3,5,2,57.5,anytime,1,active
D05716,Prakash Gowda,32,M,AB+,Coimbatore Central,11.008106,76.947374,2024-11-04,5,10,9,52.0,anytime,1,active
D05717,Anitha Raj,42,M,AB+,Ukkadam,11.016902,76.941425,2025-01-06,3,3,2,69.5,anytime,0,active
D05718,Ganesh Moorthy,35,F,A-,Gandhipuram,11.003421,76.991931,2025-03-28,1,4,0,35.6,anytime,0,active
D05719,Bhavani Iyer,26,F,O+,Singanallur,10.982157,77.056886,2026-08-25,2,2,0,65.0,weekends,0,active
D05720,Arun Sharma,34,M,A+,Vadavalli,11.000969,76.937375,2025-10-22,1,3,1,78.1,anytime,0,active
D05721,Vikram Subramani,29,M,B+,Saibaba Colony,11.028186,76.92337,2026-09-17,4,4,4,16.5,weekends,0,inactive
D05722,Swathi Reddy,25,F,AB-,RS Puram,10.995194,76.967668,2026-05-28,3,3,1,54.1,weekdays,1,active
D05723,Lakshmi Menon,42,F,O+,Singanallur,11.017922,77.025789,2026-04-03,3,8,3,57.1,weekdays,1,active
D05724,Arun Iyer,42,F,A+,Singanallur,10.978188,77.024494,,0,0,0,54.5,weekends,0,inactive
D05725,Kavya Iyer,35,M,A+,Vadavalli,11.045201,76.935186,2024-09-14,3,8,4,27.7,weekdays,0,active
D05726,Sathish Sharma,18,F,A+,Coimbatore Central,10.991566,76.929866,2024-08-27,4,8,8,39.1,anytime,0,active
D05727,Karthik Iyer,18,M,A+,Gandhipuram,11.02265,76.972225,,0,3,3,58.0,anytime,0,active
D05728,Revathi Krishnan,36,F,O-,Podanur,10.925071,76.971717,2024-07-14,7,9,6,22.4,weekdays,1,active
D05729,Divya Subramani,36,F,A+,Singanallur,10.986932,77.021395,2026-05-07,5,6,1,71.8,weekends,0,active
D05730,Prakash Chandran,31,F,A-,Singanallur,11.012809,77.00547,2025-07-28,3,8,0,58.0,anytime,1,active
D05731,Bhavani Kumar,18,F,A+,Vadavalli,11.030974,76.888327,2026-03-28,4,6,0,91.7,weekdays,0,active
D05732,Arun Gowda,31,M,O+,Gandhipuram,10.990233,76.978795,2025-04-24,2,4,1,78.5,anytime,1,active
D05733,Kavya Reddy,43,F,O-,Kalapatti,11.071651,77.038083,2024-10-18,6,6,2,81.5,emergency_only,1,active
D05734,Roja Chandran,29,M,B+,Coimbatore Central,10.997282,76.984742,2026-08-14,3,4,0,64.1,weekends,1,inactive
D05735,Naveen Kumar,30,F,O-,Kalapatti,11.082185,77.066937,2026-03-04,2,3,3,9.6,weekdays,1,active
D05736,Geetha Gowda,36,M,O-,Kalapatti,11.039709,77.035202,2025-07-25,7,7,0,46.9,weekends,1,active
D05737,Ganesh Nair,44,M,O+,Gandhipuram,11.043885,76.984964,2026-09-07,1,1,0,65.9,anytime,0,active
D05738,Geetha Raj,38,M,O+,Vadavalli,11.016053,76.889367,2025-04-29,3,6,3,12.9,weekends,1,inactive
D05739,Prakash Subramani,19,F,A+,Coimbatore Central,11.012333,76.957339,2024-08-19,4,6,6,27.4,weekends,0,inactive
D05740,Kavya Krishnan,38,M,O+,Singanallur,11.004714,77.00228,2026-02-27,7,11,3,48.9,anytime,1,active
D05741,Meena Iyer,28,F,A+,Ukkadam,10.997331,76.957566,2025-05-13,7,12,7,15.8,anytime,0,active
D05742,Senthil Menon,21,F,O+,Gandhipuram,11.021597,76.958252,2024-09-01,6,10,4,34.7,weekdays,0,active
D05743,Priya Balan,47,F,A+,Ukkadam,10.982875,76.946783,2025-04-10,3,4,3,40.9,weekends,1,active
D05744,Muthu Sharma,39,M,O+,Gandhipuram,11.002194,76.9753,2024-12-13,3,3,2,39.4,anytime,0,active
D05745,Vijay Nair,31,F,O+,Gandhipuram,10.999926,76.968643,2024-09-24,4,5,4,55.5,weekdays,0,active
D05746,Vijay Subramani,53,F,AB+,Kalapatti,11.048693,77.0595,2025-08-08,4,7,7,23.5,anytime,0,active
D05747,Pooja Krishnan,24,M,B+,Ukkadam,11.008779,76.940496,2025-01-06,4,8,5,27.3,anytime,1,active
D05748,Nithya Balan,44,M,A+,Coimbatore Central,11.028661,76.970371,2026-04-14,2,7,5,21.7,anytime,0,active
D05749,Vijay Chandran,27,M,O+,Singanallur,11.015008,77.032231,2025-06-16,3,7,4,25.5,emergency_only,1,active
D05750,Geetha Chandran,42,M,O+,Coimbatore Central,10.990188,76.946602,2026-09-09,3,5,3,48.0,weekdays,1,active
D05751,Prakash Raj,33,F,A+,Kalapatti,11.091888,77.02528,2026-01-19,5,9,6,63.2,weekdays,1,active
D05752,Geetha Chandran,47,M,O+,Peelamedu,11.048036,77.022433,2024-06-12,6,7,1,59.8,weekends,0,active
D05753,Muthu Menon,23,F,A+,RS Puram,11.001717,76.96811,2026-01-21,6,8,5,48.5,weekdays,0,active
D05754,Muthu Nair,37,F,AB+,Kalapatti,11.045927,77.045763,2025-03-16,2,3,3,7.4,weekends,1,active
D05755,Roja Gowda,43,F,B+,Peelamedu,11.001917,77.000061,2025-07-27,4,8,5,63.9,weekdays,0,active
D05756,Sandhya Menon,43,M,A+,Gandhipuram,11.002218,76.941142,2026-08-19,2,2,1,54.1,weekends,1,active
D05757,Nithya Subramani,29,F,O+,RS Puram,11.020558,76.955624,2024-06-23,2,7,0,71.2,weekends,1,active
D05758,Karthik Chandran,57,M,A+,Saibaba Colony,11.030792,76.960028,2025-05-27,6,9,1,17.7,anytime,1,active
D05759,Lakshmi Krishnan,34,M,A+,Singanallur,10.99704,77.043574,2025-01-27,6,11,1,49.8,weekdays,1,active
D05760,Arjun Nair,32,F,O+,Kalapatti,11.067844,77.01644,2024-05-03,7,8,0,11.3,anytime,0,active
D05761,Arun Raj,31,M,A+,Podanur,10.964306,76.964814,2024-07-14,4,5,3,5.0,anytime,1,active
D05762,Dinesh Pillai,27,M,O-,Vadavalli,11.021631,76.917947,2025-04-28,5,7,5,50.7,anytime,0,active
D05763,Nithya Pillai,34,M,O+,Singanallur,11.0144,77.052115,2025-07-26,6,7,4,31.3,weekends,1,active
D05764,Revathi Reddy,30,F,B+,Kalapatti,11.049278,77.020219,2026-02-10,5,7,3,25.7,anytime,1,active
D05765,Swathi Moorthy,40,M,B+,Singanallur,10.971193,77.04183,2024-08-03,1,6,2,52.4,weekends,0,active
D05766,Ganesh Gowda,43,F,A+,RS Puram,11.010794,76.963448,2024-07-26,4,6,1,31.6,anytime,0,active
D05767,Suresh Rajan,34,M,O+,Gandhipuram,11.004658,76.992692,2026-05-02,6,8,6,19.7,emergency_only,1,active
D05768,Kavya Iyer,27,M,A-,Gandhipuram,11.045693,76.963808,2025-10-18,6,7,5,29.9,anytime,0,inactive
D05769,Pooja Menon,25,M,O+,Gandhipuram,11.027868,76.947827,2025-10-02,5,9,4,72.4,weekdays,1,suspended
D05770,Roja Menon,41,M,O+,Podanur,10.950874,76.993839,2024-10-03,1,2,0,57.0,anytime,0,active
D05771,Senthil Kumar,45,F,O+,Gandhipuram,11.043286,76.995479,2024-12-16,2,4,2,56.6,anytime,1,active
D05772,Geetha Subramani,30,M,O+,Singanallur,11.025867,77.019281,2026-04-02,8,12,6,14.0,weekdays,0,active
D05773,Ganesh Iyer,22,M,A-,RS Puram,11.022579,76.938832,2024-09-09,1,4,1,43.4,anytime,0,active
D05774,Nithya Menon,25,M,A+,Singanallur,10.998137,77.048866,2024-05-04,2,4,0,45.6,weekends,1,active
D05775,Nithya Rajan,19,M,O+,Ukkadam,10.983545,76.972939,2024-08-12,3,7,5,41.3,weekdays,0,active
D05776,Geetha Menon,34,F,A-,Ukkadam,11.014586,76.930595,2024-12-09,2,6,3,42.5,emergency_only,1,active
D05777,Geetha Reddy,31,M,O+,Podanur,10.951352,76.979181,2025-05-30,4,4,4,55.0,anytime,1,suspended
D05778,Arun Chandran,20,M,O+,Vadavalli,11.03429,76.898014,2025-09-22,6,11,11,43.8,weekends,0,active
D05779,Senthil Nair,20,F,O-,Coimbatore Central,11.00736,76.936392,2024-06-17,3,8,3,61.1,weekdays,1,active
D05780,Deepa Chandran,25,M,O+,Peelamedu,11.024261,77.011779,2025-05-22,2,6,3,28.9,weekends,0,active
D05781,Revathi Chandran,34,M,O+,RS Puram,10.976707,76.951525,2025-04-19,3,3,0,35.9,weekdays,1,inactive
D05782,Naveen Rajan,42,F,O-,Coimbatore Central,11.01729,76.943004,2024-05-27,5,10,3,45.5,emergency_only,1,active
D05783,Manoj Iyer,41,F,A+,Saibaba Colony,11.021498,76.920344,2026-04-21,1,4,1,34.6,weekends,1,active
D05784,Senthil Krishnan,28,M,A+,Kalapatti,11.076813,77.013517,2026-07-06,2,4,1,67.6,anytime,1,active
D05785,Prakash Sharma,26,F,O+,Kalapatti,11.05498,77.062775,2026-05-21,2,5,2,56.9,weekdays,0,active
D05786,Dinesh Raj,31,F,O-,Gandhipuram,11.015369,76.988419,2025-11-02,6,10,6,40.8,emergency_only,1,active
D05787,Ramesh Sharma,18,M,O-,Gandhipuram,11.041745,76.938992,2025-08-05,7,12,6,53.3,weekdays,0,active
D05788,Kavya Pillai,30,M,O+,Peelamedu,11.058344,77.001886,2024-10-02,4,7,1,31.2,emergency_only,1,active
D05789,Swathi Krishnan,25,F,O+,Podanur,10.941062,76.979159,2024-12-03,1,2,2,39.7,weekends,1,active
D05790,Swathi Moorthy,46,F,O+,Kalapatti,11.04787,77.057879,2025-05-11,3,5,1,88.8,weekdays,0,active
D05791,Vijay Balan,32,M,O+,Peelamedu,11.050152,77.026911,2024-10-07,3,5,3,51.3,weekends,0,active
D05792,Swathi Subramani,25,F,B+,Ukkadam,11.016665,76.982313,2026-03-31,3,6,2,34.6,anytime,0,suspended
D05793,Pooja Subramani,18,M,A+,Singanallur,10.99739,77.049525,2026-08-27,6,9,6,5.0,anytime,1,active
D05794,Karthik Reddy,39,M,A-,Podanur,10.949661,76.98866,2024-09-12,3,8,5,74.1,anytime,1,active
D05795,Sandhya Gowda,32,M,O+,Coimbatore Central,10.987563,76.972191,2025-06-12,6,10,0,5.0,weekends,1,active
D05796,Lakshmi Pillai,45,F,B+,Saibaba Colony,11.035089,76.942807,2025-04-15,3,8,6,22.7,weekdays,1,active
D05797,Kavya Chandran,27,F,A-,Singanallur,10.991023,77.027315,2024-06-22,6,7,5,17.7,emergency_only,1,active
D05798,Meena Iyer,40,M,A+,RS Puram,10.985481,76.929682,2025-01-05,2,7,3,41.6,weekends,0,active
D05799,Pooja Rajan,29,M,B-,Kalapatti,11.063825,77.026381,2024-10-26,2,5,1,53.5,anytime,1,active
D05800,Manoj Gowda,38,M,O+,Ukkadam,10.998858,76.94902,2026-08-24,6,10,6,44.6,weekends,1,inactive
D05801,Nithya Iyer,36,F,B+,RS Puram,11.03478,76.950414,2024-04-25,4,8,1,52.1,anytime,1,active
D05802,Senthil Rajan,24,M,A+,Singanallur,10.995758,77.010395,2026-06-03,4,8,6,15.3,anytime,1,inactive
D05803,Suresh Chandran,36,M,A+,Saibaba Colony,11.028066,76.956811,2024-08-18,2,3,1,45.1,emergency_only,1,active
D05804,Geetha Chandran,25,F,O+,Kalapatti,11.038139,77.027811,2025-09-05,2,7,1,40.5,weekends,0,active
D05805,Muthu Iyer,31,F,O+,Podanur,10.975715,76.947308,2025-12-01,7,9,6,35.0,anytime,1,active
D05806,Senthil Menon,23,F,O+,Podanur,10.981894,76.984348,2026-07-25,4,4,0,56.6,weekdays,1,active
D05807,Ramesh Raj,31,M,O-,Vadavalli,11.002927,76.942357,2024-11-02,3,8,2,67.2,anytime,1,active
D05808,Bhavani Chandran,25,F,A+,Vadavalli,11.031127,76.924217,2025-02-24,5,7,3,35.5,weekends,1,active
D05809,Swathi Nair,29,F,O-,Singanallur,10.993565,77.030008,2026-08-09,13,18,7,74.8,weekends,0,active
D05810,Prakash Raj,29,Other,O-,Singanallur,10.993189,77.032921,2024-11-30,5,9,7,43.0,anytime,1,active
D05811,Meena Pillai,36,F,A+,Singanallur,10.985891,77.000284,2024-08-27,6,10,2,36.0,weekends,0,inactive
D05812,Swathi Subramani,29,F,A+,Podanur,10.934006,76.964891,2024-12-15,3,4,2,42.2,weekdays,1,active
D05813,Arun Subramani,33,M,A+,Kalapatti,11.090301,77.022613,2026-03-12,7,8,3,35.2,anytime,1,active
D05814,Manoj Gowda,36,M,B+,Podanur,10.969575,76.980523,2025-07-03,4,5,0,58.9,weekdays,0,inactive
D05815,Sandhya Rajan,31,M,B+,Singanallur,11.009878,77.028332,2026-02-17,2,5,0,70.6,emergency_only,1,active
D05816,Sathish Kumar,31,M,A-,Gandhipuram,10.993796,76.948227,2024-07-09,5,5,0,55.0,weekends,0,active
D05817,Revathi Rajan,25,F,A-,Ukkadam,10.999288,76.938978,2024-05-12,6,7,5,54.5,weekends,1,active
D05818,Bhavani Balan,31,F,A+,Peelamedu,11.012573,77.045691,2024-11-27,2,2,0,61.8,emergency_only,0,active
D05819,Naveen Gowda,30,M,O+,RS Puram,11.016177,76.966545,2024-08-01,5,8,4,7.0,anytime,0,active
D05820,Suresh Menon,33,F,O+,Singanallur,10.988925,77.058345,2026-07-10,6,9,3,58.8,anytime,1,active
D05821,Manoj Raj,28,M,O+,Kalapatti,11.054877,77.055192,2024-07-04,4,5,2,55.1,anytime,1,active
D05822,Bhavani Kumar,32,F,AB-,Podanur,10.979663,76.95158,2025-04-19,7,12,7,5.0,anytime,1,active
D05823,Deepa Menon,19,Other,A+,Ukkadam,10.981921,76.962213,2025-05-05,5,10,7,18.2,anytime,1,active
D05824,Karthik Pillai,32,F,A+,Ukkadam,10.980996,76.936731,2025-02-28,3,5,0,21.8,weekends,1,active
D05825,Manoj Iyer,44,F,B+,Coimbatore Central,11.01745,76.967084,2024-07-20,5,7,3,74.5,weekends,1,active
D05826,Arun Iyer,32,F,B-,Peelamedu,11.035615,77.046459,2026-07-28,3,6,2,36.8,emergency_only,0,active
D05827,Ganesh Gowda,27,M,A+,Coimbatore Central,10.99561,76.973363,2025-06-05,3,8,3,63.1,weekends,1,active
D05828,Suresh Sharma,26,F,O+,Peelamedu,11.037721,77.054393,2025-07-10,7,11,4,73.5,anytime,1,active
D05829,Vikram Rajan,18,M,O-,RS Puram,11.026433,76.963185,2026-05-04,3,8,7,70.9,weekends,1,active
D05830,Bhavani Chandran,25,F,O+,Peelamedu,11.010233,77.002057,2025-09-07,2,5,5,60.2,emergency_only,1,active
D05831,Lakshmi Subramani,23,F,B+,Kalapatti,11.04732,77.036113,2025-01-11,4,4,4,11.2,anytime,1,active
D05832,Divya Menon,29,M,A+,Singanallur,11.004519,77.006344,2025-04-13,1,5,4,63.6,weekends,1,active
D05833,Pooja Sharma,40,M,A+,Peelamedu,11.052052,77.017366,2026-06-20,4,4,1,51.9,weekdays,1,active
D05834,Divya Nair,28,F,A+,Peelamedu,11.012836,77.051125,2025-06-07,2,7,6,29.7,weekends,1,active
D05835,Bhavani Gowda,39,F,O+,Coimbatore Central,11.003373,76.97213,2025-05-05,7,8,3,27.3,anytime,1,active
D05836,Manoj Gowda,23,M,A-,Singanallur,10.975464,77.045468,2026-04-13,3,7,4,21.4,weekends,1,inactive
D05837,Manoj Iyer,39,M,O+,Gandhipuram,11.00769,76.99702,2024-04-17,3,5,1,46.8,anytime,0,inactive
D05838,Bhavani Subramani,60,M,O+,Podanur,10.937463,76.9954,2026-05-22,7,8,0,34.1,weekdays,0,active
D05839,Arjun Subramani,22,M,A+,RS Puram,10.991275,76.979476,2025-06-16,4,5,3,59.8,anytime,1,active
D05840,Arun Iyer,35,M,AB+,Singanallur,11.008248,77.04174,2024-06-12,3,3,3,53.2,anytime,1,active
D05841,Divya Pillai,38,M,B-,Gandhipuram,11.020683,76.99728,2025-06-26,4,5,3,32.2,weekends,1,active
D05842,Naveen Reddy,29,F,O+,Ukkadam,10.981098,76.966032,2024-12-19,5,6,1,59.1,weekdays,1,active
D05843,Nithya Menon,23,M,A-,Kalapatti,11.039406,77.051104,2026-05-20,5,9,5,5.0,emergency_only,0,inactive
D05844,Meena Pillai,36,M,A-,Gandhipuram,11.02369,76.98898,2025-10-07,3,5,1,82.0,anytime,1,active
D05845,Sandhya Menon,28,M,O+,Ukkadam,11.010886,76.941757,2026-06-10,1,4,0,51.2,emergency_only,0,inactive
D05846,Ganesh Chandran,31,F,AB+,RS Puram,11.004666,76.952675,2024-08-28,6,10,1,34.9,anytime,1,active
D05847,Roja Moorthy,34,F,A-,Singanallur,10.98763,77.047963,2026-02-15,2,6,4,68.6,weekdays,1,active
D05848,Geetha Reddy,18,F,O+,Gandhipuram,10.995151,76.972886,2024-10-22,1,1,1,30.9,weekdays,0,active
D05849,Senthil Gowda,28,M,O-,Coimbatore Central,11.003911,76.931089,2025-04-30,3,3,1,50.0,weekdays,1,active
D05850,Sathish Sharma,30,F,A+,Kalapatti,11.051465,77.041854,2025-05-27,6,11,10,32.0,anytime,1,active
D05851,Lakshmi Pillai,28,F,AB+,Ukkadam,10.988307,76.971844,2025-02-12,6,11,7,60.6,emergency_only,1,inactive
D05852,Divya Rajan,18,F,O+,Gandhipuram,11.039283,76.976978,2025-03-07,4,5,1,71.5,anytime,1,active
D05853,Sathish Pillai,28,M,B+,Vadavalli,11.005126,76.937141,2024-07-28,3,6,2,48.8,anytime,0,active
D05854,Geetha Chandran,28,M,O+,Peelamedu,11.038062,77.012296,2024-11-13,2,5,4,62.9,emergency_only,1,active
D05855,Suresh Sharma,22,M,B+,Ukkadam,10.982291,76.931612,2025-07-30,4,9,0,57.3,weekends,0,inactive
D05856,Arun Reddy,33,M,A-,Kalapatti,11.076593,77.072664,2024-09-17,2,2,2,44.8,weekdays,0,active
D05857,Priya Moorthy,25,F,B+,Vadavalli,10.999268,76.930119,2025-06-30,5,6,1,11.7,weekdays,1,active
D05858,Deepa Raj,22,M,O+,Coimbatore Central,10.972652,76.946406,2026-04-15,1,4,4,34.8,weekends,1,suspended
D05859,Karthik Chandran,36,F,O+,Gandhipuram,10.999334,76.980553,2025-11-04,1,6,1,62.5,weekends,1,active
D05860,Ramesh Krishnan,32,M,A+,Ukkadam,11.007709,76.976899,2025-10-16,5,8,2,75.2,anytime,0,active
D05861,Senthil Nair,38,F,O-,Gandhipuram,11.016197,76.990689,2025-09-26,5,9,4,78.9,emergency_only,1,active
D05862,Sandhya Rajan,49,M,A+,Podanur,10.923026,76.975215,2025-08-14,4,8,4,33.2,weekdays,1,active
D05863,Pooja Chandran,29,M,O+,Ukkadam,11.005693,76.937033,2026-07-26,5,8,4,32.4,anytime,1,active
D05864,Pooja Krishnan,44,F,B-,Ukkadam,10.99631,76.936849,2024-06-07,2,5,0,22.8,emergency_only,0,active
D05865,Anitha Balan,20,M,B+,Podanur,10.92667,76.959405,2024-05-28,1,2,2,70.5,weekends,1,active
D05866,Nithya Nair,36,M,A+,Kalapatti,11.082217,77.04633,2026-02-14,3,4,4,5.0,anytime,1,active
D05867,Pooja Nair,18,M,O-,Saibaba Colony,11.042668,76.917263,2026-07-07,6,10,1,69.0,weekdays,0,active
D05868,Lakshmi Nair,38,F,O+,Podanur,10.93424,76.977459,2025-04-20,4,7,4,54.6,weekends,1,suspended
D05869,Bhavani Krishnan,31,M,O+,Vadavalli,11.000767,76.88548,2025-08-24,4,5,0,53.8,anytime,0,active
D05870,Revathi Reddy,34,M,A-,Vadavalli,11.024217,76.886188,2026-02-05,5,6,6,39.5,weekends,1,active
D05871,Meena Balan,29,F,O+,Saibaba Colony,10.998765,76.924837,2024-05-30,5,5,5,34.6,weekends,1,active
D05872,Geetha Kumar,18,F,O+,Gandhipuram,11.000205,76.961684,2024-12-17,3,5,3,45.6,weekdays,0,active
D05873,Divya Balan,35,F,O-,Vadavalli,11.009273,76.938349,2024-08-05,4,6,6,17.4,anytime,0,active
D05874,Vijay Gowda,37,M,O+,Podanur,10.952215,76.957222,2026-03-25,5,6,2,32.5,emergency_only,1,active
D05875,Geetha Rajan,31,M,O+,Singanallur,10.996638,77.017954,2025-06-17,2,4,2,5.3,anytime,0,inactive
D05876,Deepa Chandran,39,M,B+,Gandhipuram,11.026396,76.993381,2025-01-13,4,8,5,22.6,weekdays,0,active
D05877,Suresh Kumar,41,F,O-,Ukkadam,10.977442,76.973523,2026-03-19,6,6,1,80.1,weekends,1,active
D05878,Suresh Menon,23,M,O+,Saibaba Colony,11.012531,76.972906,2026-06-07,2,3,0,39.3,anytime,1,active
D05879,Arjun Kumar,38,F,O+,Ukkadam,10.995797,76.947453,2025-05-15,3,7,2,45.3,weekdays,1,active
D05880,Swathi Pillai,35,F,B+,Gandhipuram,11.045545,76.954501,2024-08-24,6,7,4,20.9,emergency_only,0,active
D05881,Kavya Chandran,43,F,O+,Coimbatore Central,10.998161,76.937923,2026-05-27,1,2,0,79.1,weekdays,1,active
D05882,Dinesh Rajan,34,F,A-,Gandhipuram,10.988543,76.939718,,0,1,0,35.6,emergency_only,1,active
D05883,Karthik Sharma,36,M,A-,Coimbatore Central,10.984412,76.928955,2025-09-13,5,8,8,33.6,weekdays,0,active
D05884,Muthu Sharma,36,F,O+,RS Puram,10.985114,76.974386,2024-12-29,3,4,1,82.1,weekends,0,inactive
D05885,Revathi Rajan,27,F,O-,Ukkadam,10.983243,76.967525,2025-01-08,9,13,2,95.0,weekends,1,active
D05886,Arun Nair,35,M,B-,RS Puram,11.014286,76.939,2026-02-20,2,4,2,32.0,weekdays,1,active
D05887,Anitha Menon,37,F,B+,Vadavalli,11.047705,76.921956,2026-06-08,3,5,4,17.5,emergency_only,0,active
D05888,Arun Menon,29,F,B+,Podanur,10.96423,76.996552,2025-09-19,4,8,8,47.4,anytime,0,inactive
D05889,Lakshmi Moorthy,28,F,O+,Singanallur,11.009311,77.002607,2025-07-22,3,4,1,67.7,anytime,0,active
D05890,Vikram Chandran,35,M,O+,Gandhipuram,11.016503,76.982695,2026-06-19,1,4,4,73.3,weekdays,0,active
D05891,Ganesh Sharma,45,Other,O+,RS Puram,11.032641,76.962487,2024-12-30,1,3,1,40.3,weekends,1,active
D05892,Dinesh Menon,23,M,B-,Gandhipuram,11.002265,76.970738,2026-01-08,6,10,6,51.2,weekdays,1,inactive
D05893,Prakash Nair,29,F,A+,Gandhipuram,11.009164,76.986637,2025-09-15,5,10,10,14.3,weekends,0,inactive
D05894,Vikram Chandran,22,M,O+,Ukkadam,10.968252,76.984826,2024-12-31,3,6,6,35.0,weekends,1,active
D05895,Deepa Subramani,27,M,O+,Saibaba Colony,11.023595,76.963418,2026-05-19,7,7,3,54.4,anytime,1,active
D05896,Muthu Balan,31,M,A-,Coimbatore Central,10.986117,76.984493,2025-05-18,1,3,2,28.3,weekdays,0,active
D05897,Karthik Raj,39,F,A+,Coimbatore Central,10.992161,76.983573,2024-11-28,3,3,3,46.2,anytime,0,active
D05898,Arun Rajan,32,M,B+,Podanur,10.955897,76.98163,2025-01-31,1,3,3,45.8,weekends,0,active
D05899,Bhavani Rajan,30,M,O+,Gandhipuram,11.010718,76.989504,2025-04-28,5,7,4,49.4,anytime,1,active
D05900,Dinesh Kumar,35,F,O+,Gandhipuram,11.036261,76.960914,2025-12-20,3,4,3,55.3,weekdays,0,active
D05901,Naveen Reddy,40,F,A+,Singanallur,11.029846,77.027589,2025-07-15,2,6,2,41.6,weekends,0,active
D05902,Roja Menon,23,F,O+,Ukkadam,11.01116,76.983316,2025-07-02,4,5,1,5.0,anytime,1,active
D05903,Muthu Gowda,33,M,A-,Podanur,10.962845,76.962228,2026-08-19,2,2,1,15.9,weekdays,0,active
D05904,Divya Rajan,36,M,O+,RS Puram,10.991276,76.93629,,0,0,0,54.2,weekdays,1,active
D05905,Manoj Raj,25,F,O+,Podanur,10.950139,76.951615,2024-12-30,6,11,7,42.8,weekdays,1,active
D05906,Muthu Raj,37,M,O-,Vadavalli,11.021882,76.886169,2024-12-19,4,5,3,64.5,anytime,1,active
D05907,Suresh Raj,23,M,O+,RS Puram,11.010064,76.933602,2026-03-22,4,8,4,45.6,weekdays,1,active
D05908,Bhavani Reddy,38,M,O+,Gandhipuram,11.046193,76.958976,2024-11-22,4,7,7,15.3,weekends,0,active
D05909,Meena Iyer,22,M,O-,Podanur,10.950874,76.949309,2026-05-19,1,5,1,27.1,anytime,1,active
D05910,Swathi Gowda,22,M,B+,Vadavalli,11.051567,76.91771,2024-06-12,2,4,2,62.0,anytime,1,active
D05911,Suresh Sharma,40,F,O+,RS Puram,10.992764,76.951776,2024-11-12,4,5,3,54.7,weekends,1,active
D05912,Sathish Balan,37,F,AB+,Ukkadam,11.012469,76.978114,,0,4,2,50.2,weekdays,0,active
D05913,Swathi Reddy,42,M,A+,Peelamedu,11.015866,77.054584,2025-10-02,3,4,3,25.9,weekends,1,active
D05914,Sandhya Nair,41,F,A-,RS Puram,11.005337,76.948957,2025-10-10,6,11,7,57.1,weekends,1,active
D05915,Anitha Subramani,19,M,O+,Singanallur,10.995937,77.055699,2025-01-23,2,3,3,36.3,anytime,0,active
D05916,Dinesh Nair,49,F,O+,Podanur,10.95086,76.982596,2026-03-01,3,7,3,30.6,anytime,1,active
D05917,Manoj Kumar,34,M,A+,Peelamedu,11.019717,77.0231,2025-04-17,2,3,1,31.5,emergency_only,1,inactive
D05918,Kavya Raj,45,M,O+,Vadavalli,11.026175,76.9318,2025-09-02,4,8,3,50.8,anytime,0,active
D05919,Sandhya Balan,27,F,O+,Peelamedu,11.003101,76.997936,2026-03-20,3,3,2,49.6,weekdays,0,inactive
D05920,Sandhya Balan,38,M,O+,Vadavalli,11.023062,76.89811,2026-08-31,3,6,3,7.6,anytime,1,active
D05921,Ramesh Kumar,27,F,O+,Peelamedu,11.046449,77.007203,2026-06-17,4,7,1,42.5,weekdays,1,active
D05922,Nithya Balan,41,F,A+,Vadavalli,11.020023,76.918415,2025-08-24,1,1,0,37.3,emergency_only,1,active
D05923,Sandhya Nair,39,M,B+,RS Puram,10.997583,76.956347,2025-03-09,8,13,6,46.3,weekdays,1,active
D05924,Bhavani Rajan,32,M,A+,Gandhipuram,11.00695,76.945056,2025-11-08,4,8,7,17.7,weekends,1,active
D05925,Arjun Nair,21,F,B+,Saibaba Colony,11.01647,76.965609,2026-07-11,6,7,2,67.0,weekends,1,active
D05926,Ramesh Gowda,25,F,B+,Ukkadam,10.992415,76.975539,2025-06-12,4,5,5,28.6,anytime,1,active
D05927,Deepa Gowda,33,M,A+,Kalapatti,11.038253,77.032493,2025-08-09,3,6,2,34.4,anytime,1,active
D05928,Sandhya Rajan,36,F,O+,Coimbatore Central,10.99847,76.943618,2025-04-16,1,5,2,57.3,weekends,1,active
D05929,Pooja Moorthy,18,M,O+,Peelamedu,11.036919,77.05436,2026-01-14,5,7,0,79.1,anytime,1,active
D05930,Arjun Subramani,38,F,A+,Gandhipuram,11.024128,76.937546,2024-04-28,4,6,4,48.0,weekends,1,active
D05931,Kavya Kumar,33,M,O+,Podanur,10.940087,76.952651,2026-04-29,6,10,9,26.1,weekdays,1,inactive
D05932,Suresh Pillai,27,F,A+,RS Puram,10.987192,76.966174,2025-02-03,3,7,4,50.6,anytime,1,active
D05933,Lakshmi Krishnan,37,F,O+,Singanallur,10.986725,77.032216,2026-01-03,3,5,0,41.2,anytime,0,active
D05934,Pooja Menon,28,M,A-,Peelamedu,11.00347,77.054648,2026-05-03,3,5,5,38.8,emergency_only,1,active
D05935,Pooja Sharma,36,M,A+,Podanur,10.938927,76.943828,2026-08-30,4,5,2,46.6,weekdays,0,inactive
D05936,Vijay Balan,18,M,O+,Peelamedu,11.020516,77.046018,2025-05-07,3,4,3,76.3,weekends,0,active
D05937,Sathish Gowda,29,F,O+,RS Puram,11.027223,76.928707,2026-01-30,5,10,1,70.7,weekdays,0,active
D05938,Anitha Gowda,34,M,A+,Vadavalli,11.002686,76.91475,2024-07-02,3,8,4,36.7,anytime,1,active
D05939,Pooja Balan,19,F,B+,RS Puram,10.996755,76.975091,2024-11-14,1,6,3,61.9,weekends,1,active
D05940,Pooja Reddy,29,F,O+,Vadavalli,11.034718,76.941918,2026-01-07,2,3,3,61.3,anytime,1,active
D05941,Suresh Gowda,33,M,A+,RS Puram,11.034754,76.951669,2026-04-24,4,9,3,27.2,anytime,1,active
D05942,Sandhya Nair,42,F,O+,Podanur,10.968483,76.942779,,0,4,1,29.7,weekends,0,active
D05943,Nithya Iyer,37,M,O+,Saibaba Colony,11.036426,76.944466,2025-06-14,2,7,6,59.2,anytime,1,active
D05944,Muthu Krishnan,32,F,A+,Vadavalli,11.040485,76.89382,2025-11-10,7,12,3,57.8,weekdays,1,active
D05945,Kavya Nair,30,Other,B+,Vadavalli,11.0373,76.886979,2025-04-13,5,9,7,78.7,weekdays,1,active
D05946,Nithya Nair,29,M,O+,Podanur,10.941622,76.960072,2025-12-03,7,11,6,19.6,anytime,1,active
D05947,Muthu Reddy,27,F,B-,Gandhipuram,10.989859,76.962096,2025-09-17,3,6,3,83.4,weekends,1,active
D05948,Deepa Pillai,30,M,O+,Vadavalli,11.043495,76.922667,2024-08-19,1,4,3,41.1,emergency_only,0,active
D05949,Dinesh Reddy,43,M,B+,Kalapatti,11.085553,77.027354,2024-10-06,7,8,6,11.7,anytime,0,inactive
D05950,Swathi Krishnan,18,M,B+,Saibaba Colony,10.995717,76.926399,2026-08-30,5,9,4,57.0,weekdays,0,active
D05951,Roja Gowda,18,M,B+,Vadavalli,11.051216,76.906759,2024-07-13,5,8,2,83.1,anytime,1,active
D05952,Ganesh Menon,36,F,O-,Coimbatore Central,11.014752,76.95403,2025-08-04,2,5,2,64.8,anytime,1,active
D05953,Pooja Sharma,21,F,B+,Podanur,10.924062,76.950479,2026-05-28,4,6,3,5.0,anytime,1,active
D05954,Sandhya Iyer,40,F,B+,Vadavalli,11.028647,76.888454,2025-08-17,7,8,5,93.3,weekends,0,inactive
D05955,Manoj Sharma,32,F,A+,Peelamedu,11.017443,77.047359,2025-08-09,2,6,6,23.5,emergency_only,1,inactive
D05956,Lakshmi Moorthy,53,M,A+,Peelamedu,11.013337,77.042553,2025-11-22,4,6,2,26.9,weekdays,1,active
D05957,Divya Nair,33,F,B-,Vadavalli,11.026844,76.914547,2024-12-29,7,11,9,11.0,anytime,1,inactive
D05958,Revathi Subramani,34,M,O-,Kalapatti,11.06238,77.02429,2025-02-15,5,7,4,58.3,emergency_only,1,active
D05959,Roja Nair,23,F,O-,Gandhipuram,11.02704,76.982406,2024-10-24,3,7,2,76.1,anytime,0,active
D05960,Anitha Krishnan,38,M,A+,Singanallur,10.97375,77.042592,2026-08-01,4,8,2,5.0,anytime,1,active
D05961,Revathi Nair,36,F,B+,Peelamedu,11.005607,77.034693,2025-08-02,5,9,6,53.5,emergency_only,0,active
D05962,Swathi Balan,35,F,O+,Podanur,10.932533,76.993914,2025-11-05,2,3,0,22.7,weekdays,1,active
D05963,Bhavani Rajan,31,F,O+,Saibaba Colony,10.995138,76.965195,2026-02-23,7,9,7,79.0,weekends,1,active
D05964,Ganesh Rajan,33,F,A+,Ukkadam,11.003498,76.975025,2025-03-08,4,7,2,48.4,emergency_only,0,active
D05965,Priya Iyer,40,M,O+,Podanur,10.941223,76.957908,2026-05-07,4,5,3,65.0,anytime,1,active
D05966,Arjun Pillai,29,F,O-,Vadavalli,11.051901,76.893772,2024-04-24,6,10,2,37.7,weekends,1,active
D05967,Senthil Krishnan,32,M,O-,Podanur,10.951179,76.940686,2024-05-03,4,9,6,14.4,emergency_only,1,active
D05968,Bhavani Subramani,26,M,O+,Podanur,10.925313,76.993764,2024-12-26,6,7,3,44.1,weekends,0,active
D05969,Manoj Rajan,33,F,O+,Peelamedu,11.031731,77.020734,2025-12-20,8,12,4,75.0,weekends,1,active
D05970,Muthu Sharma,26,M,O+,Ukkadam,10.992982,76.972342,2025-08-25,3,5,5,37.9,anytime,0,inactive
D05971,Sathish Balan,29,M,A+,Ukkadam,10.965978,76.988555,2024-04-24,2,5,0,40.8,emergency_only,1,active
D05972,Roja Gowda,43,F,O-,Podanur,10.932012,76.937133,2024-06-02,7,9,4,46.1,weekdays,1,inactive
D05973,Geetha Chandran,46,F,O+,Gandhipuram,11.002156,76.9671,2025-01-12,4,6,3,43.2,anytime,1,active
D05974,Vijay Krishnan,31,F,A+,RS Puram,11.003292,76.955784,2025-03-30,6,11,6,46.6,weekdays,1,active
D05975,Geetha Sharma,33,M,B+,Kalapatti,11.044127,77.018945,2025-09-18,5,7,2,55.8,emergency_only,1,active
D05976,Nithya Krishnan,37,M,B+,Vadavalli,11.048995,76.917692,2024-10-10,2,4,1,56.8,anytime,1,active
D05977,Ramesh Nair,43,M,O+,Saibaba Colony,11.036457,76.964201,2025-12-10,4,7,4,34.2,weekends,1,active
D05978,Ramesh Menon,20,M,O+,RS Puram,11.001781,76.949621,2025-07-01,4,9,8,16.6,anytime,1,active
D05979,Arun Kumar,42,F,O+,Singanallur,10.9858,77.034658,2026-06-14,5,7,2,64.4,weekdays,1,active
D05980,Bhavani Reddy,20,M,A+,Gandhipuram,11.015529,76.979194,2026-06-21,7,10,3,7.4,anytime,0,active
D05981,Senthil Sharma,43,F,A+,Gandhipuram,11.027434,76.959216,2026-06-24,3,7,2,65.7,anytime,1,active
D05982,Divya Rajan,34,Other,A+,Peelamedu,11.036283,76.997776,2025-11-06,5,8,7,34.4,emergency_only,1,active
D05983,Senthil Sharma,27,F,A+,Gandhipuram,11.027016,76.942641,2026-06-24,3,7,6,25.8,weekdays,1,active
D05984,Sandhya Chandran,31,F,A-,Saibaba Colony,11.00435,76.932241,2025-06-02,4,6,2,5.0,emergency_only,1,active
D05985,Vijay Menon,18,M,O+,Podanur,10.977537,76.95907,2026-03-17,3,7,4,12.2,weekends,1,inactive
D05986,Sathish Raj,33,M,O+,Coimbatore Central,11.009503,76.949881,2026-02-04,3,6,0,66.2,weekends,1,inactive
D05987,Vikram Subramani,21,M,O+,Coimbatore Central,10.988397,76.942307,2026-06-24,8,10,2,62.6,anytime,0,active
D05988,Senthil Iyer,36,F,A+,Singanallur,11.000879,77.057635,2026-04-21,2,3,3,17.6,weekends,1,active
D05989,Dinesh Raj,29,M,O+,Coimbatore Central,10.988074,76.938889,2024-09-21,1,6,5,43.4,emergency_only,1,active
D05990,Meena Rajan,26,F,O+,RS Puram,10.9874,76.946725,2025-09-05,2,3,2,15.1,weekends,0,active
D05991,Naveen Krishnan,32,F,O+,Coimbatore Central,11.00239,76.984805,2024-05-26,3,3,1,30.6,anytime,0,active
D05992,Sandhya Pillai,36,M,O+,Coimbatore Central,11.016286,76.954839,2025-09-03,4,6,0,54.3,weekends,1,active
D05993,Sathish Krishnan,29,M,A+,Coimbatore Central,11.020882,76.945158,2025-05-01,1,5,2,27.8,weekends,1,active
D05994,Anitha Raj,35,M,O+,Coimbatore Central,11.01968,76.942342,2026-03-21,1,3,3,23.0,anytime,1,active
D05995,Ganesh Subramani,37,M,O+,Singanallur,10.990036,77.050976,2026-05-09,6,7,2,65.6,anytime,0,active
D05996,Geetha Rajan,43,M,O+,Saibaba Colony,11.045647,76.955053,2024-06-18,5,9,5,28.0,anytime,0,active
D05997,Karthik Menon,27,F,B+,Coimbatore Central,10.999278,76.973463,2024-05-03,3,8,8,30.9,anytime,0,active
D05998,Ganesh Rajan,19,M,O-,Coimbatore Central,10.988644,76.936481,,0,0,0,65.9,emergency_only,0,active
D05999,Ganesh Kumar,22,F,A+,Singanallur,11.009219,77.041792,2025-06-15,5,6,4,47.7,anytime,0,active
D06000,Sathish Reddy,35,F,A+,Saibaba Colony,10.99928,76.96583,2024-05-07,1,1,0,40.6,emergency_only,0,active
